<author lang="en">
	<documents>
		<document><![CDATA[@zerohedge absolutely, esp given that UC Berkeley actively promotes the violence]]></document>
		<document><![CDATA[@DRUDGE_REPORT @washingtonpost WAPO has really gone down into the dredges]]></document>
		<document><![CDATA[@Budweiser is going to release Super Bowl ad on immigration; idiots]]></document>
		<document><![CDATA[@HeyTammyBruce look at how complacent the media is reporting their stupidity but then go 🦇 crazy when they report something on POTUS]]></document>
		<document><![CDATA[@SenSchumer @BrianWilsonDC @KenCuccinelli Looks like Cuccinelli called it this morning on the things Schumer would say about SCOTUS nominee]]></document>
		<document><![CDATA[@Forbes that's actually good in my book... screws the corner drug dealers.]]></document>
		<document><![CDATA[@kathrynlopez @DLoesch they are certifiably insane.]]></document>
		<document><![CDATA[@WhiteHouse great choice! Congrats!]]></document>
		<document><![CDATA[@jackaych49 basic argument is that they hate him because #POTUS picked him. That's what they seem to fall back on every time]]></document>
		<document><![CDATA[@gsojudy blame the media]]></document>
		<document><![CDATA[@no_sjw it's surreal watching them go absolutely bat shit crazy over every single word that comes out of #POTUS mouth]]></document>
		<document><![CDATA[@AshLeeStrong @DanaPerino @SpeakerRyan Unfort. it's aimed at corp u will fall into same trap as always, GOP is pro corp/anti-blu collar]]></document>
		<document><![CDATA[@zerohedge you think... duh!  Same silent majority who voted #Trump... they need to become un-silent soon.]]></document>
		<document><![CDATA[@Pull0utKing @RonColeman @HeyTammyBruce @nytimes "newly implemented procedures"... exact same thing.]]></document>
		<document><![CDATA[@realDonaldTrump what is Mitch doing? Is he at work?]]></document>
		<document><![CDATA[@realDonaldTrump don't give in... they are set on screwing you no matter what you say or do. This is the "system" working against you.]]></document>
		<document><![CDATA[@Pull0utKing @RonColeman @HeyTammyBruce @nytimes so Obama is allowed to ban as long as he doesn't reach some magical number?]]></document>
		<document><![CDATA[@DRUDGE_REPORT @Reuters the shear stupidity of these objections is beyond me. There's an effort to so undermine POTUS that he can't govern.]]></document>
		<document><![CDATA[@Pull0utKing @RonColeman @HeyTammyBruce @nytimes those "beliefs" were somehow absent when their fav party was in charge. Spare me...]]></document>
		<document><![CDATA[@RonColeman @HeyTammyBruce @nytimes Dems and the media are trying very hard to delegitimize POTUS but will fail.]]></document>
		<document><![CDATA[@RonColeman @HeyTammyBruce @nytimes It's called showboating... pathetic.]]></document>
		<document><![CDATA[@LarryOConnor @weeklystandard nothing ever works smoothly with Govt. No matter how much coordination]]></document>
		<document><![CDATA[@LarryOConnor @weeklystandard Obama care was in the works for months and yet it was a crap show when it came out...]]></document>
		<document><![CDATA[@DRUDGE_REPORT weird... haven't seen a VW on the road in a while. Who's buying?]]></document>
		<document><![CDATA[@DRUDGE_REPORT @PageSix  because you're going to attract all those conservatives with your anti-Trump fake news.]]></document>
		<document><![CDATA[@JDVance1 @amandacarpenter it's targeted, 7 countries; smart, it's obvious we need a vetting system; legal, why isn't it?]]></document>
		<document><![CDATA[@dbongino if this is a Muslim ban, we forgot about Saudi Arabia, Pakistan, India, Indonesia... 😂]]></document>
		<document><![CDATA[Attorneys ❤️ these airport protests. They see easy 💰.]]></document>
		<document><![CDATA[@michellemalkin @MMFlint these are orchestrated protests by same groups that lost election!  They're insignificant.]]></document>
		<document><![CDATA[@michellemalkin @MMFlint Moore is that old, fat, nasty dictator that just won't go away.]]></document>
		<document><![CDATA[@realDonaldTrump @nytimes CNN would fold too if every Govt office wasn't "required" to have a TV with channel tuned to CNN]]></document>
		<document><![CDATA[@TheAtlNews that kind of happens when you're the POTUS senior advisor. Obama did same...]]></document>
		<document><![CDATA[The insignificant fake rage is amplified ten fold by a liberal media. How do we respond?]]></document>
		<document><![CDATA[@joshrogin not necessarily equal status, he just gets to raise his hand and talk at the big boys table.]]></document>
		<document><![CDATA[@mitchellvii @DineshDSouza they're special...]]></document>
		<document><![CDATA[@PoliticalShort @pspoole we have fake news and now fake outrage... hilarious 😂]]></document>
		<document><![CDATA[@dbongino @michaeldickson why I laugh my butt off when they balk at the thought of more strict vetting.]]></document>
		<document><![CDATA[@MissLizzyNJ best question posed this week. Thanks!]]></document>
		<document><![CDATA[@dbongino @BreitbartNews classic... can't wait to get lib reactions.]]></document>
		<document><![CDATA[@MAJTOURE notice how dems hate executive orders now?]]></document>
		<document><![CDATA[@KellyannePolls @thehill it's beyond ridiculous. Media is delusional.]]></document>
		<document><![CDATA[@LouDobbs @POTUS especially since they made it a point to demand the same level of respect for former POTUS Obama]]></document>
		<document><![CDATA[@LarryOConnor @weeklystandard Yes... here's title and link: A New Order of the Ages https://t.co/kkJWTEHB2o]]></document>
		<document><![CDATA[The hiring freeze is actually not that bad, it only lasts 90-days and there are loopholes for Agency heads to fill essential positions]]></document>
		<document><![CDATA[@rpowerscat @ThePatriot143 Yes. He did a great job!]]></document>
		<document><![CDATA[@KellyannePolls @PressSec @TheRightScoop Yes... that was a pretty good job today. Congrats!]]></document>
		<document><![CDATA[@jpodhoretz @JVLast @weeklystandard Even more exasperating than that press conference is media's constant obsession w/anything anti-Trump]]></document>
		<document><![CDATA[Skywriter scrawls ‘Trump’ across Sydney sky during #WomensMarch https://t.co/P2sDfZtgbt]]></document>
		<document><![CDATA[@BrianWilsonDC @CIA @realDonaldTrump there's a huge difference between career and politicals across Govt]]></document>
		<document><![CDATA[Brett Baer at Pentagon City Costco https://t.co/rDHgFGfHMg]]></document>
		<document><![CDATA[@GOPJarhead @ZekeJMiller Original tweet went viral &amp; ppl don't verify. As pro, he should have made sure it was accurate to begin with.]]></document>
		<document><![CDATA[@ZekeJMiller lame attempt to create controversy.]]></document>
		<document><![CDATA[@HeyTammyBruce @ABC What a bunch of morons... how do you fact check a speech focused on shaping the future.]]></document>
		<document><![CDATA[@DebraMessing @CNN don't get it... are you saying you fucked them... one or both?  Why would you tell everyone that?]]></document>
		<document><![CDATA[@vmilife @vmialumni $150k but living in D.C. so that makes me poor... 😞]]></document>
		<document><![CDATA[@oreillyfactor they are lunatics... they don't realize that they're the real nazis.]]></document>
		<document><![CDATA[@BrianWilsonDC @TwitchyTeam yes he was]]></document>
		<document><![CDATA[Heading to inauguration... 🤗 https://t.co/97B07mKYJT]]></document>
		<document><![CDATA[@jaketapper @NYDailyNews Hastert should be grateful someone doesn't take him out back and beat him to death.]]></document>
		<document><![CDATA[@LarryOConnor @CharlesHurt @WashTimes Awesome read.  Thanks for sharing!]]></document>
		<document><![CDATA[Luv how lib logic makes this the most factual news of year! | Zero Hedge https://t.co/nV4sCQGWiJ]]></document>
		<document><![CDATA[@DLoesch oh... it's going to go on forever. Well into post-presidency. And the main stream media will love it.]]></document>
		<document><![CDATA[@IngrahamAngle that's a stretch... even for him.]]></document>
		<document><![CDATA[@transition2017 @nikkihaley More so rebuilds confidence in the UN as a fair/honest broker. Not just an entity intent on pushing an agenda.]]></document>
		<document><![CDATA[@realDonaldTrump tell it how it is!]]></document>
		<document><![CDATA[@DineshDSouza it's pathetic...]]></document>
		<document><![CDATA[@zerohedge #mightbeontosomething]]></document>
		<document><![CDATA[@DanaPerino @7eleven between heavy luggage and big gulps... smh]]></document>
		<document><![CDATA[@michellemalkin @shomaristone Here come the crazies...]]></document>
		<document><![CDATA[@realDonaldTrump You obviously didn't apply the liberal interpretation of facts and truth to his statement... /s/]]></document>
		<document><![CDATA[Seriously?  Are you going to retweet everything Lewis says... @WhiteHouse]]></document>
		<document><![CDATA[@repjohnlewis @WhiteHouse too bad his ideas and approach didn't rub off on you a little more...]]></document>
		<document><![CDATA[Blog: Sorry, but I do not concede absolute moral authority to John Lewis https://t.co/gd2CPE8gx4]]></document>
		<document><![CDATA[@marklevinshow honestly is he a civil rights icon?  Has thrived under the shadow of MLK...]]></document>
		<document><![CDATA[@DRUDGE_REPORT @politico need to add another governorship to the R side.]]></document>
		<document><![CDATA[@DRUDGE_REPORT this is getting beyond ridiculous.]]></document>
		<document><![CDATA[@HeyTammyBruce @FreeBeacon that's rich]]></document>
		<document><![CDATA[@transition2017 @washingtonpost Rubio qualifies as the dumbass of the year.]]></document>
		<document><![CDATA[Always chill... https://t.co/cj0SCARzLf]]></document>
		<document><![CDATA[@DRUDGE_REPORT @DailyCaller it should be a straight up beat down fest for these fools.]]></document>
		<document><![CDATA[@zerohedge can't stand that the conservative approach is to try and appease liberals by convincing they're not so bad... weak.]]></document>
		<document><![CDATA[@HeyTammyBruce @THRMattBelloni @THR It's called a lack of courage and principals.]]></document>
		<document><![CDATA[@realDonaldTrump Congressman Lewis is a complete moron. A fraud who's repeatedly elected under shady circumstances--lies and deceit.]]></document>
		<document><![CDATA[@RandyEBarnett @HeyTammyBruce @dcexaminer Unless you're a conservative, then it's ok to fire you right?]]></document>
		<document><![CDATA[Trump conducts sting operation to ensnare intelligence briefers https://t.co/OUdaz0zm9x via @MailOnline]]></document>
		<document><![CDATA[@marklevinshow Lied and ridiculously blatant contradictions...]]></document>
		<document><![CDATA[Intel community will find themselves in death spiral if they keep playing politics | Zero Hedge https://t.co/shFtfTnOyx]]></document>
		<document><![CDATA[Tread at your own peril intel community... you are not immune to American people's wrath! [VIDEO] https://t.co/hT6GQybKKq via @dailycaller]]></document>
		<document><![CDATA[@DLoesch @NBCNightlyNews @NBCNews the pure definition of fake news.]]></document>
		<document><![CDATA[@StvBurns @wmalnews about time!]]></document>
		<document><![CDATA[GM Lied About Where Chevrolet Cruze Sedans Sold In The USA Are Assembled | Zero Hedge https://t.co/2HUIKFl9Ph]]></document>
		<document><![CDATA[@davidharsanyi @DLoesch @cbs46 talk about thin skinned #Hollywood]]></document>
		<document><![CDATA[@SantelliRants awesome job on #meetthepress]]></document>
		<document><![CDATA[@realBissell2 why jail... I enjoy watching them swine when you confront their lies with facts...]]></document>
		<document><![CDATA[@realDonaldTrump @MeetThePress @chucktodd When Need to stop patronizing the dishonest media.]]></document>
		<document><![CDATA[@zerohedge $$$ that could be better spend elsewhere...]]></document>
		<document><![CDATA[@realDonaldTrump Thank You!  People are stuck in this Cold War mentality that they absolutely have to be our enemies.]]></document>
		<document><![CDATA[Wonder how much they'll charge in the event of a catastrophe |  https://t.co/o9Ez8BQWiz]]></document>
		<document><![CDATA[@Stratfor read the report. Pretty broad and inconclusive. They're not helping themselves....]]></document>
		<document><![CDATA[“USAID Exit Memo: On the Front Lines of Today’s Greatest Global Challenges” by @USAID https://t.co/bUO3tZPbde]]></document>
	</documents>
</author>