<author lang="en">
	<documents>
		<document><![CDATA[@LanceStorm I actually wouldn't mind seeing women referees.  I remember Jacqueline did it.]]></document>
		<document><![CDATA[@robcesternino just noticed you got verified.  Congrats]]></document>
		<document><![CDATA[@roya_kalantar @Neda_Kalantar when the hell did this happen?]]></document>
		<document><![CDATA[@LanceStorm I don't mind who won I just didn't like the finish. Cena gets a styles clash and then gets up and gives 2 AA's like that?]]></document>
		<document><![CDATA[Damn I thought it would be hilarious if Enzo was #2 and attacks Big Cass #royalrumble]]></document>
		<document><![CDATA[Wow so John Cena gets a styles clash and gets up and delivers 2 AA? #wwechampionship #royalrumble]]></document>
		<document><![CDATA[It's a heel night aside from 6 woman match #RoyalRumble]]></document>
		<document><![CDATA[#RoyalRumble fans.... So will the crowd riot if Cena wins title and later on Randy Orton is in the final 2 and potentially win?]]></document>
		<document><![CDATA[#RoyalRumble time b*tches! #royalrumble2017]]></document>
		<document><![CDATA[@alsopeterbrown just read Randy Orton is favored to win the #RoyalRamble 👎]]></document>
		<document><![CDATA[I think it's time to change the Central Division goalie, no? #NHLAllStar #NHLAllStarWeekend]]></document>
		<document><![CDATA[@ArdaOcalTV will Kyle Edwards ever see the light of day again?]]></document>
		<document><![CDATA[@alsopeterbrown why did you guys evict @BurmanAJ ?  That one I never understood #BellLetsTalk]]></document>
		<document><![CDATA[Yay episode 4 of #fullerhouse is a #halloween episode! #BellLetsTalk]]></document>
		<document><![CDATA[@alsopeterbrown I thought CM Punk would be the mascot for it lol #BellLetsTalk]]></document>
		<document><![CDATA[@alsopeterbrown aside from your season which was your favorite #bbcan season in terms of players, twists and overall gameplay #BellLetsTalk]]></document>
		<document><![CDATA[@alsopeterbrown who would you like to see won the #RoyalRumbleMatch this Sunday? #BellLetsTalk]]></document>
		<document><![CDATA[@alsopeterbrown have you worked in the industry Wrestling scene outside of BC?  Any plans on managing in Toronto? #BellLetsTalk]]></document>
		<document><![CDATA[A #southwestairlines commercial I was in #BellLetsTalk https://t.co/5f9LM9E2KI]]></document>
		<document><![CDATA[Gonna finally start watching season 2 of #fullerhouse #BellLetsTalk]]></document>
		<document><![CDATA[I'm on the #BellLetsTalk game.]]></document>
		<document><![CDATA[So exhausted from today's workout... #BellLetsTalk]]></document>
		<document><![CDATA[Wake up Canada it's #BellLetsTalk day! #BBCAN5]]></document>
		<document><![CDATA[@LanceStorm not sure if it's been asked but why does @KillingTheTown graphic show the Toronto skyline?]]></document>
		<document><![CDATA[@TeamYouTube thank you. I've tried multiple videos from different channels and same issue.  It's hard to workout with this problem.]]></document>
		<document><![CDATA[@YouTube and @TeamYouTube this has been happening since yesterday.  Tried different browsers.  Works fine in phone… https://t.co/KvoR2Ole0z]]></document>
		<document><![CDATA[@ZackRyder what kind of beard oil do you recommend?]]></document>
		<document><![CDATA[@WWETheBigShow @SHAQ I can't believe I'm saying this but I need Big Shows diet and workout plan.]]></document>
		<document><![CDATA[@Netflixhelps but Fuller House is a Netflix Original, no? Don't you guys own it? I wish it was downloadable to watch on TV instead of comp.]]></document>
		<document><![CDATA[Hey @Netflixhelps how come we can't download episodes of Fuller House?  It's a Netflix Original.]]></document>
		<document><![CDATA[@arisacox shouldn't they want to do that after the cold is over?]]></document>
		<document><![CDATA[@ZackRyder will you turn on @MojoRawleyWWE and reform with @TheCurtHawkins ?]]></document>
		<document><![CDATA[@RandyOrton any plans on getting leg or chest tattoos?]]></document>
		<document><![CDATA[@LanceStorm would your opinion of Russo change you won the World Title?]]></document>
		<document><![CDATA[@ryan_connolly watched last Monday's episode.  This Tales from the Crypt episode the main character was the audience https://t.co/8MQWD7xzcG]]></document>
		<document><![CDATA[The Beast from the Middle East https://t.co/ahhqvlwzLU]]></document>
		<document><![CDATA[@MattCarterMedia @kunalnayyar did they ever do anything with the cleaning lady storyline?]]></document>
		<document><![CDATA[#christmas is officially over 😔]]></document>
		<document><![CDATA[#merrychristmas here is a Christmas card I made @TipsyElves https://t.co/1UJxpDR8LB]]></document>
		<document><![CDATA[@ZackRyder does your diet change when you can't workout or wrestle?]]></document>
		<document><![CDATA[@ZackRyder did you ever take a selfie with Bradley Cooper when be hosted RAW?]]></document>
		<document><![CDATA[I really hate the way @instagram does the likes now.  I want to see the full list #instagram #instagramupdate #worldsproblems]]></document>
		<document><![CDATA[Clark Griswold wearing an @IAmJericho #JerichoChristmasSweater in #ChristmasVacation  #UglySweaterParty https://t.co/PzkHyhzDDb]]></document>
		<document><![CDATA[@SpikeInkMaster why aren't they doing more Christmas or New Years pecials? Those were my favorite.  Even Halloween.]]></document>
		<document><![CDATA[@SpikeInkMaster @JasonClayDunn first time I felt the right person won despite going in didn't think he would.  Met the challenge.]]></document>
		<document><![CDATA[@SpikeInkMaster definitely NOT the first four #InkMaster champions... Shane was the first.]]></document>
		<document><![CDATA[@HEELZiggler which Christmas sweater should I get? Yours or Chris Jericho? #asktheheel]]></document>
		<document><![CDATA[Yay @CalebReynolds gets a second chance. #survivorfinale #Survivor #SurvivorMillennialsVsGenX]]></document>
		<document><![CDATA[This was so anticlimactic... #Survivor #survivorfinale #SurvivorMillennialsVsGenX]]></document>
		<document><![CDATA[David definitely needs to grow that beard back... #Survivor #SurvivorMillennialsVsGenX #survivorfinale]]></document>
		<document><![CDATA[So is it 2 GenX and 2 Millennials in the final 4? #Survivor #SurvivorMillennialsVsGenX #survivorfinale]]></document>
		<document><![CDATA[So Brett gets voted out since he seems to be scheming &amp; it's the season of blindsides #SurvivorMillennialsVsGenX #survivorfinale #Survivor]]></document>
		<document><![CDATA[So how is it #survivorfinale when it's final 6? Is this BBUK? #SurvivorMillennialsVsGenX #survivor]]></document>
		<document><![CDATA[@RealDennisLong I thought that guy would be first or 2nd eliminated #SurvivorMillennialsVsGenX #survivorfinale]]></document>
		<document><![CDATA[#ripalanthicke  😔]]></document>
		<document><![CDATA[@ryan_connolly this is interesting someone well known I also follow posted the same thing https://t.co/zpBW0sTbkX]]></document>
		<document><![CDATA[Created a #Christmas #WinterWonderland https://t.co/JdSBwdSHHF]]></document>
		<document><![CDATA[Went to the #NorthPole and met 2 little friends #Christmas #HappyHolidays #merrychristmas https://t.co/7EOEdIoKeS]]></document>
		<document><![CDATA[@arisacox yes but for the record Canada did it first lol 😉]]></document>
		<document><![CDATA[@arisacox wow I actually didn't realize that in BBCAN and BBUS a duck was stolen.]]></document>
		<document><![CDATA[@DaveNavarro @SoundCloud just listening to it and glad to hear your side of it.  Was valid but wish they get rid of fans voting.]]></document>
		<document><![CDATA[#tbt @TipsyElves #uglysweater #uglychristmassweater https://t.co/G4Lv4sGIK6]]></document>
		<document><![CDATA[I'm guessing David is going home since hes masterminding this abs this is the season of blindsides. #SurvivorMillennialsVsGenX]]></document>
		<document><![CDATA[Will was kind of annoying.  It was obvious David wasnt gonna go since it's the season of blindsides #SurvivorMillennialsVsGenX]]></document>
		<document><![CDATA[Why is immunity so early? Double elimination? #SurvivorMillennialsVsGenX]]></document>
		<document><![CDATA[So we really aren't gonna see @kellydotytattoo final chest tattoo?  #inkmaster #inklive]]></document>
		<document><![CDATA[@JasonClayDunn @SpikeInkMaster please note America voted for Kelly to get new school and Gian get Japanese and Ryan get black and grey]]></document>
		<document><![CDATA[@ChristiaNation_ @SpikeInkMaster America have her New School and gave Gian Japanese and Ryan black and grey.]]></document>
		<document><![CDATA[@_MariaRP_ that's what im saying. Gian had no choice America have him Japanese and have Kelly New School]]></document>
		<document><![CDATA[So.... Then America screwed Kelly because didn't they give her New School, Gian got Japanese and Ryan for Fine Line? #inkmaster #inklive]]></document>
		<document><![CDATA[Are they really gonna eliminate someone before showing their chest piece tattoo?  Idiots #inkmaster #inklive]]></document>
		<document><![CDATA[@ChristiaNation_  and ink master twitter account only posted Ryan's.]]></document>
		<document><![CDATA[Sadly I don't think Gian will make it with that 7 hour tattoo #inkmastet #inklive]]></document>
		<document><![CDATA[So nobody is gonna say anything about Kevin's whatever that thing is? #inkmaster #inklive]]></document>
		<document><![CDATA[Why would Navarro decide to do this?  #inkmaster #inklive]]></document>
		<document><![CDATA[Regardless of how I feel about this season I'm always excited about #inkmaster finale #inklive]]></document>
		<document><![CDATA[My heart always sinks when I read this 😔 https://t.co/fF4NaeiQWk]]></document>
		<document><![CDATA[Russo Booking 101... James Ellsworth turns on Ambrose #wwetlc]]></document>
		<document><![CDATA[@Netflixhelps so will it guarantee that some of these movies will come before Christmas is over?]]></document>
		<document><![CDATA[Any chance @Netflix_CA @Netflixhelps give us our money's worth and have more holiday movies like Christmas Vacation, etc? #netflix #movies]]></document>
		<document><![CDATA[@MattCarterMedia any news on Beyond The Tank? I loved that show.]]></document>
		<document><![CDATA[Question: what ever happened to the sun? #toronto #yyz #6ix]]></document>
		<document><![CDATA[@RealMickFoley not sure if any1 asked but I realized after watching #HolyFoley did u ever consider naming Michael 'Louie' after Duck Tales?]]></document>
		<document><![CDATA[When every week the other side is targeting Hannah is there a point using an idol on her? #SurvivorMillennialsVsGenX #survivor]]></document>
		<document><![CDATA[Isn't it weird how Dean Ambrose talks to James Ellsworth like a kid when Ambrose is actually a year younger? #ambroseasylum #SDLive #wwe]]></document>
		<document><![CDATA[@RealMickFoley you and @StephMcMahon had all week to address the @IAmJericho situation and you're emailing her now??? #RAWcharlotte]]></document>
		<document><![CDATA[Give them a break @RealDennisLong ... Maybe @Netflix_CA is still recovering from their Halloween Favorites #sarcasm]]></document>
		<document><![CDATA[Like any reality show the person I can't stand at 1st is the person I root for after.. go Zeke! #survivormillenialsvsGenX]]></document>
		<document><![CDATA[That would be hilarious if Jay doesn't use hidden immunity idol #survivormillenialsvsGenX]]></document>
		<document><![CDATA[@Lionwoman54 but the girl on OTT has Robocop so that one gets covered for copyright reasons.]]></document>
		<document><![CDATA[@Lionwoman54 yeah but maybe this is just a Canadian thibg since Paul and Austin from last season were fine.  Unless they got clearance.]]></document>
		<document><![CDATA[@Lionwoman54 Big Brother Canada puts tape on their HG's tattoos last season. Even OTT I don't watch but one has it covered.]]></document>
		<document><![CDATA[@Lionwoman54 it's something done recently.  I work on film sets and if anyone has a tattoo needs to get clearance from their artists]]></document>
		<document><![CDATA[I always wondered how #survivor can get away with tattoos but Big Brother has to cover them up? #survivormillenialsvsGenX]]></document>
		<document><![CDATA[@joeyhamiltontat @SpikeInkMaster nah nothing beats last season when all the guys were crying and @Jesse__Smith &amp; @Antmikes went head 2 head]]></document>
		<document><![CDATA[I'm guessing worst tattoo on each team go head to head. #inkmaster #tattoosday]]></document>
		<document><![CDATA[How is it that @realellsworth has some kick ass entrance music and cool Titan Tron graphic? #SDLive]]></document>
		<document><![CDATA[If it's no DQ then how can Jericho and Reigns be banned? #UniversalChampionship #RAW]]></document>
		<document><![CDATA[@wnwdotcom I was in attendance and the live crowd was pissed.  A lot of people were leaving pissed off.]]></document>
		<document><![CDATA[@alsopeterbrown I was there live and I'm pisses off #SurvivorSeries]]></document>
	</documents>
</author>