<author lang="en">
	<documents>
		<document><![CDATA[@juhasaarinen I only wear a suit when I visit my hairdresser lol]]></document>
		<document><![CDATA[@juhasaarinen frigid temperatures make better policy frameworks?]]></document>
		<document><![CDATA[@juhasaarinen putting the fire on tonight with 12 degree low forecast for #Wellington. :(]]></document>
		<document><![CDATA[@_Nathan_W_ nice one! No regrets around summer weather then?]]></document>
		<document><![CDATA[@JustinFlitter No alien is ever going to say "take me to your manager"]]></document>
		<document><![CDATA[@brenakiwi I'd go for train chasing + sunset? Re photo ops]]></document>
		<document><![CDATA[@wendypooh Ah - "box of reds" - recalling that dreadful book club Lion Red advert!]]></document>
		<document><![CDATA[@wendypooh And I thought Upper Hutt was lining up to be a craft beer haven...#sobs]]></document>
		<document><![CDATA[Hipster sour match for sunny Wellington evening - @FunkEstate Soul Slap passion fruit sour ale #yums https://t.co/QvGKvqJoUL]]></document>
		<document><![CDATA[What does "Maybe" actually mean? #confused]]></document>
		<document><![CDATA[@keyhitman @sydneydrupal Gosh... hope talk goes well. Understand though]]></document>
		<document><![CDATA[@brenakiwi @500px Cool. Just d/l the app - keen to see it]]></document>
		<document><![CDATA[@brenakiwi Compression is a bit like caching - it is and isn't your friend!]]></document>
		<document><![CDATA[@keyhitman @sydneydrupal Was just talking about gov-cms /a -gov this morning. Shame I'm not in Sydney today! Any ch… https://t.co/E7ytsGzzqZ]]></document>
		<document><![CDATA[@brenakiwi ♥️♥️♥️♥️♥️ epic mood, texture and tonal range.
Could be my desktop image any day]]></document>
		<document><![CDATA[Interestingly - the logo for metrification back in 1977 looks a lot like a mobile menu hamburger… https://t.co/Q0XJIb555Z]]></document>
		<document><![CDATA[It's 2017, 40 years since metric measurements were adopted. What does 160km/h actually mean? #WeatherBomb]]></document>
		<document><![CDATA[Epic #bodypump100 class at @LesMillsWgtn - just at kickoff 12:01am this morning https://t.co/m5HqfBqZEu]]></document>
		<document><![CDATA[quite blue... crispy clean atmosphere today https://t.co/5CNeHcnJeT]]></document>
		<document><![CDATA[Cut out out windows in front 2nd steam loco cab today - hard yakka... https://t.co/pR0W2OB3EK https://t.co/qARTYkQMwU]]></document>
		<document><![CDATA[Spied a fly on cake.
Solution - cut sides off cake, re-wrap, don't tell no one.
Wrong?]]></document>
		<document><![CDATA[Wrong on so many levels https://t.co/PvJVsGL9A7]]></document>
		<document><![CDATA[January three
Waiting for the rain to stop
It's always this way]]></document>
		<document><![CDATA[Dock! #lowerhutt https://t.co/8YWIcvPpB1]]></document>
		<document><![CDATA[Makara panorama earlier today. The best of things right on Wellington's doorstep https://t.co/3viVquI5Ac]]></document>
		<document><![CDATA[Cheese that was out on Xmas day is still good right?]]></document>
		<document><![CDATA[Trekka - the first car I drove (off-road!) in *gulp* 1979... https://t.co/9jH2Tm3bdm]]></document>
		<document><![CDATA[@Eliza_Elinor Shrimp goes under the hammer lol https://t.co/mWz0x90lcd]]></document>
		<document><![CDATA[BBQ with toaster. Is that sirens I hear in the distance?]]></document>
		<document><![CDATA[What could possibly go wrong? Defrosting blini - plural https://t.co/r9hDg2fTuP]]></document>
		<document><![CDATA[We're going to have Stephen Joyce for another year.
It'll put New Zealand back a decade]]></document>
		<document><![CDATA[Elected twice - just like #billenglish + witty what goes around quip https://t.co/my6DjADVUc]]></document>
		<document><![CDATA[Loving this train groove on --&gt; Amplifier with Don Luchito https://t.co/yg2wtrNxbs]]></document>
		<document><![CDATA[Not so summery in Kingston(Wellington)Nz https://t.co/cHiMTg4Jjj]]></document>
		<document><![CDATA[That thing where vol=9 is too quiet but vol=10 is a bit loud https://t.co/xM8jAh5Y9m]]></document>
		<document><![CDATA[@DawgBelly curmudgeonly is some kind of pigeon - right?]]></document>
		<document><![CDATA[I'd've gone for the ginger option? https://t.co/7KVMxY21zS]]></document>
		<document><![CDATA[Love that - "French side" of carriages on the L&amp;B https://t.co/B6qKOMr7DP]]></document>
		<document><![CDATA[@DoubleDworks @b2byookay no polar bears or thawing mammoths in the vicinity?]]></document>
		<document><![CDATA[Played back and bingo gain #siri #rpt]]></document>
		<document><![CDATA[Lol - during #itcrowd Renham vs Renham - just before #dampsquid #siri thinks Roy is me!]]></document>
		<document><![CDATA[@cupoteacoast decoupled from reality?!? Think it was a Baldwin too...]]></document>
		<document><![CDATA[@SirWB instructions? That's cheating! #lego @wendypooh]]></document>
		<document><![CDATA[Gotta love those gifs...]]></document>
		<document><![CDATA[We didn't want that... #secretsatan https://t.co/Cf9qFKXIwp]]></document>
		<document><![CDATA[@LesMillsWgtn around 10-12 classes a week - I'll bowl a couple more cards over for sure!]]></document>
		<document><![CDATA[I successfully added an email account on this iPhone. #gah]]></document>
		<document><![CDATA[@metlinkwgtn hmph. I think you may have a public relations problem now instead!]]></document>
		<document><![CDATA[@metlinkwgtn ticket checks with barricades seems quite disruptive at this time - on train checks might be better received?]]></document>
		<document><![CDATA[On to my third https://t.co/db4x5RshzP card! @LesMillsWgtn https://t.co/KnwIMQbEYX]]></document>
		<document><![CDATA[Stephen Joyce stopped short on promising immigrant truck drivers for #eqnz rebuild who also know PHP @NZMorningReport]]></document>
		<document><![CDATA[@GwennRJ that'll put any opening for Queensgate back a ways... #eqnz]]></document>
		<document><![CDATA[Waterloo Road cordoned off by New World for Queensgate quake work(?) #eqnz https://t.co/mOOP8LdEm3]]></document>
		<document><![CDATA[@Eliza_Elinor Johnsonville is up a hill but surrounded by hills so no view - go figure]]></document>
		<document><![CDATA[@Eliza_Elinor #blanking is moar effective imho]]></document>
		<document><![CDATA[Stalking @Eliza_Elinor 's twitter account because I can #notscared]]></document>
		<document><![CDATA[Thank god for @RadioActivefm - great you guys are back on the airwaves!]]></document>
		<document><![CDATA[@brenakiwi you're toast...]]></document>
		<document><![CDATA[Backing up photos and putting drive into go bag. Things you can't replace... #eqnz]]></document>
		<document><![CDATA[@wendypooh cheers for that - was hard to tell what was open from websites - Lower Hutt was shut but no notices!]]></document>
		<document><![CDATA[@wendypooh hey there - just wondering if UHCC main library is open today?]]></document>
		<document><![CDATA[Does anyone have a spare desk in Lower Hutt with power - still out and batteries running low. Trying to work :( #EQNZ]]></document>
		<document><![CDATA[@marcuslush short for Maxi, as in Austin. May or may not be associated with conception?]]></document>
		<document><![CDATA[@metlinkwgtn I couldn't resist a pic of that "low fidelity integration prototype"! Looking forward to the real thing... @TeamSnapper]]></document>
		<document><![CDATA[Finally - integrated ticketing solution for Wellington? @metlinkwgtn  @TeamSnapper https://t.co/8MQwrK2Uy2]]></document>
		<document><![CDATA[Bing thinks "Banjos" is Swedish. That's even sadder #rpt]]></document>
		<document><![CDATA[20 minutes of trouble-shooting an "access denied" in a Drupal 8 breadcrumb. Solution: turn page cache off and on again. #Turnitoffandonagain]]></document>
		<document><![CDATA[Texting your kids when they're home but some place else - yeah, that thing...]]></document>
		<document><![CDATA[New by-line for Wellington: #wherewadebrownwas]]></document>
		<document><![CDATA[Spent the day yesterday marking out and cutting cab front for Baldwin steam loco Wb 299 https://t.co/pR0W2OB3EK https://t.co/969M7bBl8H]]></document>
		<document><![CDATA[Just voted for Sweet Vanilla Kitchen for 2017 NZ Cafe of the year https://t.co/74M1leAbx8 best of luck guys! https://t.co/ougKjQBHr7]]></document>
		<document><![CDATA[No problems with Yahoo email - #justsaying Re: Gmail crashes, US and UK reportedly hardest hit  https://t.co/Zw2lwdIz6e]]></document>
		<document><![CDATA[Observed 10 mins driver at STOP sign Cnr Kings Cres / Pretoria. Only 1 in 4 drivers actually stopped #fail https://t.co/Jn3THIrgq3]]></document>
		<document><![CDATA[Awesome afternoon for a train ride at @rimutakaincline https://t.co/bRJidzdo1s]]></document>
		<document><![CDATA[7:30 Upper Hutt to Wellington train made a stop at Rocky Point to move a seal pup off the tracks. Nice one guys! @metlinkwgtn]]></document>
		<document><![CDATA[@brenakiwi dead-pan delivery is everything...
Anything spesh concrete-wise?]]></document>
		<document><![CDATA[@brenakiwi waiting for concrete to dry is hard]]></document>
		<document><![CDATA[@paulwiggins @iangriffin and IMHO @BeervanaNZ is the end of winter? (To hell with flowers and such-like)]]></document>
		<document><![CDATA[@wiifm perfectly understandable - congrats and enjoy]]></document>
		<document><![CDATA[@MudCycles @ParrotDog I've always been bitterly elated as Matt, Matt, Matt and the toher guy get the hops just right!]]></document>
		<document><![CDATA[@brenakiwi but that's a quad-bike in the background of your avatar? (looked vaguely like cheese)]]></document>
		<document><![CDATA[Ok - did it... Hannah and Muzz at Liquorland Waterloo Friday night tasting @Garage_Project https://t.co/ocAKADPZtA]]></document>
		<document><![CDATA[Yay - off to @Garage_Project tasting at Liquorland Waterloo. Might involve a selfie or two?]]></document>
		<document><![CDATA[@BurgerFuel New Plymouth with Jeff - nom noms]]></document>
		<document><![CDATA[@rbarraud @brenakiwi I can't get that channel lol... #Chomsky]]></document>
		<document><![CDATA[@brenakiwi @rbarraud but - if you're incapable of jumping the time-space continuum you'd have no clue that it'd been corrupted - right?]]></document>
		<document><![CDATA[@brenakiwi are any more bumble bees going to land on royalty? (a must-know question) rpt]]></document>
		<document><![CDATA[@brenakiwi have u been time-traveling again?]]></document>
		<document><![CDATA[But there's no crossing loop between Taita and Waterloo... (2 of 2) https://t.co/4Dnc0vgcwE]]></document>
		<document><![CDATA[When the non-stop train overtakes the stopper (1 of 2) https://t.co/SAw53jY6ke]]></document>
		<document><![CDATA[@szechuan you has a licence to carbonate?
That happened to Hans Solo - use it responsibly!]]></document>
		<document><![CDATA[RT @TeAroBrewing: PBE is getting closer!!This is what we rustled up for our Grapefruit Gulpin' badge.  Plus here is… https://t.co/LSww00KoKX]]></document>
		<document><![CDATA[@thomasbeagle combo library / train room / craft beer bar?]]></document>
		<document><![CDATA[@KeriHenare Grit Car Parking (with Technique)? @LesMills]]></document>
		<document><![CDATA[@yakmoose @publicaddress that'd be *MacBeth* would it not?]]></document>
		<document><![CDATA[Grit's for breakfast at Lambton! I'm normally a lunchtime/evening kinda guy but why not #LesMillsWgtn]]></document>
		<document><![CDATA[Listening to Talking Heads because 80s]]></document>
		<document><![CDATA[@beerlytweeting I'd've opted for the cooked breakfast... bagpipes are a crime against humanity any time of day]]></document>
		<document><![CDATA[@beerlytweeting a world of options open up? Practise the bagpipes by an open window / go for a jog along the waterfront / cook up breakfast?]]></document>
		<document><![CDATA[@brenakiwi tie off onto plastic water containers? 10L 
2-tonne concrete blocks may be overkill...]]></document>
	</documents>
</author>