<author lang="en">
	<documents>
		<document><![CDATA[@AKMessiah @etmattson @SamyStClair @jennmyskowski @AP Looks like someone may not be able to pass  background check.]]></document>
		<document><![CDATA[Looks like senator Fischer needs a visit and a phone call from her constituents. Constituents changed the senator f… https://t.co/5yvgT0E5M4]]></document>
		<document><![CDATA[@TheRickWilson @pampaw327 All of the items tweeted below.]]></document>
		<document><![CDATA[@Pudgydog @JillFilipovic Sadly I agree! Supposed to be shopping for a birthday present, but instead waiting to see if a war has started.]]></document>
		<document><![CDATA[@Pudgydog @JillFilipovic Obama is shaking his head in disgust.]]></document>
		<document><![CDATA[@Pudgydog @JillFilipovic Not my king and I will fight!]]></document>
		<document><![CDATA[@Kentroyals5 @DylanByers guests are breitbart writing staff and Alex Jones? No CNN?]]></document>
		<document><![CDATA[There is just too much fucking shit going on to make any sense out of this administration!]]></document>
		<document><![CDATA[@Spacec4t @RoguePOTUSStaff @DeathOverTrump @DivineKsATX From what I see, his image is also suffering, here &amp; abroad.]]></document>
		<document><![CDATA[Damn! Was hoping it would last longer than 8 hrs. #TrumpLies https://t.co/BqME62mcud]]></document>
		<document><![CDATA[This is a speech from a very imbalanced crazy person. https://t.co/XnN8EJT2Pt]]></document>
		<document><![CDATA[Dove's #AlternativeFacts Campaign Perfectly Trolls The Trump Administration https://t.co/11wsUmsYRK]]></document>
		<document><![CDATA[Trump's Mission Creep Just Took A Great Leap Forward https://t.co/cNnHynhegR]]></document>
		<document><![CDATA[@leahmcelrath @j_Hi_DesertGal Nah too afraid of the protesters.]]></document>
		<document><![CDATA[@ABC Surprising they'd be happy with trump since they just lost one of their own because of trumps bad decision making skills.]]></document>
		<document><![CDATA[@TheMadWriter1 @mommyofariyah21 @trumpregrets Loved it! Boy do you have patience!]]></document>
		<document><![CDATA[@jplumb50 @moonalli They are probably scared like rest of us, but have no one to share their fear with.]]></document>
		<document><![CDATA[British bookmakers swamped with wagers that Trump will be ousted | Newshub https://t.co/P7nRUV1bwV]]></document>
		<document><![CDATA[@annak3333 @NewRepublic @sddphoto Spicer doesn't seem to know either. Must have been educated under Betsy DeVoss Educational system.]]></document>
		<document><![CDATA[Congratulations South Carolina! https://t.co/DBq40qAvf7]]></document>
		<document><![CDATA[@jplumb50 @2B_Painfree @SpeakerRyan We could set up a fund me acct and let him drown it!]]></document>
		<document><![CDATA[@coton_luver @PattiKimble The court date was dec 16. Never heard anymore about it.]]></document>
		<document><![CDATA[@jplumb50 @2B_Painfree @SpeakerRyan I think that would make GOP happy. Otherwise, they'd be against the lab sec too.]]></document>
		<document><![CDATA[@2B_Painfree @jplumb50 @SpeakerRyan That is Bannon's labor pick. Trump just wants the money and glitz. He's a puppet.]]></document>
		<document><![CDATA[@jplumb50 @2B_Painfree @SpeakerRyan Bannon is in charge. He wants to tear everything down and create chaos; labor, immigration, government.]]></document>
		<document><![CDATA[@suchaloser92 @Mariska @anesam98 @NewYorker @TeenVogue @NGKids @washingtonpost @TIME All about choices. Conspiracy theories are not news.]]></document>
		<document><![CDATA[@jplumb50 @moonalli I don't know. I can say that I am no longer getting the reg trump supporters on my tl; the ones that make real arguments]]></document>
		<document><![CDATA[@brianstelter @CNNMoney Oooh @realDonaldTrump Obama was better!]]></document>
		<document><![CDATA[@EricBoehlert Good! Maybe @GOP will see the sickness of the mockery at the Whitehouse and Get their collective heads out of their ass.]]></document>
		<document><![CDATA[@activist360 @endofracism So he is looking to start war with Mexico, Iran and China all for an ego trip. And satisfy Bannons quest for blood]]></document>
		<document><![CDATA[@sbonnin I think we all have to stay mad and awoke. Hopefully he gets impeached before he starts something we can't fix.]]></document>
		<document><![CDATA[@mlanger @lizmcq @ddale8 He probably won't read it unless it mostly says good stuff about him. It's all about him.]]></document>
		<document><![CDATA[@sbonnin These days every minute is a potential panic moment.]]></document>
		<document><![CDATA[@sbonnin The first time I heard it I thought the same thing. Was hoping to soften that particular panic.]]></document>
		<document><![CDATA[@sbonnin @RoguePOTUSStaff That's what it's called if rules change to majority instead of 60 votes.]]></document>
		<document><![CDATA[dems have to be careful; they will lose sotus and could waste filibuster. Focus on devoss &amp; sessions. Hoping next sotus after 2018 elections]]></document>
		<document><![CDATA[Do they study or prepare for anything? Scary stuff when they can't even get this right. Elementary school kids know… https://t.co/6cTMdPYhpu]]></document>
		<document><![CDATA[Coal mining will never come back as it once was; so no new jobs but more pollution. No win for anyone. Ignorant &amp; c… https://t.co/hcW81liQtE]]></document>
		<document><![CDATA[@JebSanford @JasonRobertso12 Senator you are demonstrating very small mindfulness. That quote represents who we are as a country.]]></document>
		<document><![CDATA[@Mariska @anesam98 @NewYorker @TeenVogue @NGKids @washingtonpost @TIME Hmm trump supporters think all media is fake or dem news except fox.]]></document>
		<document><![CDATA[I am disappointed that @MikeLeeforUtah @jasoninthehouse &amp; Oren Hatch voted for Rex. They have 1000s of LDS missiona… https://t.co/ZH2TaA1T5W]]></document>
		<document><![CDATA[Tillerson confirmation vote on cspan2 right now. Esteem voted no.]]></document>
		<document><![CDATA[@GOP get your sons and daughters ready. And it's 1..2..3.. what are we fighting for ... next stop Iran https://t.co/PneC0OZfIZ]]></document>
		<document><![CDATA[Excuse me...you mean in the world, right? https://t.co/5QPMundfke]]></document>
		<document><![CDATA[He knows nothing about listening. https://t.co/pDcEjgc34A]]></document>
		<document><![CDATA[@RoguePOTUSStaff if scotus nom doesn't believe in birth control, is he against vasectomies? Asking for a friend.]]></document>
		<document><![CDATA[@RoguePOTUSStaff @DeathOverTrump @DivineKsATX Sorry to disappoint- but he has not accomplished anything of value. We can't take that away.]]></document>
		<document><![CDATA[@IndiePressWatch Yes! Everyone should read it!]]></document>
		<document><![CDATA[This is the best news I've heard since nov 8. I hope she boycotts all media. If I never see her face again.... https://t.co/VQxagVjwZT]]></document>
		<document><![CDATA[This how I imagined celebrating Black History Month - said no one ever! I have to believe karma will get him. Words… https://t.co/ahTpc0qN6o]]></document>
		<document><![CDATA[He may try, but the hearing this morning with GOP &amp; dems strongly suggest that's not going happen. CSPAN 2/1/2017 https://t.co/Iyw2gciX3D]]></document>
		<document><![CDATA[@HGTomato @coldwomaninmn @Evan_McMullin should have run against @jasoninthehouse instead of prez. He would have won over that crazy mfr.]]></document>
		<document><![CDATA[@jilevin Trump sucks on so many levels. I hope enough people see through him and will fight on behalf of all people. He is not an American.]]></document>
		<document><![CDATA[@chrislhayes Going high assumed most of America cared about doing right by the country. Sadly proved @gop &amp; 1/4 country says we like it low.]]></document>
		<document><![CDATA[@laurenist @DavidCornDC Apparently WH is not paying attention to the rest of the world. My Friends overseas are seriously concerned.]]></document>
		<document><![CDATA[@AJBesson @MsPerson @MzCata1 @ValDobson @Mangoluu It was still a bad thing to do. 5 yr olds do not belong in handcuffs.]]></document>
		<document><![CDATA[@AJBesson @Mangoluu It was an elementary school scandal where school was punishing a student for bad behavior. I cannot remember where.]]></document>
		<document><![CDATA[Wholly shit! https://t.co/SlEvxDfHSF]]></document>
		<document><![CDATA[House Republicans look to roll back transparency law for energy companies - CNN https://t.co/TDzb30aFGT]]></document>
		<document><![CDATA[The real estate mogul's architect: Bannon's influence swells - CNN https://t.co/uDKihlY6lc]]></document>
		<document><![CDATA[Donald Trump has treated women like sex holes, trophies or trash. Now we’re fighting back - the guardian https://t.co/06mSDktDga]]></document>
		<document><![CDATA[What connects attacks in Québec and Charleston? Trump needs to know - the guardian https://t.co/7737l300iD]]></document>
		<document><![CDATA[Film-makers alienated by Trump are welcome in London – Sadiq Khan - the guardian https://t.co/Fhm0gJAm8d]]></document>
		<document><![CDATA[White House says US will take up to 1,250 refugees under Australian deal - the guardian https://t.co/vdxWVmJ9nR]]></document>
		<document><![CDATA[Steve Bannon at odds on Islam, China with decades of U.S. foreign policy doctrine - USA TODAY https://t.co/71EvE2TYFV]]></document>
		<document><![CDATA[Democrats And Republicans Balk At NDAs For Congressional Staff Working On Trump's Travel Ban - BuzzFeed News https://t.co/rrE572squL]]></document>
		<document><![CDATA[@realDonaldTrump We don't like you and we don't like your cab choices. Get better ones; ones that actually care about OUR country and world.]]></document>
		<document><![CDATA[@b_geese is right. This is a good read! https://t.co/mRwMSyKS32]]></document>
		<document><![CDATA[It was a known fact in the 60s that automation was coming. Guidance counselors were advocating careers in computer… https://t.co/gTfGPycBi5]]></document>
		<document><![CDATA[Perfect! No @KellyannePolls to ruin the dialog! Does this mean Jeffrey lords is gone too? Hallelujah! Great news! https://t.co/Wzc4CYI3nT]]></document>
		<document><![CDATA[@RealMuckmaker @dailykos I watched part of it on cspan wishing it were our gov people standing up to congress for us against trump.]]></document>
		<document><![CDATA[Human rights campaign. https://t.co/sd5S04sTwd]]></document>
		<document><![CDATA[@EliStokols @realDonaldTrump Alternative facts again.]]></document>
		<document><![CDATA[@BonnieblueBlue @TVHilton When they do something that is good, we will say so. So far, they have only disgraced &amp; endangered us.]]></document>
		<document><![CDATA[He was a disappointment to say the least. Lots if talk about how he'd stand up to trump. Melted. https://t.co/NXfj56vLQ2]]></document>
		<document><![CDATA[@RBReich Not church - Christian church only. Not Christian - fundamentalist Christian. No other religion allowed.]]></document>
		<document><![CDATA[@JakeSherman @MattMurph24 @politico Do staffers normally sign NDAs or was that s trump admin thing?]]></document>
		<document><![CDATA[Caught me off guard! https://t.co/3A4N3GA1U5]]></document>
		<document><![CDATA[Read her thread. https://t.co/8R0TE9qoBT]]></document>
		<document><![CDATA[@TeaPainUSA My first election I campaigned for McGovern...in Calif...went well 23% of the vote. Was depressed for a year. They picked Nixon.]]></document>
		<document><![CDATA[@StopNuclearWar Everything he does negative. Name one good thing he's done in the last 10 days.]]></document>
		<document><![CDATA[@b_geese @Ali_H_Soufan @SenateMajLdr @SpeakerRyan They are cowards.]]></document>
		<document><![CDATA[@b_geese @owenbernard And Bannon, Flynn, Miller &amp; Pence]]></document>
		<document><![CDATA[@uptownmelissa @RealMuckmaker @politicususa All dems need to activate GOP. Not all of them want this. Too coward to stand up. Dem prod.]]></document>
		<document><![CDATA[@Edgutk @JoyAnnReid Only Bannons government.]]></document>
		<document><![CDATA[@DRod_AngryDeb @NickHanauer  we can be a pain the butt. Call bus so the phone lines are overloaded, boycott places that sell his products.]]></document>
		<document><![CDATA[@b_geese @Impeach_D_Trump Probably why she lives in New York.]]></document>
		<document><![CDATA[@Pudgydog @HouseGOP @POTUS @thehill My nightmare arrived Nov 8; but I have faith that good Americans will stand &amp; fight the bullies.]]></document>
		<document><![CDATA[Ban Sparks Panic Among Refugees Awaiting Urgent Medical Care In U.S. https://t.co/VTlrWXwQIf]]></document>
		<document><![CDATA[⚡️ “Brunhilde Pomsel, secretary to Nazi Joseph Goebbels, dies at 106”

https://t.co/TFFvO6PFj1]]></document>
		<document><![CDATA[⚡️ “Protesters close the U.S. consulate in Toronto ”

https://t.co/yhXyroNpBC]]></document>
		<document><![CDATA[@funder interesting. Not sure what that will do since she is now married to Vice President trump.]]></document>
		<document><![CDATA[@fixit_fitz @funder @realDonaldTrump They also spoke of possible mental illness. This is how our allies view our country.]]></document>
		<document><![CDATA[@fixit_fitz @funder @realDonaldTrump it was interesting to watch. They all spoke in similar words, except Boris.]]></document>
		<document><![CDATA[Not surprised at all to hear he is a trump and LePen supporter. https://t.co/RPjcfyonox]]></document>
		<document><![CDATA[@lblairhrc @Yair_Rosenberg Mimicking administration. Suspect lying to the world on camera will break him. He isn't very good at it.]]></document>
		<document><![CDATA[@ReadingVixen Not disagreed. What was interesting was the fact that Boris was the only one who seemed to think the invitation should stand.]]></document>
		<document><![CDATA[@SusanCarver19 the only one in favor of allowing trump to visit is Boris.]]></document>
		<document><![CDATA[Cspan2 is airing the British parliament discussion of Trumps ban and whether the invititation for trump visit should be withdraw.]]></document>
		<document><![CDATA[@chrislhayes and have Fox&amp;friends spouting that the protests over the weekend were the sponsored by Soros &amp; Hillary.]]></document>
	</documents>
</author>