<author lang="en">
	<documents>
		<document><![CDATA[#BellLetsTalk about the soldiers, firefighters, police officers, and paramedics who have been wounded, even if the wounds aren't visible.]]></document>
		<document><![CDATA[My favourite thing about a person is their dog.]]></document>
		<document><![CDATA[@CarlinBirdd did he expect that to work??]]></document>
		<document><![CDATA[Do people understand The Drake Hotel has absolutely nothing to do and has no connection to Drake?]]></document>
		<document><![CDATA[For the first time in my life I fell asleep on the go train and woke up in the completely wrong place. At least I didn't get robbed.]]></document>
		<document><![CDATA[@morgannfarquhar it's me after you go to sleep]]></document>
		<document><![CDATA[@jessebritomusic @adarafromspace "The Saudis were behind 9/11" https://t.co/Uhan13irat]]></document>
		<document><![CDATA[@morgannfarquhar get this filth away from me]]></document>
		<document><![CDATA[@jessebritomusic is that the weeknd]]></document>
		<document><![CDATA[@laval_rachel sorry I only get drinks with my girlfriend and the Harambe Society of Toronto]]></document>
		<document><![CDATA[Happy National Girlfriend Day/Simcoe Day to this cool dudette https://t.co/ZKVE5d8OO8]]></document>
		<document><![CDATA[@PilferGil Jesus what was going through his head? "you literally cannot do what I want? Ill just break an expensive piece of technology"]]></document>
		<document><![CDATA[@PilferGil out of anger?? As a joke?? I'm very curious about this]]></document>
		<document><![CDATA[@morgannfarquhar story of my fukkin life]]></document>
		<document><![CDATA[Yes, I did just walk through one of the most dangerous parts of the city at 1am thanks to Pokemon Go. Gotta catch em all dudes]]></document>
		<document><![CDATA[@etherealdruid I have 4 of them if you have questions!]]></document>
		<document><![CDATA[@morgannfarquhar yo I replied to your text already???]]></document>
		<document><![CDATA["I would rather wear out than rust out"]]></document>
		<document><![CDATA[@morgannfarquhar I'm always hilarious]]></document>
		<document><![CDATA[@morgannfarquhar She drank the beer in 16 seconds on a full stomach so she's a champ for that 💪🏻💪🏻]]></document>
		<document><![CDATA[The face of someone who doesn't like beer after chugging a beer https://t.co/8wCYNeCRtU]]></document>
		<document><![CDATA[I can finally get a Leafs jersey with my last name on the back and it won't be tacky #NHLDraft2016]]></document>
		<document><![CDATA[@madisonvdt aka the pros of #Brexit]]></document>
		<document><![CDATA[@madisonvdt these were the main reasons supporting the "Leave" campaign. In the broad scope of things its a bad idea https://t.co/TLkLj6n38p]]></document>
		<document><![CDATA[@morgannfarquhar @rachmapplebeck @kevin @stefcoeur @AdrianBrto @blogTO down tho]]></document>
		<document><![CDATA[@morgannfarquhar what's good]]></document>
		<document><![CDATA[@morgannfarquhar would retweet but damn I got family on here]]></document>
		<document><![CDATA[Queens Park is nuts right now with all the SWAT teams and helicopters. To all friends at the UofT St George campus, stay safe.]]></document>
		<document><![CDATA[The FBI doesn't consider the Orlando shooting to be a hate crime? What kind of backwards country is the US]]></document>
		<document><![CDATA[@morgannfarquhar holy fuck]]></document>
		<document><![CDATA[Happy birthday @Ben_Badiuk hope u whisk ur way through ur 20s https://t.co/o9hazqy7so]]></document>
		<document><![CDATA[Go to Lou dawgs right now]]></document>
		<document><![CDATA[@jessebritomusic give me that good wint dril content]]></document>
		<document><![CDATA[Yo can my landlord like, not live in China.]]></document>
		<document><![CDATA[From literally the exact same article. Do people even read entire articles anymore? @emmkasz @LiamPMatthews https://t.co/Jj7r0JAehW]]></document>
		<document><![CDATA[@Amanda_Langlois a small part of me died on the inside]]></document>
		<document><![CDATA[Big Slice closed. RIP]]></document>
		<document><![CDATA[You don't understand how convenient it is having my house around the corner from Lou dawgs]]></document>
		<document><![CDATA[@adarafromspace hell ya it is]]></document>
		<document><![CDATA[Social interactions are impossible when you've smoked the devils lettuce]]></document>
		<document><![CDATA[@morgannfarquhar you're learning. That's good. In time you'll be able to tell if it's a python or boa by looking at the inside of its mouth]]></document>
		<document><![CDATA[@morgannfarquhar well I mean they DO sell them at menagerie....]]></document>
		<document><![CDATA[@morgannfarquhar you know I only catch your best angles]]></document>
		<document><![CDATA[Gentlemen, there comes a point in your life when you need to realize you're not in highschool anymore and your "flow" looks fucking terrible]]></document>
		<document><![CDATA[You bet your ass I bought a baby boa constrictor. https://t.co/XidQ8l8ZsI]]></document>
		<document><![CDATA[@adarafromspace cross that one off the bucket list]]></document>
		<document><![CDATA[Bought a third snake today, I have a problem]]></document>
		<document><![CDATA[@morgannfarquhar holy shit looks like we're going to Tunisia]]></document>
		<document><![CDATA[Hello would you like to go on a date with me. https://t.co/ak5FBINtFg]]></document>
		<document><![CDATA[@morgannfarquhar OHHHHHMHGODBABITHELITNINBOLTALMOSTHITYA]]></document>
		<document><![CDATA[Plug me into the internet please]]></document>
		<document><![CDATA[Happy birthday to the former victim of my bullying and now my bff @jessebritomusic hope you have a pretty ok day pal https://t.co/yFHkUjffH6]]></document>
		<document><![CDATA[Left work while it's still light out for the first time this year. GOD IS REAL.]]></document>
		<document><![CDATA[@7C_Labs watever happened to the mayalsia plane]]></document>
		<document><![CDATA[Close enough right #NationalPuppyDay https://t.co/vr7qF0zCA0]]></document>
		<document><![CDATA[Someone has to say it, Furious 7 was an absolutely terrible movie and nothing you say will convince me otherwise]]></document>
		<document><![CDATA[@beautfilms @morgannfarquhar i approve of this retweet]]></document>
		<document><![CDATA[@morgannfarquhar you're welcome]]></document>
		<document><![CDATA[@morgannfarquhar and also other reasons right???????????????????]]></document>
		<document><![CDATA[If anyone is afraid or grossed out by snakes and is down to meet/learn more about these misunderstood animals plz let me know]]></document>
		<document><![CDATA[WHY DO PEOPLE THINK SNAKES ARE SCARY/GROSS DO YOU REALLY THINK THIS GUY COULD HURT YOU HE DOESNT EVEN HAVE TEETH https://t.co/CkTkNOH1gk]]></document>
		<document><![CDATA[#AskCheapFlights can you comment on 7C/Neill Wycik and where you would be without it]]></document>
		<document><![CDATA[#AskCheapFlights how much of an influence has Yung Lean had on your music?]]></document>
		<document><![CDATA[#AskCheapFlights what is your favourite Nicholas Cage movie and why is it National Treasure?]]></document>
		<document><![CDATA[Happy birthday @alliegillies88 here's a picture us and @jessebritomusic to make ur day even more special!!! https://t.co/x8559oqMrp]]></document>
		<document><![CDATA[People freaked out over Ebola but there are already more cases of the Zika virus in the US and nobody even knows what it is????]]></document>
		<document><![CDATA[@rachmapplebeck our priest told us that our pets do go to heaven with us???? What do I believe??????]]></document>
		<document><![CDATA[@morgannfarquhar when is ur birthday/Valentines day?]]></document>
		<document><![CDATA[.@realDonaldTrump if you get elected can you build a wall between the US and Canada instead]]></document>
		<document><![CDATA[*lady brings 27 items into changeroom* *buys 2 things and leaves the rest on the floor*

I LOVE retail]]></document>
		<document><![CDATA["Life is like flowers. You grow, you blossom, you become... great" - DJ Khaled]]></document>
		<document><![CDATA[As my boyfriend said the other day after I sent him a picture of me nude with only green beans covering my junk "mmm saucy".]]></document>
		<document><![CDATA[I’ve got the @Panthers winning #SB50! #SBFanVote #KeepPounding https://t.co/1FKxX9L5Bz]]></document>
		<document><![CDATA[I hate this. What the fuck is this https://t.co/LOambaxxE6]]></document>
		<document><![CDATA[@morgannfarquhar my kind of protest]]></document>
		<document><![CDATA[@morgannfarquhar protect your bag]]></document>
		<document><![CDATA[Protect your bag]]></document>
		<document><![CDATA[@morgannfarquhar TBH I'd tap that]]></document>
		<document><![CDATA[I lost twice at battle front...to my girlfriend]]></document>
		<document><![CDATA[Single and ready to mingle]]></document>
		<document><![CDATA[Fart in my hand so I have a lingering piece of you]]></document>
		<document><![CDATA[Suck on my toes, stick them in my nose #myfetishpoem]]></document>
		<document><![CDATA[Tie me up and set me on fire that's the shit I like]]></document>
		<document><![CDATA[Lick it I told the child as she ate her ice cream]]></document>
		<document><![CDATA[Peanut butter on my nipples]]></document>
		<document><![CDATA[@morgannfarquhar that's a classic from Jesus Christ]]></document>
		<document><![CDATA[@morgannfarquhar even Hammer Smashed Face by Cannibal Corpse?]]></document>
		<document><![CDATA[Oh you love Jesus? Name 3 of his songs]]></document>
		<document><![CDATA[@jessebritomusic it's okay, I accept the apology, really means a lot]]></document>
		<document><![CDATA[Raiding a house with your SWAT team buddies #JustPembrokeStreetThings]]></document>
		<document><![CDATA[Getting a sandwich at George St Deli while waiting for your drug dealer #JustPembrokeStreetThings]]></document>
		<document><![CDATA[Watching fights outside of Filmores #JustPembrokeStreetThings]]></document>
		<document><![CDATA[Getting a knife pulled on you walking home from work #JustPembrokeStreetThings]]></document>
		<document><![CDATA[Smoking crack while waiting for the streetcar #JustPembrokeStreetThings]]></document>
		<document><![CDATA[@morgannfarquhar that's just gross]]></document>
		<document><![CDATA[@morgannfarquhar oh I'm only using your good socks and towels]]></document>
		<document><![CDATA[@morgannfarquhar okay I'll Netflix and chill forreal. By myself.]]></document>
		<document><![CDATA[@morgannfarquhar well my morning just got ruined]]></document>
		<document><![CDATA[@morgannfarquhar are you telling me I can't buy a toaster knife?? Have I been lied to???]]></document>
		<document><![CDATA[@GlassAnimals COME TO TORONTO. I weep everytime I see you're not coming to Canada]]></document>
	</documents>
</author>