<author lang="en">
	<documents>
		<document><![CDATA[That travel-ban lifting judge said what? https://t.co/FesGXXglIW via @worldnetdaily]]></document>
		<document><![CDATA[Trump Sends Naval Assets to Intercept Iranian-Friendly Militia in Middle East https://t.co/woak6msTxd]]></document>
		<document><![CDATA[White House Vows ‘Emergency Stay’ of Judicial Order Thwarting President’s Immigration Order https://t.co/HEo4fN6wrB]]></document>
		<document><![CDATA[Calls mount for Trump administration to label Muslim Brotherhood 'terrorist organization' | https://t.co/vSDlNa5J6d]]></document>
		<document><![CDATA[Terror expert: ‘If terrorists kill us, will left still howl about rudeness?’ https://t.co/VhVkQkIqJw via @worldnetdaily]]></document>
		<document><![CDATA[At Border Patrol, Trump lifts morale that was at an all-time low | https://t.co/Ik9YS3FNRF]]></document>
		<document><![CDATA[Matthew McConaughey wants Hollywood to embrace Donald Trump | https://t.co/brr9coLewh]]></document>
		<document><![CDATA[Trump blasts Iran, and nuclear deal, after missile tests | https://t.co/jg5qQ0T0lg]]></document>
		<document><![CDATA[President Trump speaks at National Prayer Breakfast https://t.co/9OwYSHFaqZ]]></document>
		<document><![CDATA[Trump reportedly accuses Australian PM of seeking to export next ‘Boston bombers’ | https://t.co/9pgf2u88zh]]></document>
		<document><![CDATA[Security Adviser Flynn says Iran ‘on notice’ after missile test | https://t.co/orhHe6TXvi]]></document>
		<document><![CDATA[Michael Flynn says Iran "on notice" for missile test https://t.co/dbJzW1dVkE]]></document>
		<document><![CDATA[Senate Judiciary Approves Jeff Sessions for Attorney General  https://t.co/vlBFG48xNo]]></document>
		<document><![CDATA[Sen. Hatch scolds Democrats: 'They should be ashamed' https://t.co/a682fySMDw]]></document>
		<document><![CDATA[Pelosi rips Trump's SCOTUS pick, as Republicans weigh 'nuclear option' | https://t.co/ZY1OyuKeUh]]></document>
		<document><![CDATA[Senate panel bypasses Democratic boycott, approves HHS, Treasury picks https://t.co/7SSqOPnqhE]]></document>
		<document><![CDATA[Report: Iran Violates UN Resolution With Ballistic Missile Test https://t.co/4xObZIhvxV via @jewishpress]]></document>
		<document><![CDATA[Netanyahu to Meet Trump Feb. 15, Discuss Renewing Iran Sanctions https://t.co/Tk05eq0vnI via @jewishpress]]></document>
		<document><![CDATA[Majority of Americans Support Temporary Ban on Visitors from Terror Strongholds https://t.co/C9wmTXb066 via @jewishpress]]></document>
		<document><![CDATA[WATCH CLINTON SOUNDING LIKE TRUMP 22 YEARS AGO]]></document>
		<document><![CDATA[WATCH: One of the Best Delivered Anti-Illegal Immigrant Speeches Ever&amp;#8230; From Bill Clinton https://t.co/G3PuHUAU8Y]]></document>
		<document><![CDATA[Reality Check: Trump, Refugees, and the Crazy Liberal Freakout https://t.co/ANSBdy5aOd]]></document>
		<document><![CDATA[Jindal: Critics need to explain why they're against vetting https://t.co/btmez3rq4x]]></document>
		<document><![CDATA[@seanhannity the @POTUS could not have done better than to nominate Judge Gorsuch...thank you @realDonaldTrump and God bless you!]]></document>
		<document><![CDATA[BREAKING: Trump nominates pro-life Neil Gorsuch to Supreme Court | News | LifeSite https://t.co/ZU0gQbVJYZ petition signers]]></document>
		<document><![CDATA[TRUMP NOMINATES NEIL GORSUCH for Supreme Court Scalia Seat https://t.co/Tiky8g9pck
  GREAT Choice Mr. President!]]></document>
		<document><![CDATA[Fmr. NYPD Commissioner: Didn’t see Schumer crying during 9/11 https://t.co/mGRUcDOAhZ]]></document>
		<document><![CDATA[@realDonaldTrump needs to drain the swamp COMPLETELY!...just MY opinion...]]></document>
		<document><![CDATA[Limbaugh eviscerates Trump for 1 ‘serious’ mistake https://t.co/JQwvtW01vf via @worldnetdaily]]></document>
		<document><![CDATA[Great points by Secretary Kelly!]]></document>
		<document><![CDATA[Secretary Kelly: This is not a travel ban or ban on Muslims https://t.co/MMcGymlYEx]]></document>
		<document><![CDATA[BREAKING: Here it is! New National Poll Released On If Americans Support Refugee Ban Or Not…..Results May SHOCK You https://t.co/blvr9I8ZPF]]></document>
		<document><![CDATA[Trump tweet: 'Mexico has taken advantage of the U.S. for long enough' https://t.co/EtqIPEDO8B]]></document>
		<document><![CDATA[I guess the next step for our country and #BoyScoutsofAmerica is to determine if someone is really a human being, WAIT...we already do
that!]]></document>
		<document><![CDATA[Border Agents Nab an FBI Top 10 Fugitive Wanted For 1983 Murder https://t.co/TrWT9vkBHI]]></document>
		<document><![CDATA[Hannity: Dems, celebs willing to gamble with American lives https://t.co/P8gI1Yw29J]]></document>
		<document><![CDATA[Trump's travel ban and the Democrats' big con | https://t.co/Fe07TAT5zA]]></document>
		<document><![CDATA[VIDEO: Kellyanne Conway Just DESTROYED Liberal Media On Fox News Over Muslim Executive Order https://t.co/54TVsIoaNk]]></document>
		<document><![CDATA[#BoyScoutsofAmerica,sad how quickly society embraces the lowest common denominator in the guise of diversity and acceptance.THEY NEED HELP!]]></document>
		<document><![CDATA[Knowing that I will be criticized, I will still maintain that  "Boy Scouts" caved to pressure from our fast declining and sickly culture.]]></document>
		<document><![CDATA[WaPo 'Fact Checker' Twists the Facts On Trump's Immigration Order https://t.co/PE4MVEOorO]]></document>
		<document><![CDATA[Trey Gowdy Issues Statement on Trump’s Extreme Vetting Policy https://t.co/RkgHdxkewb]]></document>
		<document><![CDATA[Limbaugh: Trump has 1 much bigger problem than protesters https://t.co/GjVyB5RbHm via @worldnetdaily]]></document>
		<document><![CDATA[Trump signs executive order to drastically cut federal regs | https://t.co/MloKhfob6p]]></document>
		<document><![CDATA[It's not the fact that Starbucks is hiring refugees,it's that it is attacking American policy to get back at @realDonaldTrump-childish &amp; $$$]]></document>
		<document><![CDATA[Yes,@GovMikeHuckabee , thank God @realDonaldTrump IS doing what he was elected to do! The media needs to get their facts straight!]]></document>
		<document><![CDATA[Huckabee: Critics 'lying' about Trump travel ban https://t.co/K1J73GeOyX]]></document>
		<document><![CDATA[Starbucks Plans to Hire 10,000 Refugees After Trump’s Travel Ban https://t.co/WuhGI4o0xq]]></document>
		<document><![CDATA[Chief of Staff Reince Priebus suggests Trump could expand country list under travel ban https://t.co/ypa4nbwJtg]]></document>
		<document><![CDATA[Did Schumer and Obama have the same acting coach?]]></document>
		<document><![CDATA[ALERT: EMBARRASSMENT – Dem Chuck Schumer Actually CRIES On National TV Over Trump Executive Order https://t.co/5yPDsZR5r5]]></document>
		<document><![CDATA[Muslim activist explains why she supports extreme vetting https://t.co/5H8uvUFm5k]]></document>
		<document><![CDATA[Trump says top priority is to 'protect and serve' America amid backlash over extreme vetting | https://t.co/1fTUoyEb7d]]></document>
		<document><![CDATA[Funny: Iran Bans U. S. Citizens In Retaliation To Trump Move https://t.co/MbLOSIeP50]]></document>
		<document><![CDATA[NO surprise what @POTUS is implementing with immigration laws...
we all expected it and those who voted for this are happy about it!]]></document>
		<document><![CDATA[Sarah Palin: Media Hysteria over Trump’s ‘Immigration Ban’ Is Fake News on Steroids https://t.co/LE47d03IWB]]></document>
		<document><![CDATA[ALERT: President Trump Declares He “Needs God” For This As President https://t.co/WdwSdDb876]]></document>
		<document><![CDATA[Border patrol chief resigns! https://t.co/xwFGldiOhL]]></document>
		<document><![CDATA[Bobby Jindal reacts to Trump's actions on immigration  https://t.co/rieezcCeAk]]></document>
		<document><![CDATA[Graham: Trump Does Not Violate The Bible By Protecting Americans https://t.co/YZlidGkLJR]]></document>
		<document><![CDATA[#JudgeJeanine Wonderful points made about sanctuary cities...will the left ever listen...do they REALLY care?]]></document>
		<document><![CDATA[Judge Jeanine: Like it or not, laws are getting enforced  https://t.co/6hdWW689a3]]></document>
		<document><![CDATA[Netanyahu backs Trump's Mexico wall, touts similar one on Egypt border as 'great idea' | https://t.co/qLPUA5osSt]]></document>
		<document><![CDATA[@TeriTuomi ...absolutely, but I repeat, murder is never God's solution for poverty.]]></document>
		<document><![CDATA[Former Planned Parenthood director: Why I'm now pro-life https://t.co/WlSbtGxEY3]]></document>
		<document><![CDATA[STUDY: Clinton May Have Received 800K Votes from Noncitizens https://t.co/QfTZ6udVJ4 via @LibertyHeadline]]></document>
		<document><![CDATA[Establishment in full meltdown over Trump refugee orders https://t.co/fa9ldUkdVB via @worldnetdaily]]></document>
		<document><![CDATA[@MayorHancock of Denver knows perfectly well what Washington means by a sanctuary city: one that does not comply with federal laws.]]></document>
		<document><![CDATA[Pence at March for Life: Trump to Nominate Pro-Life SCOTUS Justice https://t.co/vRNvI4DtZT]]></document>
		<document><![CDATA[Trump sets dizzying WH pace in first days https://t.co/4LJTCZfjTG]]></document>
		<document><![CDATA[.@ABC Transcript Omits Trump Shutting Down Muir on Media's Lack of @March_for_Life Coverage https://t.co/FhocoOknic

WELL DUH!]]></document>
		<document><![CDATA[Trump Defends Order for Refugee Crackdown: ‘We Can’t Take Chances’ https://t.co/ToCIko39LL]]></document>
		<document><![CDATA[Mexico Cancels Meeting With Trump&amp;#8230; Immediately Markets Decimate Their Currency https://t.co/vl3D6BSnGW]]></document>
		<document><![CDATA[WATCH LIVE: Hundreds of Thousands March For Life https://t.co/mdJfi1nUJ8]]></document>
		<document><![CDATA['Life is winning': Pence fires up March for Life crowd | https://t.co/39dWoabPUS]]></document>
		<document><![CDATA[@TeriTuomi Teri, Jesus tells us that we will always have the poor, He never tells us to kill them as our solution to poverty.]]></document>
		<document><![CDATA[#MarchForLife The Creator of all LIFE blesses each and every participant in today's march...He is behind righteousness!]]></document>
		<document><![CDATA[#MarchforLife2017 God is behind, between, and before this march and will be presenting awards to all of its participants! Bless You All!]]></document>
		<document><![CDATA[Watch Live: March for Life Rally in Washington, DC - Breitbart https://t.co/GHBE9uEoo8]]></document>
		<document><![CDATA[March for Life participants optimistic about Trump, Pence https://t.co/7XzeC3IiK4 via @usatoday]]></document>
		<document><![CDATA[@POTUS Cannot believe the speed with which you are taking steps to reviving our country back its strength and morality! God bless you!]]></document>
		<document><![CDATA[BREAKING: House passes first HUGE bill of Trump presidency https://t.co/T3ENac1at8]]></document>
		<document><![CDATA[Report: Pence To Participate In March For Life Rally https://t.co/sK2kVzUYCO

BRAVO TO OUR NEW VICE PRESIDENT!  GOD'S BEST TO YOU!]]></document>
		<document><![CDATA[Trump Threatens to Send “Feds” in to Clean Up Chicago https://t.co/cBvK6jq4dh]]></document>
		<document><![CDATA[Mexican president cancels meeting with Trump https://t.co/VdCQ20S7pl]]></document>
		<document><![CDATA[How Obama Has Crippled Higher Education https://t.co/NxalxkrUj1]]></document>
		<document><![CDATA[Drain the Swamp: Trump Triggers Mass Resignations at State Dept. https://t.co/ZxjVm7rocB]]></document>
		<document><![CDATA[Andrew Napolitano: Trump has committed the most revolutionary act I've seen in 45 years | https://t.co/r7KROl3EJm]]></document>
		<document><![CDATA[Trump leaves @ABC's @DavidMuir speechless after calling out liberal media bias against pro-life #MarchForLife #TTT https://t.co/XHaM0Bbq6y]]></document>
		<document><![CDATA[Union leader: Pipeline decision a 'good beginning' for Trump https://t.co/eysMFYoxGE]]></document>
		<document><![CDATA[Priebus on job creation, sanctuary cities and refugee halt https://t.co/EZMkHWTc7S]]></document>
		<document><![CDATA[Trump draft order reportedly will halt refugee processing for Syrians | https://t.co/FrRaA9LOSc]]></document>
		<document><![CDATA[Trump signs orders to start border wall with Mexico, ramp up immigration enforcement https://t.co/QGzNpCMUu9]]></document>
		<document><![CDATA[Abandoned Walmart opens as shelter for illegals https://t.co/tffBSkASlx via @worldnetdaily]]></document>
		<document><![CDATA[BREAKING: Radio Officials BAN Madonna After Threat to Blow up Trump White House https://t.co/y3pPoidNdt]]></document>
		<document><![CDATA[BREAKING NYT REPORT: Trump Admin Prepares Exec Order to End Funding for UN Agencies Giving Full Me… https://t.co/bWnhreJMxO via @jewishpress]]></document>
		<document><![CDATA[Trump to Issue Order Limiting US Involvement in UN https://t.co/MR7Vi5zImi]]></document>
		<document><![CDATA[@POTUS PLEASE make sure Supreme Court nominee is TRULY PRO LIFE not as Kennedy and Souter-are not! Wolves in sheep's clothing are everywhere]]></document>
		<document><![CDATA[ALERT: Now That Obama Is Gone, AWFUL TRUTHS We All Suspected Are Being Uncovered https://t.co/k9WgTHyy6A]]></document>
		<document><![CDATA[Congress Votes to Permanently Ban Taxpayer Abortions, Trump Agrees to Sign https://t.co/iMNNBtAWH5

IT'S ABOUT TIME!  PRAISE GOD!]]></document>
	</documents>
</author>