<author lang="en">
	<documents>
		<document><![CDATA[Just a small anecdote about my dog... https://t.co/A6h3rhLnIg]]></document>
		<document><![CDATA[Oh, Fiona! What is the first rule of Twitter? Do not engage the angry nationalist with no face. I have only myself… https://t.co/cIc9m0hfk7]]></document>
		<document><![CDATA[@QuestionMoreAus @hughriminton Ok dude, sure. Now go gently into your field of straw-men...we wish you no harm....]]></document>
		<document><![CDATA[@QuestionMoreAus @hughriminton keep on building those straw-men, mate 👍]]></document>
		<document><![CDATA[@QuestionMoreAus @hughriminton I don't need to when Ive already read it. I enter debate with facts, not rely on google to catch me up after]]></document>
		<document><![CDATA[@QuestionMoreAus @hughriminton which is Hadith, not Qu'ran. But keep going by all means...you are educating yourself and that's good]]></document>
		<document><![CDATA[@QuestionMoreAus Qu'ran is not Sharia. You can google it but that will destroy your straw-man argument so you prob won't. Tx @hughriminton]]></document>
		<document><![CDATA[@maxplaysmusic @pptsapper here's a short article (with some more cool animal pics) in the meantime 😉 https://t.co/QlOeYljLAt]]></document>
		<document><![CDATA[@pptsapper Anzacs in Egypt - with one of many kangaroos they smuggled across https://t.co/Z8vMaMlPMa]]></document>
		<document><![CDATA[.. thx for the lovely note and sticker @Eric_M_Murphy @Strategy_Bridge As a great philosopher once said "if u like… https://t.co/X2gbmLQCbi]]></document>
		<document><![CDATA[Thx @workmanalice &amp; @lanesainty for article on #MOGA headscarves. My saffron &amp; teal (aka green &amp; gold) arrived today. It's beautiful. Pt3...]]></document>
		<document><![CDATA[Mystery mail-call in 3 parts: Pt 1 the mystery of the missing hot pink weight belt from Amazon, solved! Pt 2: ... https://t.co/QMJGcYMdva]]></document>
		<document><![CDATA[@gardenandgun wow, what a fascinating and no doubt inspirational story. How wonderful is that last sentence? Me too! *adds to reading list*]]></document>
		<document><![CDATA[@dannywallace @Glenn_Kitson oh, they're rebooting "The Twilight Zone"? Neato!]]></document>
		<document><![CDATA[@pptsapper can highly recommend this podcast episode https://t.co/UUac53ppD2 It won't make u feel better but u can lament as u sip 🥃]]></document>
		<document><![CDATA[@iownjd Hang in there! Supporting the positive voices out there like yours will help. The good will out!! ☺✊🏼]]></document>
		<document><![CDATA[@pptsapper they'll thank you for it when they're older! My Dad took me to RotJ/Tron double at the Capitol. A treasured childhood memory]]></document>
		<document><![CDATA[No I'm not thinking about Sydney's housing affordability crisis at all! #sydney #kirribillimarkets #everythingmustgo https://t.co/oMj0tqG4fY]]></document>
		<document><![CDATA[Insights always welcome! https://t.co/HFlRRUiCzf]]></document>
		<document><![CDATA[@eamonhamilton @Rashidajourno E'ry day!! Altho I find https://t.co/FlKWDZdgf9 has better functionality in showing me what I can't afford...]]></document>
		<document><![CDATA[@esimmers we might need a transcript of that meeting ☺️]]></document>
		<document><![CDATA[Well that was short-lived!! https://t.co/c1DuC56aYe]]></document>
		<document><![CDATA[Ah....it's good to laugh again. https://t.co/ItpcwOVhad]]></document>
		<document><![CDATA[@alexlicea82 @jbyerly81 @JohnELandry @NKFinney @Medium Excellent point, well made. The core #comms skills of PAOs are often under-utilised]]></document>
		<document><![CDATA[@JamilaRizvi I love my country. I hate that we celebrate it on a day that ignores it's 40,000yr history and indigenous ppls.]]></document>
		<document><![CDATA[@august_cole @peterwsinger @NewYorker great article. I wldve thought SV tech gen wld set their survivalist sights higher tho i.e "Stark" 🚀]]></document>
		<document><![CDATA[Meanwhile, in Australia... https://t.co/1wdwToQMwe]]></document>
		<document><![CDATA[Nothing better then seeing hard work recognised. Congrats to two in particular that I considered mentors in Army an… https://t.co/rzjvL64eUg]]></document>
		<document><![CDATA[Suddenly the "I ❤️ trains" sign at the #WomensMarchOnWashington makes a powerful political statement!! Why is DoT b… https://t.co/8lSXRT1KTZ]]></document>
		<document><![CDATA[@workmanalice never has an emoji more accurately captured the tone of a headline 😂]]></document>
		<document><![CDATA[@Doctrine_Man @nytimes Even the threat of a wooden spoon was enough to make you choose your "facts" wisely!]]></document>
		<document><![CDATA[Jabberwocky

That's mine ☺ https://t.co/rnd7W0LAtU]]></document>
		<document><![CDATA[6 days in, resolutions broken - it's after midnight, I'm wide awake w/ no decent excuse, on Twitter and just opted… https://t.co/3hwCeOWCIk]]></document>
		<document><![CDATA[@NprPchh P.E and Anthrax Bring the Noize - yeah! A forgotten fav 😀 My intro to both rap and metal way back when ☺️ https://t.co/IAlAOTHIAT]]></document>
		<document><![CDATA[@TitussBurgess @samps42 @MrDanWeiner Extended mix of Pinot Noir as a bonus track?? If you don't ask, you don't get, right?? 😇😘]]></document>
		<document><![CDATA[@mickkatebates @mashable I like what did there 😉]]></document>
		<document><![CDATA[.@snapjudgment ❤️ your work! I can't donate through the .org site tho! I've tried a few times. Any alternatives for your antipodean fans?]]></document>
		<document><![CDATA[Ive been trying to write a piece on how SM turned. But no one wants to read that! Listen to this instead @abcconvos https://t.co/FavEGwOdlQ]]></document>
		<document><![CDATA[@abcconvos @jonronson I'm behind here but tx for articulating what a lot of us feel now re SM… https://t.co/oDHNMuffnG]]></document>
		<document><![CDATA[Traversing #auspol and #straya in one gif https://t.co/6UFK1G5Nmn]]></document>
		<document><![CDATA[I just want you all to know there is a 'Michael Jordan of darts'.... https://t.co/kE4EB60JKL]]></document>
		<document><![CDATA[Back to the rack and the rig! #crossfit #pilatesreformer #bootygainz #sydney https://t.co/55gfxltKOy]]></document>
		<document><![CDATA[@lanesainty @workmanalice Just ordered myself the Luminance - saffron and teal! Thx Pauline for the tip 😎]]></document>
		<document><![CDATA[Just blew all my #FrequentFlyer pts on discount Birthday wine! Best. Birthday. Ever! (In 19 days when it's actually my b'day) Tx @Qantas 😘]]></document>
		<document><![CDATA[@prbeckman @richganske @rejectionking @cmcoglianese Its also a t-shirt! And a # - this pic is borrowed from… https://t.co/6pOe69qcVe]]></document>
		<document><![CDATA[Monday 2nd of January? This year is already slipping away from me...]]></document>
		<document><![CDATA[This is how we New Year! #Prosecco #TheForceAwakens #bye2016 https://t.co/diKMeiZLDp]]></document>
		<document><![CDATA[Casper and I hope u all make it thru this garbage celebration to the other side- a happy, safe and prosperous #2017 https://t.co/9THLwT58TH]]></document>
		<document><![CDATA[Do we really need more 2016, @NPL ?? Really?? - New Year delayed by one second - BBC News https://t.co/vKAh8Qqu52]]></document>
		<document><![CDATA[Well - this is escalating in ways I never imagined... https://t.co/IvC7LW5bi9]]></document>
		<document><![CDATA[@TyrellMayfield ❤ Drive By Truckers but big thanks for the intro to @gardenandgun - looks like my kind of rag ☺]]></document>
		<document><![CDATA[@eamonhamilton couldn't agree more. The layers of our ultimate fear of obsolescence explored in full. Plus - funny!! 😂]]></document>
		<document><![CDATA[@eamonhamilton Yes!! Forgot about that one 😂 But she could do bits like that without it being cheap - like in 30 Rock "You're my kid, Liz.."]]></document>
		<document><![CDATA[@eamonhamilton Princess Leia was a childhood hero but Postcards from the Edge was a revelation for me as a teen. I wonder how it holds up??]]></document>
		<document><![CDATA[The rest of my day just shakes out from here really #dontforgetthesunscreen https://t.co/uOMKmcd38l]]></document>
		<document><![CDATA["instant gratification takes too long"

Authentic, witty and human - in her frailties and her strengths.

Farewell… https://t.co/6WldouvBDC]]></document>
		<document><![CDATA[Listening without prejudice! 😢 https://t.co/7G4w2kOuLZ]]></document>
		<document><![CDATA[Its almost over! #merrychristmas #ByeBye2016 #greyhoundsoftwitter https://t.co/FVfCG0OKfW]]></document>
		<document><![CDATA[@JasFourTwo I literally just RTd an article on why #DieHardIsAChristmasMovie 🙂 I watch it every year &amp; not just b/c I despise #loveactually]]></document>
		<document><![CDATA[Yippee-ky-ack Motherbuckets! And a Happy New Year! 🎄 https://t.co/ARwizDUR5l]]></document>
		<document><![CDATA[@esimmers That sound?? That's the sound of every logistician in the Twitterverse sighing... 😂]]></document>
		<document><![CDATA[Or as my first boss in #PR used to say "horses for courses"! Reaching 'post-truth' audiences with facts thru strate… https://t.co/INULHezqpp]]></document>
		<document><![CDATA[@AlbertPalazzo @WarOnTheRocks Excellent piece! IMO Strategy is key, as one size does not fit all mediums and audiences are so segmented now]]></document>
		<document><![CDATA[It begins! #auspol One Nation Queensland candidate withdraws after inappropriate tweets - ABC News https://t.co/8YaK1WRSFi]]></document>
		<document><![CDATA[@naomimoans I, for one, welcome our feline overloads!! 😛 https://t.co/UKHpCHBHrw]]></document>
		<document><![CDATA[I've I were in any way, shape or form part of the zeitgeist I'd lock myself up in a saferoom for the next 14 days..… https://t.co/TyHbHEb7JG]]></document>
		<document><![CDATA[This looks so awesome. Perhaps a Christmas in Aspen is in order next year? 🙂 https://t.co/D44oNiY1aJ]]></document>
		<document><![CDATA[I do feel fine, actually. Only 2 weeks left in this stinky year! It's The End Of The Year As We Know It https://t.co/WWhMBPILhX via @YouTube]]></document>
		<document><![CDATA[#Straya Queensland police hunt suspect who stole $30,000 worth of seafood - ABC News https://t.co/mQSTDD5gD5]]></document>
		<document><![CDATA[@JasFourTwo That's a good thing, speaks to depth of character! Also, drive safe 🙂]]></document>
		<document><![CDATA[Eating smashed avo and feta, waiting for an auction on a 1 Br unit that reserve is already above my budget. Is that… https://t.co/4OEucmnB21]]></document>
		<document><![CDATA[Dude in a stetson driving a bright yellow hatchback with a baby seat in the back jamming out to #EchoandtheBunnymen. Bless ❤️]]></document>
		<document><![CDATA[Guess it's time to start telling the truth in my FB status updates then.... https://t.co/jFPPrQ35WB]]></document>
		<document><![CDATA[My fridge makes this weird sound when I open it... like a greyhound jumping off my bed and trotting towards the kitchen! #greyhounds]]></document>
		<document><![CDATA[Fascinating read with the most ominous final sentence ever written! Global Conflicts to Watch in 2017 https://t.co/VJe0rKsScI]]></document>
		<document><![CDATA[WHAT!! Nooooo. Hurry up and end 2016, you horrible annus! https://t.co/XknqhpY0sk]]></document>
		<document><![CDATA[The faces that launched a new Hobart Class destroyer? ☺️ https://t.co/JXhV2842dl]]></document>
		<document><![CDATA[I think this tweet is actually the best thing that's happened in 2016! https://t.co/FVU82eAlgM]]></document>
		<document><![CDATA[Thank you @NetflixANZ for #DirkGently, it's exactly what I wanted for Christmas!]]></document>
		<document><![CDATA[Great piece @councillorli. I know both Eastwoods and they are very different but change is inevitable. Don't recall… https://t.co/oJIl7B9fxU]]></document>
		<document><![CDATA[If you look closely behind the TV crews you'll see me - regretting my choice of footwear! Was good to hear about Au… https://t.co/SZe1SglsyT]]></document>
		<document><![CDATA[Look, I'm an allergy sufferer, ok? 💦 just pours out in of my eyes sometimes, alright?? https://t.co/Jwe9uAxNkg]]></document>
		<document><![CDATA[@JasFourTwo Esp as they prob pays a carriage fee before passing those costs on to you. Foxtel is all about ch volume not quality of offering]]></document>
		<document><![CDATA[100 cal for time on the appropriately named assault bike. Now my lungs are broken! https://t.co/Z9U0cdEDSG]]></document>
		<document><![CDATA[I don't want fun at work. I want challenges, results and the freedom to pursue both. And my 🐶 Casper, who is my wor… https://t.co/c7EHGhFUFS]]></document>
		<document><![CDATA[An amazing achievement, made even more impressive by the fact he learned English by watching 'Question Time'! https://t.co/vEjGN79e7d]]></document>
		<document><![CDATA[Friday Night Lights has given me so much - Taylor Kitsch, alt-country and a basic understanding of the rules of thi… https://t.co/srsp7hqfqI]]></document>
		<document><![CDATA[I am so doing this some day. Should prob concentrate of getting no-snow #polo first tho 🐴 https://t.co/GRvIWOsxev]]></document>
		<document><![CDATA[Can we ever thank our first responders enough? https://t.co/rQAawFzE8i]]></document>
		<document><![CDATA[We couldn't do this without our volunteers, helping us bring over 100 artefacts from #AWM to the people for #Anzac… https://t.co/J212XP1p9T]]></document>
		<document><![CDATA[@NPGLondon Australia has a capital too - its #Canberra. It even has #galleries. Just saying... #cezannedownunder ☺️ https://t.co/B2Dduu3fwP]]></document>
		<document><![CDATA[We ❤️ white greys! #greyhoundsoftwitter #greyhoundrescue #adoptdontshop https://t.co/2s4RbNHFIK]]></document>
		<document><![CDATA[Wow, this is something. https://t.co/pQlwrq77Ba]]></document>
		<document><![CDATA[@teaandtactics I disagree w/ pt2 tho I think a well-timed pause at say, flight 32 is good 2 review how far u've fallen &amp; plan 4 the last 15]]></document>
		<document><![CDATA[Settling in to read @LowyInstitute paper as I start a short piece on "what if" USA says no to HADR for… https://t.co/lQV1bkWp7K]]></document>
		<document><![CDATA[Important to sharpen your online #Comms tools at regular intervals. Thanks for the insights #HootEssentials]]></document>
		<document><![CDATA[It's like insect Hunger Games in my house atm. A praying mantis just caught a spider that earlier caught a Xmas bee… https://t.co/9CG4QQVaeN]]></document>
		<document><![CDATA[Well, bollocks.... https://t.co/S2aH8LmAg0]]></document>
		<document><![CDATA[Then this!! https://t.co/4YDAxWRUOv]]></document>
		<document><![CDATA[First this.... https://t.co/tQK1LbBfrl]]></document>
	</documents>
</author>