<author lang="en">
	<documents>
		<document><![CDATA[@Peter_Gettings @Seth0Neill Cheers Pete.. will have a read later. I wonder did it show anything different structurally to Edama 2015]]></document>
		<document><![CDATA[@keeffe_alan thanks Alan. I appreciate that. The PT in Q has a distal RF tear, confirmed on MR]]></document>
		<document><![CDATA[Great graphic https://t.co/xPE7v6hu2U]]></document>
		<document><![CDATA[The last week has been strange and worrisome to watch. I Applaud your stance Rod. https://t.co/5DOUvEpVAU]]></document>
		<document><![CDATA[@markk42k @AdamMeakins @ChrisMorgan10 so long as recovering at appropriate speed that's my option too]]></document>
		<document><![CDATA[Great message to get out there https://t.co/1N0KVmIrWK]]></document>
		<document><![CDATA[@DerekGriffin86 @GerophysioPotts @AdamMeakins @ChrisMorgan10 player can be informed of options.]]></document>
		<document><![CDATA[@DerekGriffin86 @GerophysioPotts @AdamMeakins @ChrisMorgan10 Cheers Derek. Thinking the same too. Getting an ortho opinion so family and]]></document>
		<document><![CDATA[Absolutely... looking forward to a read. So you know more than just shoulders 👍From Ireland's Greybeard physio https://t.co/Ub8rp4Eww0]]></document>
		<document><![CDATA[Well done Adam. On the chapter and joining the beard brigade https://t.co/woWcABbbNy]]></document>
		<document><![CDATA[Part of the Bible now Kristian https://t.co/VeVkWq47NF]]></document>
		<document><![CDATA[@Chews_Health @physiojack @TPMPodcast looking forward to a listen]]></document>
		<document><![CDATA[Now that put a huge smile on my face - excellent 😂😂 https://t.co/AaCj0ybrej]]></document>
		<document><![CDATA[Shame alright. Happy to talk tendons anytime Paul https://t.co/a0pPFC7At5]]></document>
		<document><![CDATA[@coastphysio24 @Retlouping @DanOsteopath @CombatSportPhys please don't tarnish Star Wars with such talk Diarmaid. Some things are sacred]]></document>
		<document><![CDATA[Best of luck with this Paul. Great to see the great work of @TimGabbett being shared/applied in Ireland. No doubt i… https://t.co/kjl5vLgSTb]]></document>
		<document><![CDATA[Great to see @Armagh_GAA getting in world class expertise for education. Keeping players playing. Raging I can't ma… https://t.co/wndcvS5sLm]]></document>
		<document><![CDATA[The what... I can't keep up https://t.co/S0rwccbqwR]]></document>
		<document><![CDATA[@RobYeldham @LinearProbe @kieranosull @LiseannONeill still a shortage here too. I'll send you a slide for my EULAR talk later with the stats]]></document>
		<document><![CDATA[The title is not protected... So anyone can call themselves a physio and open up shop. 😭🔫 https://t.co/1qTPWkzV9V]]></document>
		<document><![CDATA[@LinearProbe financial crisis... You might have heard and read about it 🤔😉]]></document>
		<document><![CDATA[Not an excess of Physios. But a shortage of jobs for them was the problem in recent years. There was a block to hir… https://t.co/KNIA7E4R8f]]></document>
		<document><![CDATA[If you want, You can have the patient get in touch. If they are on the other side of Dublin i can recommend someone… https://t.co/LeA2WBsgCD]]></document>
		<document><![CDATA[Read this before &amp; again just now. &gt; 23 yrs as a physio, I think you write what many of us feel but fear to say Ada… https://t.co/L1HwjevoA2]]></document>
		<document><![CDATA[I could watch John Oliver and @Trevornoah for hours. Brilliant https://t.co/KVU2MTaSRX]]></document>
		<document><![CDATA[Some very knowledgeable tendon heads talking at this https://t.co/pD6Wji0f9W]]></document>
		<document><![CDATA[👍👏 one to print out https://t.co/vkryZqz0zt]]></document>
		<document><![CDATA[You credit me with too much. But thanks https://t.co/MBhmmRxctQ]]></document>
		<document><![CDATA[Well then maybe Combined we're a giant,👍 https://t.co/R17Wq211eX]]></document>
		<document><![CDATA[@marymg40 thanks Mary. Glad to hear it's of use to more than just me... and @physiojack]]></document>
		<document><![CDATA['Have pity and be kind, but objective' great finishing line and some wise advice 👌 https://t.co/lQ4WOf4q7s]]></document>
		<document><![CDATA[@sancho_igor @JPTDoyle a lot of rubbish ... and some gold👍😂 the Pisa Tower taken to a new level Igor?]]></document>
		<document><![CDATA[63😳😫 ... What's the min no of chapters, terrifying. https://t.co/Z7RIGY6LV8]]></document>
		<document><![CDATA[I know. Devastated when I saw it was patented! Bet those dancers never had an Achilles problem?😜 now there's a study https://t.co/TfH3ZzzbQ4]]></document>
		<document><![CDATA[@Jayleeleezer Hi Jay, biceps brachii not femoris? nothing comes to mind as most shoulder articles I've read focus on RCuff]]></document>
		<document><![CDATA[Great resource https://t.co/wvCOLrh5xA]]></document>
		<document><![CDATA[strangely... i got that first time. Friday brain is not so sharp https://t.co/CoLxoRWmMJ]]></document>
		<document><![CDATA[only got that on second read - 🤔 https://t.co/bH9skeBgc6]]></document>
		<document><![CDATA[interested to see these slide, x3 insertional AT patients today https://t.co/5FYsA6eHLE]]></document>
		<document><![CDATA[love this and use it,patients get it! might be an Irish thing though https://t.co/pOH1rKPFfr]]></document>
		<document><![CDATA[@Seth0Neill @rj_devos just what kind of conf are you at Seth 😱😂]]></document>
		<document><![CDATA[wow, just behind hamstring and above lat ligs, yet gets so little attention https://t.co/UAPdeIJQsu]]></document>
		<document><![CDATA[@JarrodAntflick @richnorris00 would love to get laser. Let me now how it goes]]></document>
		<document><![CDATA[Not for a tendon nerd ,😏 https://t.co/WLGJWEGAE0]]></document>
		<document><![CDATA[Nicely pinged off the rim 😂😂😂 https://t.co/oHb7g1rurO]]></document>
		<document><![CDATA[Same here Rich https://t.co/m38nE7waSW]]></document>
		<document><![CDATA[Really hope to be there next year - hopefully with a few abstracts too. Hope it goes well Kristian. Will be followi… https://t.co/kdub4KtYu7]]></document>
		<document><![CDATA[@Seaniemc89 @Seth0Neill @MaryOKeeffe007 @kieranosull @PeteOSullivanPT would it be cheeky to but in and ask for a copy too ,🤓]]></document>
		<document><![CDATA[Love Westbrook's style of play - so explosive 💪 https://t.co/Vdwmf1dT5G]]></document>
		<document><![CDATA[@stevenawoor @physiojack @JPTDoyle @ClinicalMaze the website and course outlines look great Steve]]></document>
		<document><![CDATA[Yes to both 👌 https://t.co/dburdL6yt2]]></document>
		<document><![CDATA[thats pretty much it https://t.co/yJcAWdXG5l]]></document>
		<document><![CDATA[thanks Pete, but i think i have to save that tweet Pete, just as a reminder that you dont have everything at your f… https://t.co/cLbCfs30iC]]></document>
		<document><![CDATA[@richnorris00 @JarrodAntflick are @StephenCurry30 and @KDTrey5 the MJ and Pippen? Can't see anyone beating @warriors in playoffs this year]]></document>
		<document><![CDATA[@richnorris00 @JarrodAntflick have you lads seen @warriors Vs @cavs game -GSW made LBJ and co look ordinary. So impressed🏀💪👌]]></document>
		<document><![CDATA[Anybody out there have a copy of this? Thanks @Peter_Gettings @Seth0Neill @tomgoom @function2fitnes  https://t.co/JISorX1L1k]]></document>
		<document><![CDATA[Many thanks Luca https://t.co/wROJBEH1qy]]></document>
		<document><![CDATA[Sign of the times. Mulligan mobilisation belts now being used for exercise instead of manual techniques 😉 https://t.co/htuKd6aVmE]]></document>
		<document><![CDATA[Sorry for adding a scan to your busy week😖 https://t.co/F9gQfiSUhZ]]></document>
		<document><![CDATA[@BScanes @AdamMeakins @ChrisMorgan10 @DrJN_SportsMed busy man... Basketball, football,run and gym.]]></document>
		<document><![CDATA[interesting read - and conclusion/summary section highlighting the benefit of exercise but compliance = the challen… https://t.co/X4IqhEuXTY]]></document>
		<document><![CDATA[so helpful now, but i wish i had access to this in 2013 when trying to design my trial, research design so often po… https://t.co/jBpuKlv7Kz]]></document>
		<document><![CDATA[thinking about research, read this! after &gt;20yrs clinical work i thought a PhD was impossible with family etc - opp… https://t.co/G2qHF5O7Yd]]></document>
		<document><![CDATA[how does it impact you now? and how does the scan look now? just curious https://t.co/hLAOCvthkt]]></document>
		<document><![CDATA[Thanks Chris, gonna pester Rich now😜👍 https://t.co/UomY13WG6Z]]></document>
		<document><![CDATA[Ooh...when did you do that? On a diff noteI need to get logiq view on my scanner https://t.co/112tXAaufa]]></document>
		<document><![CDATA[Cheers Bradley https://t.co/3o7UMuwMZK]]></document>
		<document><![CDATA[i was waiting for the isometric Q - i do like the exercise, but would do conc/iso/ecc and focus on time under tensi… https://t.co/tX8u7m3ko0]]></document>
		<document><![CDATA[i like it for those with no gym access, even those with gym access wont be there 2,3,4 times daily https://t.co/4upd4kxIF1]]></document>
		<document><![CDATA[agree and thats the plan for now, just expect that diff orthos might suggest diff approaches ...or is there a conse… https://t.co/LtEUgSeiJV]]></document>
		<document><![CDATA[quick Q to those in football - U17 player with distal Rec Fem complete rupture? surgery or rehab?? thanks all @AdamMeakins @ChrisMorgan10]]></document>
		<document><![CDATA[👏👏 @BrendanCourtney I truly hope @SimonHarrisTD was watching @latelateshow tonight. Simple sensible solution - Fair deal for your own home.]]></document>
		<document><![CDATA[Excellent. Just thought I would check before Signing off for Friday night at home🍷 https://t.co/R9lHCXo00K]]></document>
		<document><![CDATA[What's your email Rich https://t.co/c0txoEhYnM]]></document>
		<document><![CDATA[thanks for that, glad to hear you found it useful]]></document>
		<document><![CDATA[thank you https://t.co/WWcpCIX8La]]></document>
		<document><![CDATA[yeap. twitter library working with good effect https://t.co/aqJK9fDro9]]></document>
		<document><![CDATA[thanks a mill Ben https://t.co/icYIJNU4qV]]></document>
		<document><![CDATA[cheers Igor, much appreciated! https://t.co/L1Eb6nQCvU]]></document>
		<document><![CDATA[wondering if anyone out there has a copy and willing to share, thanks https://t.co/h3uDKhXgV7]]></document>
		<document><![CDATA[Feels a long way off right now Sean. Enjoy the well earned celebrations https://t.co/expDXGFIn0]]></document>
		<document><![CDATA[Thanks for that. Always great to get feedback- Glad you liked it https://t.co/YJq8kNA5Ur]]></document>
		<document><![CDATA[@Seaniemc89 @McCreesh_Karen @kieranosull well done Sean ,👌👍 must feel good]]></document>
		<document><![CDATA[@function2fitnes @JFEsculier @tomgoom @rwilly2003 @RunningReform oops. Forgot the attachment https://t.co/eySBe4VJpf]]></document>
		<document><![CDATA[@function2fitnes @JFEsculier @tomgoom @rwilly2003 lunchtime re-read of this. 3 stacked pages. Might make it on your list @RunningReform]]></document>
		<document><![CDATA[@VirginMediaIE will try]]></document>
		<document><![CDATA[@VirginMediaIE yes wifi only]]></document>
		<document><![CDATA[@VirginMediaIE yes. Your internet is so slow. I tried calling to stay a customer. Speaking to an alternative provider/better service/price]]></document>
		<document><![CDATA[Frustrating... 15mins on phone to @VirginMediaIE c/o very poor internet service and they disconnect me ... Time to switch]]></document>
		<document><![CDATA[Looks like I should read this then. Thanks Jamie👍 https://t.co/UdpjdcsF5D]]></document>
		<document><![CDATA[an interesting read from @carlespedret @Dr_Ramon_Balius et al with some surprising findings https://t.co/dM3xsLcaqt]]></document>
		<document><![CDATA[well done @simonthephysio 👏 , a great paper, i have given some extracts from it to patients, to 'sell' prox exercis… https://t.co/0endI7pm9N]]></document>
		<document><![CDATA[Might be self promotion but it's a go to paper 👍 https://t.co/lp2kHRDm7o]]></document>
		<document><![CDATA[@eoin_cunniffe I would read them along with the 4 recommended by @function2fitnes if you've got the time 🤔 https://t.co/hAemIHoclW]]></document>
		<document><![CDATA[first blog of 2017 Pete, thanks for this, i do like how @erikMeira writes and thinks, i think i share some of the B… https://t.co/SmQjc6wYq5]]></document>
		<document><![CDATA[This is a great read, interestingly more than a few AT pts in my trial attribute the onset of their Achilles pain t… https://t.co/ug4EkV0lj6]]></document>
		<document><![CDATA[Very similar here. https://t.co/cj0OiJcQMV]]></document>
		<document><![CDATA[Ours is a HSE service. So mainly non-athletes. https://t.co/xllvx2PY43]]></document>
		<document><![CDATA[@ralphy1517 @function2fitnes @VennHealthcare @AngeloCacchio @LinearProbe @OsteopathEdin same here. Good to be on the same page]]></document>
		<document><![CDATA[always with Rehab !! https://t.co/Mm8Dvj9lCr]]></document>
	</documents>
</author>