<author lang="en">
	<documents>
		<document><![CDATA[https://t.co/PRWoeUMJzC why cant these ❄ be controlled by the weather too &amp; just melt.]]></document>
		<document><![CDATA[@TheRevAl ur going to have to answer to the Highest w/o benefit reason or excuse. Ur sins read, no defense. There is no defense.]]></document>
		<document><![CDATA[https://t.co/t8s3J3m3G3 Reverend of the #ZombieStupid Am Sharpton ur going 2 have 2 answer 2 the Highest power without reasoning or excuse]]></document>
		<document><![CDATA[Because it is the job of the President to protect America! https://t.co/141TCYqw7U]]></document>
		<document><![CDATA[Ridiculous! All they have to do is accuse a non-muslim of blasphemy (speaking badly of Muhammad) to be arrested for… https://t.co/T4Dy84sGMJ]]></document>
		<document><![CDATA[Angels are Real: A Video for the Skeptics https://t.co/zQGnLY0ryF via @YouTube    Angels Are Real!!]]></document>
		<document><![CDATA[Miracles Caught on Camera: Proof God Answers Prayers https://t.co/yeP1VO2OGU via @YouTube  God is working!!]]></document>
		<document><![CDATA[https://t.co/c27WpfOHmX BOOM!! Loud &amp; clear, just not what the libtard wanted to hear!]]></document>
		<document><![CDATA[https://t.co/dfIidfazd7 BOOM!! THERE IT IS CALIFORNIA!!!]]></document>
		<document><![CDATA[https://t.co/iEMNDChQrI BOOM!! THERE IT IS!!]]></document>
		<document><![CDATA[https://t.co/OWucyN2OqI BOOM THERE IT IS!!! @lsarsour]]></document>
		<document><![CDATA[https://t.co/stfeUV0PJv what Chuck? Lol]]></document>
		<document><![CDATA[https://t.co/YLl1ZZk6ku It isn't a Muslim Ban! &amp; why don't they go to Saudi Arabia which is closer?]]></document>
		<document><![CDATA[@lsarsour https://t.co/YLl1ZZk6ku #1 reason you'll loose your lawsuit.]]></document>
		<document><![CDATA[https://t.co/RSBgmVQZ7Q Dear Lord will Obama ever go away! Trump enforced Obamas 2015/16 Act!]]></document>
		<document><![CDATA[@lsarsour Quran 10:37 proof that Quran is a conformation of what came b4 it, the Torah, Gospels, &amp; Bible are no doubt from the Lord]]></document>
		<document><![CDATA[@lsarsour b4 you ppl follow this woman &amp; her Satanic Cult of Muhammad all the way to Hell you might want to research the verses I gave.]]></document>
		<document><![CDATA[@lsarsour Muhammad didn't receive messages from Gabriel an Archangel (angel of light) but from Gabeel A Fallen Angel (angel of dark).]]></document>
		<document><![CDATA[@lsarsour Allah is Satan Proof: Quran 47:4 Proof Rev 20:4; Quran 2:97 Proof Gal 1:8-9, 2Cor 11:14-15; Quran itself says Allah is Satan.]]></document>
		<document><![CDATA[@lsarsour Allah is Satan Bukhar 4:52 : 177 Proof John 16:1-3; Quran 3:151 Proof John 10-10; Quran 9:29 Proof 1Peter 5:8-9]]></document>
		<document><![CDATA[@lsarsour Allah is Satan Bukhar 4:52 :220 Proof 1John 3:8; Quran 2:191 Proof Exodus 20:13; Quran 9:14 Proof John 8:44]]></document>
		<document><![CDATA[@lsarsour Allah is Satan, Quran 3:156, 7:158, 15:23, 57:2 name #6 Proof 1Cor 10:10 Quran 13:9 name #78 Proof Isaiah 14:14]]></document>
		<document><![CDATA[@lsarsour Allah is Satan Quran 10:37 Proof 2Cor 4:3-4. Quran 59:23 Allah's #10 name Proof Isaiah 14:12-15, Ezekiel 28:11-19]]></document>
		<document><![CDATA[@lsarsour it is in the Quran 47:4 https://t.co/LwDig09NEW]]></document>
		<document><![CDATA[@lsarsour what they want in US https://t.co/waju04bB4Q]]></document>
		<document><![CDATA[@lsarsour this is what unregulated immigration brings. https://t.co/yl2XMpLWEJ]]></document>
		<document><![CDATA[@lsarsour This is everyday ppl not radical or extremists. https://t.co/DPKBWtrcyg it was later determined that she didn't burned Quran.]]></document>
		<document><![CDATA[@lsarsour Anyone who believes the Muruan Taqiyya spewed by this woman is a Zombie! Your brain dead &amp; following the herd.]]></document>
		<document><![CDATA[https://t.co/tDe8ZkvXig She needs to be out on a Terror watch list.]]></document>
		<document><![CDATA[@lsarsour Gorka on Trump Travel Ban: 'Facts Are Optional for the Liberal Media' https://t.co/v2cxlr69mp, get your facts straight.]]></document>
		<document><![CDATA[Gorka on Trump Travel Ban: 'Facts Are Optional for the Liberal Media' https://t.co/v2cxlr69mp]]></document>
		<document><![CDATA[@lsarsour https://t.co/PkzzZ8HDgR This is what the Act Obama created in 2015/16 that Trump just Ordered again is to prevent this.]]></document>
		<document><![CDATA[@lsarsour Here's what President Trump's executive order on refugees actually does. https://t.co/xniCfOkFB4]]></document>
		<document><![CDATA[@letsgomathias @lsarsour on what charges?]]></document>
		<document><![CDATA[@lsarsour @lfmasri on what charges?]]></document>
		<document><![CDATA[https://t.co/mMmzXMPnjh via @youtube BOOM! There it is! Do your job or your fired!]]></document>
		<document><![CDATA[Jim Caviezel Testimony (Actor Who Played Jesus in The Passion of the Chr... https://t.co/y0GkrlAl6P via @YouTube]]></document>
		<document><![CDATA[Islam's 10 Most Diabolical Evil Teachings in all Human History in Quran ... https://t.co/xWti7DethM via @YouTube If you r protesting watch]]></document>
		<document><![CDATA[Top 22 Questions Muslims Refuse To Answer Because They Have The Spirit o... https://t.co/zv7liY83rR via @YouTube For your Information]]></document>
		<document><![CDATA[Shabot former Muslim exposes Islam as Satanism and Antichrist https://t.co/mfF4NwhTI7 via @YouTube @realDonaldTrump @TGowdy @Jasoninthehouse]]></document>
		<document><![CDATA[Shabot former Muslim exposes Islam as Satanism and Antichrist https://t.co/mfF4Nw0ijx via @YouTube  This is why Sharia Law must be Outlawed!]]></document>
		<document><![CDATA[Would any other religion do this? Yet more proof that Islam is the Cult of Muhammad, not a religion. https://t.co/6Yus85uAaz]]></document>
		<document><![CDATA[When you fear leaving a religion it is not a religion, it is a Cult. Islam is the Cult of Muhammad. https://t.co/undIEqrg1J]]></document>
		<document><![CDATA[Yet further Proof https://t.co/WGlJvIN74y]]></document>
		<document><![CDATA[When you leave Islam the punishment is to be killed. Extreme Cult Core. Islam in NOT A RELIGION. IT IS A CULT! THE… https://t.co/WjAryR9BV9]]></document>
		<document><![CDATA[Really? Anyone who says they don't believe in God in Saudi is a terrorist because it may cause others to actually t… https://t.co/g7aO3ztcVP]]></document>
		<document><![CDATA[When you are not allowed to question any aspect of a religion, that is not a religion. It is a Cult. The Cult of Mu… https://t.co/rj4RIK90XG]]></document>
		<document><![CDATA[When everything u do, say, eat, wear, think, who u speak to, EVERY aspect of life is dictated that is what a Cult d… https://t.co/MWpJXatocH]]></document>
		<document><![CDATA[Yet more proof that Islam is not a religion, but a Cult. The Cult of Muhammad. This is an average person, not extre… https://t.co/3aX0L0n1nU]]></document>
		<document><![CDATA[Further proof that Islam is not a religion, but a Cult. The Cult of Muhammad. https://t.co/ryGQm3R3K0]]></document>
		<document><![CDATA[Further evidence that Islam is not a religion but a cult. The Cult of Muhammad. https://t.co/goCYg9ohSF]]></document>
		<document><![CDATA[Listen, read, research what Islam truly is b4 you protest and/or support Sharia Law. This is a everyday person, not… https://t.co/9Oaf3PBiS1]]></document>
		<document><![CDATA[https://t.co/TaVkMWlR4U Recap, BOOM!]]></document>
		<document><![CDATA[how about before you protest closed borders, controlled immigration, and support Sharia Law you take the time to ac… https://t.co/rgN1GnxClr]]></document>
		<document><![CDATA[This, for actively speaking out about Islam. And you want this in Our Country. Well, if I end up dead you'll know w… https://t.co/Sof1fXB5zt]]></document>
		<document><![CDATA[Islam is not a religion. It is the Cult of Muhammad. https://t.co/1XomyqZ28r]]></document>
		<document><![CDATA[Yet another instance where leaving Islam is unacceptable. Islam is not a religion. It is the Cult of Muhammad. https://t.co/xHaI43T0cW]]></document>
		<document><![CDATA[Tahani Mansour, just one "Honor Killing" victim in the US. Who is speaking for her? https://t.co/DocEP3LI01]]></document>
		<document><![CDATA[Yet another ex muslim living in fear because she no longer believes in Islam. That is Cult 101. https://t.co/QB0JeMotFJ]]></document>
		<document><![CDATA[When leaving a religion is this fearful you have to ask, is it a religion or a cult. The Cult of Muhammad https://t.co/G9JYCbQGKt]]></document>
		<document><![CDATA[And this is not a radical or extremist. Not a religion, but a Cult. Cult of Muhammad https://t.co/JgOfCmGm4v]]></document>
		<document><![CDATA[No other religion is this way. This is further proof that Islam is not a religion but a Cult. The Cult of Muhammad. https://t.co/S3O35rpD0N]]></document>
		<document><![CDATA[https://t.co/VGxuX9HKVM Death Penalty is what is needed.]]></document>
		<document><![CDATA[https://t.co/2DZyTiJPYR This is a man who knows what's important &amp; is ready for business!]]></document>
		<document><![CDATA[https://t.co/DTiUgIIgTy FYI! I'm switching back to Firefox!]]></document>
		<document><![CDATA[https://t.co/mAm1zl2bTo BOOM MICHELLE! Sorry... NOT!]]></document>
		<document><![CDATA[No they don't. https://t.co/juzUiY1vRs]]></document>
		<document><![CDATA[BBC is = to CNN https://t.co/H8vAjMVP0L]]></document>
		<document><![CDATA[Where were these ppl when Obama created the Act in 2015/16? #ZombieStupid https://t.co/ma4zw0630N]]></document>
		<document><![CDATA[Heads up  #upenn what are you allowing to be taught to ur students https://t.co/pDwxzvo6r4]]></document>
		<document><![CDATA[Leave the EU Poland and you'll get that freedom back https://t.co/ypoqNh3QJk]]></document>
		<document><![CDATA[The ppl in the mosque must not adhere to the violence demanded by their cult https://t.co/YqWmIvXsPL]]></document>
		<document><![CDATA[The same place the Protesters here were, plugged into the propaganda machines of the Leftist, Liberals, and Dems https://t.co/sAI8c0hor8]]></document>
		<document><![CDATA[Love the meme https://t.co/tDhOXLzIbE]]></document>
		<document><![CDATA[Sweden should leave EU https://t.co/sTsqasZmux]]></document>
		<document><![CDATA[As They Should https://t.co/sqfunvJQUj]]></document>
		<document><![CDATA[Only someone with their head in the sand would believe it is a modern phenomenon https://t.co/pGsVLOhpfC]]></document>
		<document><![CDATA[CAN'T WAIT!!! https://t.co/oBDaJxconS]]></document>
		<document><![CDATA[msm doesn't have actual journalist now, its a business, no longer a public service https://t.co/01TvIAPKLj]]></document>
		<document><![CDATA[No it doesn't and these idiots saying it does really need to go back to school or at least a library and research.… https://t.co/02YwqTXSyZ]]></document>
		<document><![CDATA[@TrumpTreason_ @foxandfriends @JaySekulow Really? If anything is Hitlertarian it the Leftist, Liberals, and the Dem. GTFU]]></document>
		<document><![CDATA[Yes, lets actually "look" and not be led! https://t.co/rNeo9mX5T3]]></document>
		<document><![CDATA[Thank You Cpt. Deason! https://t.co/qYCIPpwTQH]]></document>
		<document><![CDATA[It seems there are many ppl so caught up in exercising their freedom of speech that they don't think about what the… https://t.co/x5pa0n9ZPA]]></document>
		<document><![CDATA[Exactly! I honestly cannot understand what these protesters are thinking. It makes my head hurt trying to figure it… https://t.co/pfy8R5SRYF]]></document>
		<document><![CDATA[I agree but it's not a Muslim Ban. It's a Ban on Muslim Countries that Obama initiated in an Act 2015/16. No outrag… https://t.co/dVgxlVz8FE]]></document>
		<document><![CDATA[Exactly, and if ppl would stop being led around like lambs and read, research they'd learn something. Like it was a… https://t.co/Lt8PaRiNmH]]></document>
		<document><![CDATA[Praying for Italy @matteosalvinimi !! https://t.co/oTBuessmPz]]></document>
		<document><![CDATA[LOL, aren't these the same people at the Airports? https://t.co/JqO0o1phwS]]></document>
		<document><![CDATA[The Truth About Trump's 'Muslim Ban' https://t.co/i8X1uHoTZc via @YouTube Nobody says it better! A Brit understands better than Americans]]></document>
		<document><![CDATA[LMAO So very True @wraithvenge !! https://t.co/eKC5bquQhK]]></document>
		<document><![CDATA[I concur, the Irish Immigrants did so, as did the others. https://t.co/wAaFOwaSyr]]></document>
		<document><![CDATA[And they had no problem when Obama did it. https://t.co/jCzMLZAvT6]]></document>
		<document><![CDATA[Exactly! https://t.co/v5jZjZmrii]]></document>
		<document><![CDATA[with the liberal leftist snowflakes go figure, it's no wonder https://t.co/FKE4KmjKSo]]></document>
		<document><![CDATA[They only listen to msm &amp; their leaders. None of them actually research for themselves or they would be as flabberg… https://t.co/6gVfrjcTQj]]></document>
		<document><![CDATA[Thank You @realDonaldTrump https://t.co/4EHfMQZOqp]]></document>
		<document><![CDATA[Anonymous threatens attack on ISIS after Nice terror https://t.co/LejpDk7yVq]]></document>
		<document><![CDATA[It would appear that Nigel understands America better than some so called Americans. Thank you @Nigel_Farage https://t.co/UNTRY5MHhM]]></document>
		<document><![CDATA[Sharia Law itself violates The Constitution. https://t.co/34vCg9WC6q]]></document>
	</documents>
</author>