<author lang="en">
	<documents>
		<document><![CDATA[If he put his money where his mouth is The Caymans doesn't stand a chance of rinsing it clean. https://t.co/CE7Cu2XmBw]]></document>
		<document><![CDATA[Malcolm prefers these cameras because they don't require the NBN in any way, shape or form. https://t.co/RL0ScvnD3r]]></document>
		<document><![CDATA[Did Turnbull reveal his true colours: blue ribbon flecked with brown spatter. #Arsehole https://t.co/mx09mNcZ5D]]></document>
		<document><![CDATA[Our Prime Minister is the head of a gang of legbreaking extortionists.
#CentrelinkMafioso https://t.co/zp0jzR04cz]]></document>
		<document><![CDATA[Sadly unlike Sarina Russo there may be no exponential return on investment. 
#Russophile https://t.co/rU8g5KS15u]]></document>
		<document><![CDATA[I would think that it's more like a chopping block. #BasketCase #NoPoliticalInstinct https://t.co/OInK1P3oIa]]></document>
		<document><![CDATA[@hitinman  @YouTube 
That voice.
😏]]></document>
		<document><![CDATA[This is one of the reasons why Malcolm doesn't like the open carriage. It's too confrontational. Malcolm doesn't li… https://t.co/GxySPSsvGV]]></document>
		<document><![CDATA[@nonstoptom @fransi1803 lol I haven't that expression in a long time.]]></document>
		<document><![CDATA[Looks like the One Nation think tank trying to create policies.
#PleaseExplain https://t.co/spU6NNJU9A]]></document>
		<document><![CDATA[@iMusing And poor old Malcolm Roberts thinks that Opposite day is using a fork for cereal etc...
#PleaseExplain]]></document>
		<document><![CDATA[@Asher_Wolf Is the bottom lunch for Homer?
D'OH !!!!!]]></document>
		<document><![CDATA[@Shear_Gold @u_hardy lol.
#PlagueThomson]]></document>
		<document><![CDATA[@elviscoal @brandon2479 @ladiesgun That a personal matter between him and Mr Trump.
#GoldenShowers]]></document>
		<document><![CDATA[Not so sure. These are Republicans after all.
😨😨😨😨😨😨😨😨😨😨😨😨😨 https://t.co/CPIsrNngAC]]></document>
		<document><![CDATA[His spending is almost on the same level as the Liberal National Party.
#JohnnyDeppDoesntLikePolo https://t.co/aM4jG9sDbt]]></document>
		<document><![CDATA[As good as the agreement contractors, tradespeople etc...signed with Trump to get paid the agreed price for their w… https://t.co/t56UgDXLij]]></document>
		<document><![CDATA[@EdwardJWHunter She could probably take her own selfie too. These dogs are way too smart lol.]]></document>
		<document><![CDATA[Sussan, you interested? https://t.co/13arC0dfjs]]></document>
		<document><![CDATA[Thank goodness then that the marmalade for the scones is made from oranges. #OrangeTerror https://t.co/uzG5t9CIyw]]></document>
		<document><![CDATA[What does Malcolm Roberts think of Wednesday? 
#MarchOnWednesday
#PleaseExplain #BoxingDay #PunchDrunk #RobbyBalboa https://t.co/75x3z1MmKg]]></document>
		<document><![CDATA[@Amy_Siskind Yeah they're straight but with some of them this is anything but a virtue.
#BillClinton #Trump]]></document>
		<document><![CDATA[@GaryGolledge One likes to see balls knocked and played around on a field while the other just likes playing with balls. #PoloBishop]]></document>
		<document><![CDATA[What's the difference between Julie Bishop and a Catholic bishop?]]></document>
		<document><![CDATA[A young Julie Bishop trying to emulate her name in a holier than thou fashion, complete with the holier than thou s… https://t.co/hQRxpMxgnn]]></document>
		<document><![CDATA[Witness the One Nation political party. #PleaseExplain https://t.co/KSYMN9HtAg]]></document>
		<document><![CDATA[@Amy_Siskind @geeksrulz With crooked motives.
😞]]></document>
		<document><![CDATA[And what about the returns on those investments? Did they get same sort of results as Sarina Russo?
#Russophile https://t.co/sPafmpLNRK]]></document>
		<document><![CDATA[@randlight @xskinn lol I tweeted the same thing as soon as I read it.]]></document>
		<document><![CDATA[Was it there in the first place?
😞 https://t.co/5E2QQfGT3l]]></document>
		<document><![CDATA[@EdwardJWHunter how is the pup doing?]]></document>
		<document><![CDATA[@EdwardJWHunter Make sure that you get your 3 pence worth before you unfollow him.
😞]]></document>
		<document><![CDATA[@EdwardJWHunter Twitter automatically defaults to the next POTUS and Vice president. It's up to individuals to notice this and change it.]]></document>
		<document><![CDATA[Abbott had ideological crap with the blue/red ties, but it's history now. Perhaps Turnbull could try wearing a yellow one. #OrangeChokeHold]]></document>
		<document><![CDATA[@EdwardJWHunter @ray_wilton Awwww thanks Ed.]]></document>
		<document><![CDATA[@clementine_ford @tallpunksteph She was blocking the "o."]]></document>
		<document><![CDATA[@clementine_ford @tallpunksteph He got torn a new one last year because of his ''Hillary standing in front of a sign saying "count" '' Tweet]]></document>
		<document><![CDATA[@EdwardJWHunter @ray_wilton Can we have a photo of said pup?
Pleeeaaase
#BorderColliesAretheCentreoftheUniverse]]></document>
		<document><![CDATA[@clementine_ford @tallpunksteph Rich and smug.]]></document>
		<document><![CDATA[@vinrock39 
#ScottTheTwat]]></document>
		<document><![CDATA[@vinrock39 is standing in front of a sign- 'count' but she blocks out the 'o.' 2]]></document>
		<document><![CDATA[@vinrock39 He got torn apart by a well known emale anchor in America about a tweet he did where Hillary 1]]></document>
		<document><![CDATA[@vinrock39 I've read Baio's tweets. He's rich and smug. 
#ArcolaArsehola]]></document>
		<document><![CDATA[He may not have hung around the restrooms like The Fonz, but he was definitely full of shit and bubbling over with… https://t.co/VRp8ocOaun]]></document>
		<document><![CDATA[A couple of jellyfish wash up on a Sydney beach near an Eastern suburbs surf lifesaving club. No this story isn't about Turnbull &amp; Abbott..]]></document>
		<document><![CDATA[Do we also see the returns on those investments à la Sarina Russo?
#RussophileLNP  #InvestIsBest https://t.co/yLa2rPlKpj]]></document>
		<document><![CDATA[@clementine_ford It's a dirty job but someone has to run with it.
😞]]></document>
		<document><![CDATA[Damn...Robespierre's career had already been cut short by then.
#RedTerror #OrangeTerror
1794 https://t.co/XH9jjtL2tL]]></document>
		<document><![CDATA[As long as it's not the Dreamtime, Dream Team or Dream Girls then it's completely and nightmarishly white.… https://t.co/iiKaDRqha9]]></document>
		<document><![CDATA[@nancycato1 @JaneCaro Yeah she's alright that Jane.
#SuffersNoFools #SuffersForSchools]]></document>
		<document><![CDATA[Malcolm Roberts: when, every year, you take Boxing Day literally.
#PunchDrunk #RobbyBalboa #Adrian https://t.co/sEtObhwKyG]]></document>
		<document><![CDATA[Didn't you also trigger his erection. 
#Russophile https://t.co/TbDNsoAJx8]]></document>
		<document><![CDATA[As with Trump it doesn't matter how fake the headwear, it's still fake as is the person wearing it. https://t.co/uzFyC7w8Ml]]></document>
		<document><![CDATA[Malcolm Turnbull didn't bother with any Gettysburg style address about Trump's tyranny. He got the first train out of the debate.]]></document>
		<document><![CDATA[Morrison only has 10 digits, on 2 hands, but the actual economy runs into the billions. https://t.co/akgCBQMYFg]]></document>
		<document><![CDATA[Also related to ""We're putting in a plan of action." https://t.co/U4JBcxCrgq]]></document>
		<document><![CDATA[@BernardKeane The @BCAcomau must be drinking from the same well as Sean Spicer.]]></document>
		<document><![CDATA[You are more likely to find Harold Holt down there. https://t.co/vzGnexJ0SU]]></document>
		<document><![CDATA[Meanwhile Russophile Sussan Ley settles down with her latest imprint of Dostoyevsky's Crime and Punishment, wondering on earth why 1/2]]></document>
		<document><![CDATA[Soon they'll make a Barbie style doll of Julie Bishop complete with polo/red carpet outfits. It will even have the blank stare. #Vacuous]]></document>
		<document><![CDATA[How many James Ashbys does it take to change a lightbulb? Just one, but he usually chooses the dullest bulb. 
#PleaseExplain]]></document>
		<document><![CDATA[@margokingston1 She hasn't got a clue about politics. Her political instincts couldn't fill one of Paul Keating's red shoes. #Ideology]]></document>
		<document><![CDATA[Or english. Have you read his tweets FFS !!!!!!
#BrokenSyntax #PaysNoTax https://t.co/Lm0ieHPCKQ]]></document>
		<document><![CDATA[She even thinks that she's a Trump card. Using her portfolio to attend everything BUT foreign affairs. #PoloJulie… https://t.co/o1S9FLRJse]]></document>
		<document><![CDATA[@muzzlefreemadam Unfortunately real life has become like the movies - "We're not in Kansas anymore toto." #ConstitutionalMayhem]]></document>
		<document><![CDATA[@phbarratt @lynlinking We do have "shared values." It's just this particular mountebank who cares for nobody but himself.]]></document>
		<document><![CDATA[Trump has single handedly instigated the biggest recruitment drive for ISIS. He didn't even need to use an advertising firm.
#TrumpisaChump]]></document>
		<document><![CDATA[WTF kind of a deal has Turnbull made with the devil???!!!
#Terrifying https://t.co/IaZ7aJxO78]]></document>
		<document><![CDATA[Yeah but nobody wants to chow down on Conservative politicians. https://t.co/qciu9X6rus]]></document>
		<document><![CDATA[Pauline seeks out Jim Ashby everyday and it's doing fuck all good for her.
#PleaseExplain https://t.co/iSSTrh9UzK]]></document>
		<document><![CDATA[But shouting to Trump to fuck off makes you a better person.
#SeanSpicerSaidSo https://t.co/uRIqsBYSSw]]></document>
		<document><![CDATA[@ItsBouquet @afcoory ""Mein kampf is definitely a pathetic one""]]></document>
		<document><![CDATA[Something completely alien to politicians. https://t.co/JafkQlcA97]]></document>
		<document><![CDATA[There's way too many overseas business interests which will result in conflicts of interest for him to remain an im… https://t.co/q0RiKXi4WK]]></document>
		<document><![CDATA[Enough with the berries already Mik. https://t.co/opkCM4Y9R7]]></document>
		<document><![CDATA[@randlight @MarkDiStef It's to the south of The Kingdom of Banana Republic. It has its own One Nation day. #BeaTwatOnLabourDay]]></document>
		<document><![CDATA[Malcolm Turnbull would prefer it if his reflection had a backbone and did all the condemning. https://t.co/7mLjrAirw8]]></document>
		<document><![CDATA[FFS !!! She can't even spell basic words.
#PleaseExplain https://t.co/BNq0HRu3pI]]></document>
		<document><![CDATA[And more naturally growing hair on top too. https://t.co/FZ9CxyoAQ3]]></document>
		<document><![CDATA[@BernardKeane That pup knows it too. Where's the ice cream dad?]]></document>
		<document><![CDATA[Too late, Trump already did.
#GoldenShowers https://t.co/qZgcFmNvPa]]></document>
		<document><![CDATA[@ItsBouquet If only the Prime Ministership could be silver platter easy as everything else in his life.]]></document>
		<document><![CDATA[@AussiemacJ @independentaus I'm not too sure that he knows that his synapses fire at a slower rate than most other humans.]]></document>
		<document><![CDATA[Prices have gone through the glasshouse ceiling since the Coalition started using it. https://t.co/CIaJaiRFp2]]></document>
		<document><![CDATA[Fuckwit https://t.co/BXiBJw5h5w]]></document>
		<document><![CDATA[And try and act sincere on public transport. https://t.co/F6ZEpNWvtf]]></document>
		<document><![CDATA[James Ashby?
#PleaseExplain https://t.co/RtagZRCjLr]]></document>
		<document><![CDATA[And they always use everyone else's dough  #PigsTrough https://t.co/mTEnJhruaq]]></document>
		<document><![CDATA[Perhaps fashionista Julie Bishop, when she next visits the United States, can suggest some more interesting apparel to the Klu Klux Klan.]]></document>
		<document><![CDATA[It looks like they've just replaced one arsehole with another. Factionalism above all else. https://t.co/Lm2Tf2sIID]]></document>
		<document><![CDATA[Completely vacuous and predictable from Polo Julie. https://t.co/fUtYkcFLru]]></document>
		<document><![CDATA[Maybe that explains why Malcolm Roberts is so dopey and not very cogent. Every year he takes 'Boxing Day' literally… https://t.co/jK6lIpBSGt]]></document>
		<document><![CDATA[@elliemail @guardian Have you read this? @vanbadham]]></document>
		<document><![CDATA[@_ClaireConnelly @lucyham Good choice of drink.]]></document>
		<document><![CDATA[Interesting article https://t.co/rq603AWCUK]]></document>
		<document><![CDATA[The library will hold a vast supply of Playboy, Penthouse and comics.
#SeanSpicerSaidSo https://t.co/NONTn22qsC]]></document>
		<document><![CDATA[@muzzlefreemadam @leftocentre  As long as they can just swipe the card not have to remember any sequence of numbers.
#YouFergotYerPinDintYa]]></document>
		<document><![CDATA[No ! Malcolm Roberts is definitely stupid. https://t.co/Z6WX8mP7dN]]></document>
		<document><![CDATA[Shit floats too.
#Factionalism https://t.co/QHjdWHpZNv]]></document>
		<document><![CDATA[What is it with lawyers and power going to their head.......Robespierre, Brandis........ https://t.co/EkGAOWkW3a]]></document>
	</documents>
</author>