<author lang="en">
	<documents>
		<document><![CDATA[Hearing Mark "freestyle" some old school Linkin Park in the @AuntyDonnaBoys podcast made my life.]]></document>
		<document><![CDATA[I feel bad that every time someone in Perth has a birthday, someone like me says '"Happy Perth-Day."]]></document>
		<document><![CDATA[It can't be a coincidence that 'fuzzy little man peach' perfectly describes Trump - @noelfielding11 @julian_barratt]]></document>
		<document><![CDATA[@ozflixtv launches on Australia day w/ Me &amp; My Mates vs The Zombie Apocalypse - check it out! @filmink @ScreenAustralia]]></document>
		<document><![CDATA[Congrats to @nealbrennan on 3 Mics. Incredible special, great concept, dxpertly realized. Touching and funny. Check it out on netflix.]]></document>
		<document><![CDATA[@sethsentry If you do, I will listen to it.]]></document>
		<document><![CDATA[Hey @Daley_Pearson check out this pilot to an audio sitcom I made, you might dig it: https://t.co/JMrfIsmRv2]]></document>
		<document><![CDATA[@NtheodoraK wrote an article about R.Gosling being sexist &amp; linked the "woman make 77c on the $ to men" claim to an article that debunks it.]]></document>
		<document><![CDATA[Free bars @3ree6ixty @sethsentry @PurposePE @blissneso https://t.co/t3X3F3Ds1i]]></document>
		<document><![CDATA[I've just heard that public and private schools in Australia are teaching the Arabic number system! How do we stop this? #outraged @chaser]]></document>
		<document><![CDATA[Hold up. Steven Tyler + Joe Perry = Tyler Perry?! I'll never look at "Madea's Aerosmith Live In Concert" the same way.]]></document>
		<document><![CDATA[@VapidVixen in my opinion it's a must watch, Greg Fleet is great in it and Alex Williamson and Jim Jefferies are really funny]]></document>
		<document><![CDATA[@chrissparling during the election period the nominees should have to undertake public psych eval and an economic and social knowledge quiz]]></document>
		<document><![CDATA[My band Pleased to Jive You just released their new project: the HAND POWER EP (free download) - https://t.co/EpxshdpI62]]></document>
		<document><![CDATA[The world of professional coin flipping is explored in the latest Quippurb Podcast: https://t.co/N1MwxL9pR2 #comedy #podcast #improv]]></document>
		<document><![CDATA[@creepypuppet @LWhannell There's so much potential for a Saw escape-room style game in VR!]]></document>
		<document><![CDATA["You can't threaten an atheist with hell. It'd be like a hippie threatening to punch you in your aura" - @JoshThomas87 in Please Like Me.]]></document>
		<document><![CDATA[Part 2 of Gruff N Gordo is out now! If @JamieKennedy listens to this, we'll probably do an entire episode about him https://t.co/5CgenXq92Z]]></document>
		<document><![CDATA[@thegregfleet This guy is a youtuber who does public stunts/"social experiments" so wouldn't be surprised if this isn't the whole story...]]></document>
		<document><![CDATA[The US: They're just jealous that we actually HAVE elections.]]></document>
		<document><![CDATA[Wait, both @creepypuppet &amp; @LWhannell are shooting films in Aus?! Who do I have to put a reverse bear-trap on to somehow be involved?]]></document>
		<document><![CDATA[New episode of my comedy podcast. This ones about two jobless commercial radio DJ's trying their luck at podcasting: https://t.co/IwrLsJ0OkD]]></document>
		<document><![CDATA[@sethsentry Could be January, supposedly they're done with the episodes]]></document>
		<document><![CDATA[Shows like "The Last Man On Earth" and "The Good Place" give me hope for more high-concept half-hour comedies!]]></document>
		<document><![CDATA[If you're reading this tweet, you could listen to this radio play I made, its 10 minutes long and attemptedly funny: https://t.co/e8FWjWEaCD]]></document>
		<document><![CDATA[I'm actually the person who coined the term "post-truth."]]></document>
		<document><![CDATA[Now you're going to stand there and tell me that "wi-fi" doesn't stand for "wireless-fireless"?!]]></document>
		<document><![CDATA[The new episode of the Quippurb Radio Podcast Show is up! It's called "Pros and Cons" and is 10 mins long. Listen: https://t.co/e8FWjWEaCD]]></document>
		<document><![CDATA[In Harry Potter, what does the Sorting Hat do for the other 364 days a year? Is the poor guy just chucked in a closet somewhere?]]></document>
		<document><![CDATA[My brother just screamed at me to come see that @adelevuko85 was on TV! #20to1 Can't wait for #whambam]]></document>
		<document><![CDATA[Strongly considering creating some real relationship problems just so I can get on @unqualified with @SimSarna &amp; @AnnaKFaris]]></document>
		<document><![CDATA[The Amanda Knox doco on Netflix taught me an important lesson. Never give yourself a nickname on your social media. #foxyknoxy]]></document>
		<document><![CDATA[Check out my new #comedy #podcast where we make ~10 min audio sitcoms, plays and sketches. https://t.co/mcemL1ADvu https://t.co/rP29dV1cje]]></document>
		<document><![CDATA[#Westworld theory: Season 2 is Anthony Hopkins and co. realising that they're just characters in a TV show and coming after Jonathan Nolan.]]></document>
		<document><![CDATA[@LandriganMatt @thegregfleet @StanAustralia @NetflixANZ yeah but they'd all be through different distribution deals/companies to us]]></document>
		<document><![CDATA[@thegregfleet @LandriganMatt Would love to get the flick on @StanAustralia or @NetflixANZ - not sure how though.]]></document>
		<document><![CDATA[Just launched the first episodes of my 10 minute comedy podcast: audio sitcoms, sketches, improv. Listen here: https://t.co/Mj42F5OaRy]]></document>
		<document><![CDATA[@AuntyDonnaBoys Great episode, my favourite so far!]]></document>
		<document><![CDATA[Damn, who told Trump that Hamilton was overrated? Was it Pence? "How was the show, though?" https://t.co/Xd7Ta42sp0]]></document>
		<document><![CDATA[@David_M_Green next time you're working on Mad As Hell can you please refer to Turnbull as "Trunchbull" like the headmistress from Matilda?]]></document>
		<document><![CDATA[Just spotted @DavidHMandel cameo in Jay &amp; Silent Bob Strike Back drinking in front of a bus. I wonder if we'll ever see more Clerks cartoon?]]></document>
		<document><![CDATA[Pitched a new idea for a feature film this weekend to ScreenACT. "Turritopsis," a sci-fi crime thriller. https://t.co/7hw2dMHXKW]]></document>
		<document><![CDATA[I have an irrational dislike of people ranking things they like. Can't we just appreciate good things without comparing them?]]></document>
		<document><![CDATA[#matesvszombies getting a new UK release in a 3pack with some other cool zombie comedy flicks!… https://t.co/Eu6f6zKGLT]]></document>
		<document><![CDATA[@AuntyDonnaBoys isn't that place owned by scientologists?]]></document>
		<document><![CDATA[@clmazin @johnaugust You guys should have Leigh Whannell on the #scriptnotes podcast! Need more Aussies!]]></document>
		<document><![CDATA[Turnbull Government looking likely to be the last one before gay marriage is legalized. Liberals on the wrong side of history again.]]></document>
		<document><![CDATA[@Daley_Pearson Hey Daley, are you reprising your role as Daryl in the new Thor?]]></document>
		<document><![CDATA["Why is it that a woman always thinks that the most savage thing she can say to a man is to impugn his cocksmanship?"- Network (1976)]]></document>
		<document><![CDATA[@JosephKahn just send him an out of the blue email saying "I liked Lord of the Rings. Good job with that."]]></document>
		<document><![CDATA[@HarrisonTheFan finally! You guys were in that movie with the zombies together!]]></document>
		<document><![CDATA[You think you're tough? Today I parked in a 15 minute zone for 7 hours. And didn't get a fine. I am invincible.]]></document>
		<document><![CDATA[Everyone's talks about releasing presidential candidate tax or medical info. Google search history is the only true barometer. Release that!]]></document>
		<document><![CDATA[@suspend0 ST had 6/8 eps directed by creator/showrunner and other 2 directed by producer who shepherded the project. No outside directors.]]></document>
		<document><![CDATA[@MrCombustible @GAMMACON and then come by to see the second half of our monstrous panel!]]></document>
		<document><![CDATA[@MrCombustible @GAMMACON Nooo! Might have to skip my panel for yours! You can hang out at the movie screening before and promote your panel!]]></document>
		<document><![CDATA[They say George Lucas still, to this day, goes back and makes microedits on the IMDb page for Star Wars.]]></document>
		<document><![CDATA[My friends got money from Screen Australia and Google to make a web series! Watch them live the dream! https://t.co/11GO4P6ZQA]]></document>
		<document><![CDATA[Super pumped for @GAMMACON this year! We'll be screening Me and My Mates vs the Zombie Apocalypse and doing a panel. Last year rocked!]]></document>
		<document><![CDATA[Really enjoyed The Invitation (2015). Slow burn, great ending.]]></document>
		<document><![CDATA[@BobSnz Massive congrats! You sent this script to me when I was a kid on imdb years ago and to this day it's one of the best specs I've read]]></document>
		<document><![CDATA[Interview I did, talking Me and My Mates vs the Zombie Apocalypse.  https://t.co/bvGklVmZnC]]></document>
		<document><![CDATA[Can't wait for this series! https://t.co/h8W42VSTzA]]></document>
		<document><![CDATA[Me and My Mates vs the Zombie Apocalypse - Trailer just broke 100k views! https://t.co/Lx0dmB9fhF]]></document>
		<document><![CDATA[@UKHorrorScene @ashleylister Thanks for the review!! Let me know if you ever want to do an interview or anything :)]]></document>
		<document><![CDATA[@klugula thanks for the review, loved it!]]></document>
		<document><![CDATA[Enjoying @davidcrosss new Netflix special. Hilarious and hardcore.]]></document>
		<document><![CDATA[Watching Soul Mates season 2 on @abciview - So jealous of these dudes. Such a good show. @nickboshier @FullySickRapper]]></document>
		<document><![CDATA["This is my country. If you're not happy here then go back where you... want to... come from..." - Pauline Hanson, Please Explain doco #SBS]]></document>
		<document><![CDATA[I'd love to see Aaron Sorkin's MISSION TO MARS.]]></document>
		<document><![CDATA["You need to check your privilege."
"You need to check-your-Slovakia!"]]></document>
		<document><![CDATA[@bookbeaut but have blocked him so he can't respond/reach out. And they tell their fanbase that he's a creep for wanting to try talk (2/2)]]></document>
		<document><![CDATA[@bookbeaut it was in the context of a larger conversation. Specifically about people who publicly call him out disparagingly (1/2)]]></document>
		<document><![CDATA[@AuntyDonnaBoys Episode 4 though...]]></document>
		<document><![CDATA[Watching #BoJackHorseman &amp; out of nowhere pops the voice of @jaymohr37 which I recognize because I've listened to every ep of #Mohrstories]]></document>
		<document><![CDATA[Me and My Mates vs the Zombie Apocalypse DVD's from around the world! #matesvszombies https://t.co/plRcmtchIs]]></document>
		<document><![CDATA[@AuntyDonnaBoys Love the premiere pro stock titles and fonts.]]></document>
		<document><![CDATA[@hewsandison nah, he's a dick.]]></document>
		<document><![CDATA[@hewsandison mayor of Sydney is also a close personal friend, so I'll just sleep on his floor.]]></document>
		<document><![CDATA[@hewsandison cool, I'll let the mayor of Canberra (close personal friend) know that you're no longer welcome.]]></document>
		<document><![CDATA[@hewsandison did you have your date with the official branding iron?]]></document>
		<document><![CDATA[I'm the type of guy to send out formal invites to all of my friends to come to my "weeding" just because I don't want garden alone.]]></document>
		<document><![CDATA[Hello Mr. Bad Guy from the 90's, welcome to the ponytail store.]]></document>
		<document><![CDATA[Someone needs to fan-fic a new movie starring Ben Affleck &amp; Matt Damon called "Batman v Bourne."]]></document>
		<document><![CDATA[@Uptomyknees @BanannaBich2014 "Your Honour, yes I know I was stealing. But other people have stolen before..."]]></document>
		<document><![CDATA[1, 2, 3 &amp; to the 4. Snoop Doggy Dogg and Dr. Dree is at the door. I'm sorry, but for it to rhyme, you'll have to call yourself Dr. Dree.]]></document>
		<document><![CDATA[The only reason to watch movies in 3D is to get a realistic view of just how round your favourite actors heads are.]]></document>
		<document><![CDATA[@sethsentry Great show! Liked seeing you play with the tracks and keep the audience guessing! Good luck on the new songs!]]></document>
		<document><![CDATA[@PeteFTD Nah, I wish. I've been watching it all on Netflix, recognising a ton of Aus actors. There is the US one too which is also good.]]></document>
		<document><![CDATA["I'm sorry, that ship has sailed."
"But ships turn around all the time! What if the captain left his wallet at home?!"]]></document>
		<document><![CDATA[Just saw @nathan_lovejoy pop up in Review With Myles Barlow! Classic.]]></document>
		<document><![CDATA[Congrats to the Spierig brothers on landing #Saw8 - as someone who also made a low budget funny Aussie zombie movie, there's hope for me yet]]></document>
		<document><![CDATA[The man, the myth, the legend - @jimjefferies trending on Facebook Australia! https://t.co/kiOgRIL9On]]></document>
		<document><![CDATA[@wgtc_site @DoNatoBomb cheers Matt, thanks for the review!]]></document>
		<document><![CDATA[Me and My Mates vs the Zombie Apocalypse is now out in the US on DVD and VOD! #matesvszombies #jimjefferies https://t.co/jIrOSP3OOh]]></document>
		<document><![CDATA[Review with Myles Barlow is on Aus Netflix. @MargotRobbie is in the first episode.]]></document>
		<document><![CDATA[@quinnjive Never forget these four immortal words: "Cricket now, chemicals later."]]></document>
		<document><![CDATA[My vast knowledge of underground music producers ends with knowing @NULLELECTRONICS is the best.]]></document>
		<document><![CDATA[@Shaakes It finally drops in the US on July 5!]]></document>
		<document><![CDATA[@Hellnotes I wrote/directed this movie! Let me know if you ever wanna do an interview or anything :)]]></document>
	</documents>
</author>