<author lang="en">
	<documents>
		<document><![CDATA[@mkwiles glad you survived. That's half the struggle ☺️]]></document>
		<document><![CDATA[.@TurnbullMalcolm I think the only thing that should matter when discussing energy is the hard evidence.Facts displayed side by side #Auspol]]></document>
		<document><![CDATA[@lexcanroar Been listening to @officialkaleo, their album A/B is brilliant.]]></document>
		<document><![CDATA[The keys have been returned, the mighty #Forktress has fallen! #PutOutYourForks]]></document>
		<document><![CDATA[3/ This way any #AlternativeFacts that @POTUS or @NancyPelosi use will be pointed out to the audience immediately.]]></document>
		<document><![CDATA[2/ @CNN should then hire a team of fact checkers and then run the debate stopping and revealing lies as they happen.]]></document>
		<document><![CDATA[1/ I would love for @CNN to not live stream the @POTUS’s vs @NancyPelosi's tonight, but rather delay their feed.]]></document>
		<document><![CDATA[I have no need for pill-testing,however the #Australian govt.must see that it's needed at festivals &amp; clubs. #Auspol https://t.co/GKJ4HXnipG]]></document>
		<document><![CDATA[@nerdist Oh god yes, I would love to see @thehayleyatwell as the doctor.She's one kickass woman &amp; I imagine would have an amazing take on it]]></document>
		<document><![CDATA[The only good thing about @POTUS is that @sethmeyers @StephenAtHome and @iamjohnoliver have a lot of material. #Resist #Drumpf #TinyHands]]></document>
		<document><![CDATA[This is why I love #Iceland. Icelandic President invites #SyrianRefugees to his official residence. @mfaiceland https://t.co/8iVDNW8RTr]]></document>
		<document><![CDATA[The lack of integrity that @FoxNews shows on all issues is unbelievable. I cannot understand why anyone consumers their shit. #FakeNews]]></document>
		<document><![CDATA[The #Australian government needs to realise this is potentially a bad situation to send refugees to. #Auspol… https://t.co/l1PlWjXBgt]]></document>
		<document><![CDATA[@joss for president? I'd say a director is under qualified, but fuck it, if that ass hat is allowed you have proved you have more compassion]]></document>
		<document><![CDATA[Hey @StephenBannon you leave #JRRTolkien out of your correspondence. You dont deserve the joys of #MiddleEarth. #StopPresidentBannon #Resist]]></document>
		<document><![CDATA[I love seeing the #UK Parliament resisting @realDonaldTrump. #Drumpf #Resist
https://t.co/QTKtA6eLFT]]></document>
		<document><![CDATA[I could not be happier about this.
@nfltexanchick you were right, I apologise. https://t.co/s7tvrscLN9]]></document>
		<document><![CDATA[@JLaG013 Pour yourself a good brew, sit back and think off all the times your editing skills were ingenious. You did great work on GG Pocket]]></document>
		<document><![CDATA[The new #Barangaroo rooftop bar #Untied looks as if it could be a nice little slice of #QLD in #Sydney. #Drinks #Bar
https://t.co/Sm5UOOI2UH]]></document>
		<document><![CDATA[.@SallyQYates you're a god damn hero. Be proud that you stood tall and strong where others have fallen. #resist
https://t.co/4RxUfhgalb]]></document>
		<document><![CDATA[@NewGamePlusTV @PlayerAttack @DisneyXD_AU thanks @dotarray! You're good folk.]]></document>
		<document><![CDATA[@dotarray @GoodGameTV can you point me in their direction please?]]></document>
		<document><![CDATA[@chrisoneill84 and to follow on with this there is currently a group of people picketing a clinic in Surry Hills. #AusPol #Deplorables]]></document>
		<document><![CDATA[Official complaint lodged with @ABCaustralia regarding the cancellation of #GGTV. #Gamers in #Australia have no other TV option. @GoodGameTV]]></document>
		<document><![CDATA[@NichBoy Terrible news! You @Pierreth @JLaG013 &amp; @Sam_Ghee should be so proud of what you have created, your antics were always a good laugh]]></document>
		<document><![CDATA[@NichBoy @ABC2 has there been any word on Pockets return?]]></document>
		<document><![CDATA[Genuinely sad to see @GoodGameTV go. I loved watching it. Thanks to @bajopants @hexsteph and @goosemangus for always being entertaining. 😞]]></document>
		<document><![CDATA[@nfltexanchick @POTUS @RoguePOTUSStaff not about your gender, about the points on LGBT and the Muslim ban.]]></document>
		<document><![CDATA[@nfltexanchick @POTUS @RoguePOTUSStaff queen of the trolls. I didn't exactly go stalk your profile or anything. I just disagree with you]]></document>
		<document><![CDATA[@nfltexanchick @POTUS @RoguePOTUSStaff hahaha serious? hats off to you sir, King of the Trolls.]]></document>
		<document><![CDATA[@nfltexanchick @POTUS @RoguePOTUSStaff It was a blanket ban on the country. All part of his anti-Islam ban]]></document>
		<document><![CDATA[@nfltexanchick @POTUS @RoguePOTUSStaff This is why. https://t.co/huC4KQdQvB]]></document>
		<document><![CDATA[@nfltexanchick @POTUS @RoguePOTUSStaff The order was specifically for Muslim majority countries. of course there will be other religions.]]></document>
		<document><![CDATA[@nfltexanchick @POTUS @RoguePOTUSStaff I clearly don't condone any violence, and the person who did it should be arrested.]]></document>
		<document><![CDATA[@nfltexanchick @POTUS @RoguePOTUSStaff he has flagged honour killings and the such but these things are already illegal &amp; would be punished]]></document>
		<document><![CDATA[@nfltexanchick @POTUS @RoguePOTUSStaff he's discriminated against a group based on faith (I believe you guys still have freedom of religion)]]></document>
		<document><![CDATA[@nfltexanchick @POTUS @RoguePOTUSStaff I wouldn's call that a particularly reputable source there.]]></document>
		<document><![CDATA[@nfltexanchick @POTUS @RoguePOTUSStaff Also there is nothing I can see that shows that the order in the #MuslimBan that is to protect #LGBT]]></document>
		<document><![CDATA[@nfltexanchick @POTUS @RoguePOTUSStaff Protests don't show hate, it is standing up to an injustice.]]></document>
		<document><![CDATA[@nfltexanchick @POTUS yes but is a rumour that appears to be meantioned by @RoguePOTUSStaff, so being ready for it is important.]]></document>
		<document><![CDATA[6/ Again I reiterate that this is all speculative and just a rumour, but based on the past week I feel being prepared is important.]]></document>
		<document><![CDATA[5/ I may not be from the #USA but I have many friends from different backgrounds there and I want them to be in a country free of tyranny.]]></document>
		<document><![CDATA[4/ The clown in office (@realDonaldTrump) seems to think he is a dictator, and cannot be held accountable to the people. #ResistTrump]]></document>
		<document><![CDATA[3/ If it is removing the rights of the #LGBT community I would encourage the people to take to the streets and #resist peacefully.]]></document>
		<document><![CDATA[2/ If it is some kind of barbaric registry I would encourage all people to sign it to make it us ineffective as possible. #LGBT #Resist]]></document>
		<document><![CDATA[1/ I’m hearing rumours about an #ExecutiveOrder from @POTUS regarding #LGBT issues including adoption. I want to know what is in it first.]]></document>
		<document><![CDATA[@RoguePOTUSStaff If it's a registry I would want to see every1 sign it. If it's taking away rights I want to see feet on the streets #resist]]></document>
		<document><![CDATA[I had no idea that the #Australian #abortion system was so poor.We should have a single federal set of rules #Auspol https://t.co/wlPdtGXZWq]]></document>
		<document><![CDATA[@corapeake @TheAshleyClem best way to understand the vetting process. https://t.co/M4CAPC9uHc]]></document>
		<document><![CDATA[@corapeake @TheAshleyClem and as for having to take them, the USA &amp; 143 other nations signed the refugee treaty in 1951 saying they would.]]></document>
		<document><![CDATA[@corapeake @TheAshleyClem they already are thoroughly vetted the process takes years &amp; they are vetted by many dept. https://t.co/OlZNT2OcZv]]></document>
		<document><![CDATA[@YongguksPelvis good. She is no a no name, unless it is specifically a character called "the person with no name".]]></document>
		<document><![CDATA[@YongguksPelvis not even Marion Cotillard? I would have assumed she was the bigger name]]></document>
		<document><![CDATA[@YongguksPelvis wasted, absolutely wasted. So sad about it. This film had great actors and a director I respect and it all fell apart.]]></document>
		<document><![CDATA[@YongguksPelvis that's what I heard, so much they could have worked with, and apparently they kept him mostly in the real world.]]></document>
		<document><![CDATA[@YongguksPelvis and?]]></document>
		<document><![CDATA[My @Twitter feed is horribly depressing currently, so here is a beautiful song by @londongrammar - Rooting For You. https://t.co/wzxMOLa9Aj]]></document>
		<document><![CDATA[@JulieBishopMP this is what a truly great leader who comprehends the modern world does. #CloseTheCamps #Auspol… https://t.co/DWOXzCtEV5]]></document>
		<document><![CDATA[@POTUS @JulieBishopMP @RoguePOTUSStaff  do you know who has a really strong boarder policy? North Korea. #Auspol #NoBanNoWall #MuslimBan]]></document>
		<document><![CDATA[Why is #Australia supporting the cowardly policy of dictators. We can all see @POTUS is headed that way. #Auspol   https://t.co/brNdlJDBV1]]></document>
		<document><![CDATA[The Muslim community is taking a beating with Isis attacks, @POTUS's obsurd #MuslimBan and new a shooting in a mosq… https://t.co/115s5kCtns]]></document>
		<document><![CDATA[I think @ScottMorrisonMP's opinion on the Muslim ban is despicable.Australia should be leading the way #NoBanNoWall  https://t.co/CFOp2ihsBs]]></document>
		<document><![CDATA[@DrPsyBuffy aren't we all trying to prevent that??? The only person who seems to be pushing for it is @potus with his insane agenda.]]></document>
		<document><![CDATA[@WorIdStarComedy @joss holy shit! Is that real?]]></document>
		<document><![CDATA[@nytimes the better question is if the legal system is doing enough. Anything with legal ramifications should go to the police and courts.]]></document>
		<document><![CDATA[Well done to the @ACLU! Keep fighting the good fight. Around the world we support you. #NoBanNoWall #NoMuslimBanJFK #DonateToTheACLU]]></document>
		<document><![CDATA[It would appear the media has done a bang up job of scaring @POTUS, but his greed has not blocked all all Muslim co… https://t.co/P0KtIjrLzz]]></document>
		<document><![CDATA[@corapeake @TheAshleyClem refugees aren't illegal, you can claim assylum in any country by international law if you have a well founded fear]]></document>
		<document><![CDATA[@marykateatwork that is really exciting. I would love to see @shipwrckdcomedy get the opportunity to push their limits and go further.]]></document>
		<document><![CDATA[Is everyone following @RoguePOTUSStaff? It is a fascinating fly on the wall look at a train wreck.]]></document>
		<document><![CDATA[@Kizmeister @SenatorMRoberts an actual elected official. It is genuinely extraordinary.]]></document>
		<document><![CDATA[Can we just go with the renewables #Australia? Proposed #coal power plan twice as costly as renewables. #Auspol https://t.co/bjkCb8WMju]]></document>
		<document><![CDATA[@wilw I really hope for you sake this wasn't some kind of unfortunate login error.]]></document>
		<document><![CDATA[@triplexscot @SenatorMRoberts certainly much easier to spell than #propaganda. #AlternativeFacts #PostTruthWorld]]></document>
		<document><![CDATA[@SenatorMRoberts and I don't have to be in the same state to be embarrassed by the outlandish conspiracy theories you announce to the world.]]></document>
		<document><![CDATA[@SenatorMRoberts I don't have to be in the same state to watch you lose your seat.]]></document>
		<document><![CDATA[@SenatorMRoberts apparently to top off my complaints I can also describe you as both rude and arrogant. I look forward to the next election.]]></document>
		<document><![CDATA[15/ @SenatorMRoberts we the people would appreciate it if you would step down from your role and allow someone more qualified to step up.]]></document>
		<document><![CDATA[14/ People should have the right to protest #AustraliaDay considering all the damage that happened to the Aboriginal people and culture.]]></document>
		<document><![CDATA[13/ How can an elected official of this country have such a lack of understanding about #Australia? We are a land of immigrants.]]></document>
		<document><![CDATA[12/ Hell, he apparently does not even understand that the Labour Day public holiday is unrelated to @AustralianLabor.]]></document>
		<document><![CDATA[11/ I worry @SenatorMRoberts will start attacking my #muslim friends for having a belief different to his own.]]></document>
		<document><![CDATA[10/ But my concern is if he stops with his rubbish ramblings about science he will pick up in other political areas.]]></document>
		<document><![CDATA[9/ Until that time his opinion should mean nothing in terms of fact, and facts are the only thing that matters when it comes to science.]]></document>
		<document><![CDATA[8/ When @SenatorMRoberts publishes a research paper or report proving his claims and has it peer reviewed then he can be involved.]]></document>
		<document><![CDATA[7/ The staff at @CSIROnews have studied #ClimateChange for years and then worked in the industry using this expertise.]]></document>
		<document><![CDATA[6/ I would implore @SenatorMRoberts to leave the science to places like the @CSIROnews, these are #Australia’s experts.]]></document>
		<document><![CDATA[5/ As a person who previously worked in coal he is clearly biased to help his mates in coal, and other parts of the fossil fuel industry.]]></document>
		<document><![CDATA[4/ The senator has made it clear that he doesn’t understand the definition of the word empirical, which is critical when discussing science.]]></document>
		<document><![CDATA[3/ In the same respect perhaps @SenatorMRoberts should step back and think about what he is an expert in. It is clear it isn’t science.]]></document>
		<document><![CDATA[2/ When I'm sick I see a doctor, because they're an expert. Likewise when I want information on #ClimateScience I will consult an expert.]]></document>
		<document><![CDATA[1/ I am sick and tired of fools being given the same consideration as experts in a field. None more so than @SenatorMRoberts. #auspol]]></document>
		<document><![CDATA[@SenatorMRoberts Because fuck future generations? You sir are an embarrassment to #Australia. Please resign your post.]]></document>
		<document><![CDATA[@SenatorMRoberts This is a joke I hope. Labour day as absolutely nothing to do with @AustralianLabor.]]></document>
		<document><![CDATA[@SaxonServiceNSW I am unable to sign up at all. I fill out the details and when I click Continue it deletes my Family Name back to the "O".]]></document>
		<document><![CDATA[@mkwiles have a pile of kittens to cheer you up. They are being fostered and there is a party on so they are nappin… https://t.co/LvrqgUNmfv]]></document>
		<document><![CDATA[@rikilindhome @missipyle holy shit, it's just like today just a different but equally important issue. People are disgusting.]]></document>
		<document><![CDATA[@AndreaD05988077 @joss Manus &amp; Naru Islands are Australia's shameful detention camps, and the government refuses to shut them down. #Auspol]]></document>
		<document><![CDATA[@AndreaD05988077 @joss it's a complaint about them existing, not a point of pride. I have been involved in protests against the.]]></document>
		<document><![CDATA[I've come to an #AustraliaDay party and they have 4 day old kittens. I may have to take one… https://t.co/zgrLoFwijI]]></document>
	</documents>
</author>