<author lang="en">
	<documents>
		<document><![CDATA[The best way to find yourself is to lose yourself in the service of others. - Gandhi #quote]]></document>
		<document><![CDATA[Attitude is a little thing that makes a big difference. - Winston Churchill #quote]]></document>
		<document><![CDATA[@JCGARYTHEBUZZ hearing that means the world to me! I'm no longer on happy pills either ❤❤❤ life has been kind lately]]></document>
		<document><![CDATA[@JCGARYTHEBUZZ thank you so very much!! Those words make my heart sing ❤❤❤❤]]></document>
		<document><![CDATA[Happiness is a choice. Optimism is a choice. Kindness is a choice. Giving is a choice. Respect is a choice. Choose wisely.- Vala Afshar]]></document>
		<document><![CDATA[Don't look for it outside. Joy is always in you, all you've got to do is awaken to it. - Roxana Jones #quote]]></document>
		<document><![CDATA[My poly life - I have two people in my life that I love very much. I can’t believe that I use to limit... https://t.co/zzRwwup1n5]]></document>
		<document><![CDATA[Thanks to my top interactors!  @AndreaCGWW @TaughtalyHaught @RobertMMcGee   via https://t.co/DXVWCRwL1P https://t.co/MqHZfcGtXv]]></document>
		<document><![CDATA[Thanks to my top interactors!  @PackersFanGer @lillybell68 @little_favours   via https://t.co/DXVWCRwL1P https://t.co/jSru4ZkLcN]]></document>
		<document><![CDATA[Thanks to my top interactors!  @WineFoodGuide @larrydimaio @itsallgood4949   via https://t.co/DXVWCRwL1P https://t.co/lpRzh6CUSl]]></document>
		<document><![CDATA[📷 It’s a goths life…. https://t.co/bdEgdhpJT5]]></document>
		<document><![CDATA[@encyclopedeau1 @realdatasafe @Start1New @davidduchovny absolutely I have a song all about that called "social media" haha]]></document>
		<document><![CDATA[Thanks to my top interactors!  @realdatasafe @encyclopedeau1 @Start1New   via https://t.co/DXVWCRwL1P https://t.co/GeU3x424rL]]></document>
		<document><![CDATA[It's not what you look at that matters, it's what you see. - Henry David Thoreau #quote]]></document>
		<document><![CDATA[Find your spirit, and no challenge will keep you from achieving your goals. - Christopher Penn #quote]]></document>
		<document><![CDATA[Live music in wonderland :) https://t.co/iVUKWz3xbv]]></document>
		<document><![CDATA[@XIIIJuzoSuzu my name on Facebook is Sara Garber. Feel free to like and add me :)]]></document>
		<document><![CDATA[@evamariasaralyn I feel so blessed that she pulled through ❤❤❤❤ thank you for sharing your story]]></document>
		<document><![CDATA[@evamariasaralyn you are so kind :) my mom survived cancer this year and it was so scary almost losing her.]]></document>
		<document><![CDATA[If you're beat up, don't GIVE up: REST up, then GET up. - Tristan Bishop #quote]]></document>
		<document><![CDATA[We'd achieve more if we chased our dreams instead of our competition. - Simon Sinek #quote]]></document>
		<document><![CDATA[#trippy #hippie #peace #psychedelic https://t.co/hcKsKaB6hb]]></document>
		<document><![CDATA[If you aren't having fun creating content, you're doing it wrong.- Ann Handley #quote]]></document>
		<document><![CDATA[Our greatest glory is, not in never falling, but in rising every time we fall.
 Ancient Proverb #failure  #succeed]]></document>
		<document><![CDATA[@clws123 so beautifully said. As long as your job is what you love your so right. It is for me too cuz my job is being a musician ❤]]></document>
		<document><![CDATA[@Ryan_Lever your very welcome 😁]]></document>
		<document><![CDATA[📷 Opened up my dads fridge and found a pair of bull testicles! Then I took a selfie…. Yaaarrrrr!!!!... https://t.co/DqZunJCT1E]]></document>
		<document><![CDATA[@dteb @iTunes Oh my goodness thank you so much for the support! ❤❤❤❤❤❤ you are awesome!!]]></document>
		<document><![CDATA[The secret to success is doing the stuff other people won't do &amp; doing it for a really long time. - John Jantsch #quote]]></document>
		<document><![CDATA[📷 muslimgirlarmy: 3 Ways Allies Can Help Muslim Women. Don’t despair: there are people who need you... https://t.co/1tgQprj2lh]]></document>
		<document><![CDATA[do you ever write a character falling in love and then fall in love with them? https://t.co/0kyWeH6LyC]]></document>
		<document><![CDATA[@faithhopelove75 @Hippy I absolutely love it :) thank you for sharing that with me :)]]></document>
		<document><![CDATA[If we have no identity apart from our jobs, we are truly vulnerable. - Dan Miller #quote]]></document>
		<document><![CDATA[📷 opals-official-twitter-account: writing-prompt-s: ello-bby: achromatiq: csidesuicide: arse-thetic:... https://t.co/gHDF8RaKzR]]></document>
		<document><![CDATA[You can often change your circumstances by changing your attitude. - Eleanor Roosevelt #quote]]></document>
		<document><![CDATA[@steve012369 Nope I don't belong to any religion. I'm spiritual and I like to learn about them all. I consider myself to be agnostic.]]></document>
		<document><![CDATA[Don't exercise your freedom of speech until you have exercised your freedom of thought. - Tim Fargo #quote]]></document>
		<document><![CDATA[I'm not a furry because I would get too hot in a fur suit but god damnit they are sooo adorable! I wanna hug them all haha!]]></document>
		<document><![CDATA[@ElysiumRaven I made it myself :) a lot of love went into it. ❤ I'm gonna try to make a purple one soon!]]></document>
		<document><![CDATA[You'll do more GOOD if you aim to SERVE more than you aim to PLEASE. - Chris Edmonds #quote #leadership]]></document>
		<document><![CDATA[You don't have to be big. You have to be remarkable. - Joe Pulizzi #quote]]></document>
		<document><![CDATA[📷 tastefullyoffensive: This is art. (via zebrakebebra) https://t.co/Jxy8QIHwes]]></document>
		<document><![CDATA[how they eat in Alice in Wonderland if even the PLANTS are sentient https://t.co/wBKCzXokzL]]></document>
		<document><![CDATA[@frenchie44 That would be great! I love collaborating with other artists ❤]]></document>
		<document><![CDATA[The most important thing in communication is to hear what isn't being said. - Peter Drucker #quote]]></document>
		<document><![CDATA[Thanks to my top interactors!  @scottkieffer @flamethrowa357 @masamikan @rlewis158   via https://t.co/DXVWCRwL1P https://t.co/bm7ePKG8Du]]></document>
		<document><![CDATA[Thanks to my top interactors!  @BIONICKNEWS @dankcreative @VexatiousChanel   via https://t.co/DXVWCRwL1P https://t.co/xcBPH8BxTU]]></document>
		<document><![CDATA[Thanks to my top interactors!  @Susi23175259 @TampireSucks @illneil3001   via https://t.co/DXVWCRwL1P https://t.co/mGd5Gmh5Fe]]></document>
		<document><![CDATA[Alice Through the Looking Glass Starters - “We must surrender!” “You know my views on that word.” “The... https://t.co/9GNAyoLR71]]></document>
		<document><![CDATA[Thanks to my top interactors!  @little_favours @36fowler @faespirit1984   via https://t.co/DXVWCRwL1P https://t.co/fTv2YPptcW]]></document>
		<document><![CDATA[@njevancik @YouTube Thank you so much for the wonderful compliment. You are very kind ❤❤]]></document>
		<document><![CDATA[📷 globalsoftpirka: Very important screen caps from the TTLG credits. https://t.co/FB3IYsxaxD]]></document>
		<document><![CDATA[spaceportfloozy: “you shouldn’t like that character because they’re a terrible person” look my guy i... https://t.co/7q3hBMHDSX]]></document>
		<document><![CDATA[cheechandchong's photo https://t.co/xOIcFAru4k]]></document>
		<document><![CDATA[dear fandom - sara-garber: soiled-tea: can you link me the sweetest Hattice, Malice and Hattime fanfiction... https://t.co/xFlVAxquvO]]></document>
		<document><![CDATA[Thanks to my top interactors!  @whitenights2016   via https://t.co/DXVWCRwL1P https://t.co/0JU8ZJCzkF]]></document>
		<document><![CDATA[Thanks to my top interactors!  @oosieredsox @RealMilkaLeeRay @frenchie44   via https://t.co/DXVWCRwL1P https://t.co/SDRYOSbPjU]]></document>
		<document><![CDATA[Thanks to my top interactors!  @ErikaAlaimo786 @RobertCastill71 @franc544   via https://t.co/DXVWCRwL1P https://t.co/0KmI2wrmEV]]></document>
		<document><![CDATA[Ironing muh shirts! Gotta look fresh :)#Liveme Sara Garber (Hatter): https://t.co/XxYVhRJ4AY https://t.co/nIsySQQsWP]]></document>
		<document><![CDATA[Thanks to my top interactors!  @CarolMcCabe8 @dteb @BudeHolistics @WilliamBuck3   via https://t.co/DXVWCRwL1P https://t.co/MwbHxYQGeA]]></document>
		<document><![CDATA[What we obtain too cheap, we esteem too lightly. - Thomas Paine #quote]]></document>
		<document><![CDATA[abuelitalesbiana: autisticmage: not to be an Sjw™ but uh…. trigger jokes are essentially jokes about... https://t.co/bJZzPzUlME]]></document>
		<document><![CDATA[dear fandom - can you link me the sweetest Hattice, Malice and Hattime fanfiction you know? https://t.co/EaUl2hRkGo]]></document>
		<document><![CDATA[@TaughtalyHaught Your awesome too! 😸😸🎩🎩]]></document>
		<document><![CDATA[@PadlockPete Thank you so much for listening in ❤❤]]></document>
		<document><![CDATA[I've never seen a problem that was solved by only complaining about it. - Steve Keating #quote]]></document>
		<document><![CDATA[@virtueelmuseum1 Absolutely beautiful!]]></document>
		<document><![CDATA[Yes I have a problem.... - I am totally hoarding waistcoats. Sooo many waistcoats….. ALL THE WAISTCOATS! I... https://t.co/xxfnBEyB9O]]></document>
		<document><![CDATA[📷 This makes me so happy! https://t.co/KcuOK0SyZH]]></document>
		<document><![CDATA[Blew my voice out. Can't sing today :(#Liveme saragarbermusic: https://t.co/QnfRVQCLaf https://t.co/TaXFVBwzX3]]></document>
		<document><![CDATA[@ParisJackson @salahbalhaoui Absolutely! Unfortunately people often choose profit over the greater good of human ki… https://t.co/K0VvOOGZjO]]></document>
		<document><![CDATA[@ParisJackson I'm a long time MJ fan who will always care about you, your family, peace, love and the truth. I admire the great work you do]]></document>
		<document><![CDATA[@ParisJackson peace, love and power to the people! You are a truth seeker like your father. I know that the media constantly lies.]]></document>
		<document><![CDATA[@ParisJackson you are my fave! I have always been a fan of your father because he is the definition of unconditional love and so are you.]]></document>
		<document><![CDATA[It is not how much we have, but how much we enjoy, that makes happiness. - Charles Spurgeon #quote]]></document>
		<document><![CDATA[@little_favours Yes it is :) I know my look has changed quite a bit]]></document>
		<document><![CDATA[If you can dream it you can build it. If you can build it, you can live it. - Pam Moore #quote]]></document>
		<document><![CDATA[Playing some songs for you #music https://t.co/xwlLVH1hZY]]></document>
		<document><![CDATA[@tenebrousoul Yes you can find me in iTunes :)]]></document>
		<document><![CDATA[@little_favours I'm so glad you like it :) I spent a lot of time making it ❤😁]]></document>
		<document><![CDATA[Life is like photography. You need the negatives to develop. - Unknown #quote]]></document>
		<document><![CDATA[Waking up, music and chitchat #autism#Liveme saragarbermusic: https://t.co/LstQ9PkQq8 https://t.co/NcxIb29i62]]></document>
		<document><![CDATA[#ChitChat #Music #Chilling#Liveme NoelDeLisle🎹🖤🕸❄️: https://t.co/iwpaKxeAjM https://t.co/mSl6lAc2dw]]></document>
		<document><![CDATA[Is everyone special? Yes! We are very special and precious to those that love and care about us. Every single one of us ❤ #peace #love]]></document>
		<document><![CDATA[Beauty starts in your head, not in your mirror. - Joubert Botha #quote]]></document>
		<document><![CDATA[#FeatureMe #Lit #Chillin #Music HEYGUYS#Liveme ☃️ANTHONY RANGER☃️: https://t.co/IVUkVmZ2NP https://t.co/nXXtSVrLsP]]></document>
		<document><![CDATA[🔴 LIVE on @YouNow - https://t.co/ShVcztgTzn]]></document>
		<document><![CDATA[B0ng t0kes, live music and chill#Liveme saragarbermusic: https://t.co/5xefN9ibc0 https://t.co/sb1qYjv3C6]]></document>
		<document><![CDATA[@MaryAngelsRoost @periscopeco Thank you so much for the lovely compliment 💋]]></document>
		<document><![CDATA[📷 I am gender fluid, pan sexual, polyamorous and proud of it! No matter who you are be proud (as long... https://t.co/PA3QnNJqO4]]></document>
		<document><![CDATA[Feeling a little bit elvish today :) https://t.co/AstaZwxESU]]></document>
		<document><![CDATA[🔴 LIVE on @YouNow - https://t.co/NwWPC581kc]]></document>
		<document><![CDATA[Live music in wonderland https://t.co/f5TrXMlsOG]]></document>
		<document><![CDATA[Fuck.... - Sometimes having fibromyalgia really cramps my style. Sometimes it’s hard for me to be the... https://t.co/lhdITtxHVo]]></document>
		<document><![CDATA[OUCH 😩 #joinme #spam #gifts#Liveme EhItsMiranda: https://t.co/Ud37HGxFbS https://t.co/GjIS9eeQEk]]></document>
		<document><![CDATA[Live music in wonderland 🎩😸 #Music#Liveme saragarbermusic: https://t.co/2ZeKpbnbJH https://t.co/YbAw5XsP7z]]></document>
		<document><![CDATA[Enjoy life by limiting your emotional baggage to a small carry on. - Tim Fargo #quote]]></document>
		<document><![CDATA[Your life does not get better by chance, it gets better by change. - Jim Rohn #quote]]></document>
		<document><![CDATA[📷 Yea that’s about right 😁 https://t.co/4FsflEkq2R]]></document>
		<document><![CDATA[@Loren66243384 Nice to meet you :) I hope you are having g a great day 💜]]></document>
	</documents>
</author>