<author lang="en">
	<documents>
		<document><![CDATA[@Ragin_Spice so I'm getting the feeling you like room to improve and men in hard hats 🎩]]></document>
		<document><![CDATA[#CBB poor ickle housemates hearing the truth &amp; @CalumBest stop trying to wriggle out of what you said, that creep John shouldn't speak #dick]]></document>
		<document><![CDATA[#CBB awww poor @NicolaMcLean your not a bully, your a bitch]]></document>
		<document><![CDATA[@vickinotaro a www @MarianKeyes your sharing Vicki's shrine 😜. Love the colour of the wall 💓]]></document>
		<document><![CDATA[@NicolaMcLean ohhhh Nicola take your fake everything home to be with your boys &amp; hope nobody treats them like John &amp; Edward r being treated]]></document>
		<document><![CDATA[@nadia_dailyself @vickinotaro this is my kind of bouquets https://t.co/V7J6qWpjid]]></document>
		<document><![CDATA[@nadia_dailyself she said it's called get fruity]]></document>
		<document><![CDATA[@nadia_dailyself @vickinotaro I've just text her but have u seen this https://t.co/RdfGK9CR6R]]></document>
		<document><![CDATA[@nadia_dailyself @vickinotaro Irina gets the fruit bouquets all the time they're amazing u can get chic dipped strawberries]]></document>
		<document><![CDATA[#CBB Nicola is vile @planetjedward are havin good fun winding her up &amp; @NolanColeen cop the fuck on you don't go into CBB 2 save ur marriage]]></document>
		<document><![CDATA[Six years ago, thanks FB for showing me how much older I am 😚 https://t.co/E9Vnv6VfIb]]></document>
		<document><![CDATA[Came up in my FB memories from six years ago.... https://t.co/bxsqozXWOQ]]></document>
		<document><![CDATA[@peterc83 tanks a thousand https://t.co/K6EROTmxjA]]></document>
		<document><![CDATA[@Ragin_Spice tanks a thousand https://t.co/4IKf7LxKgB]]></document>
		<document><![CDATA[The elves that supplied the shoes https://t.co/cCzYG8AxfC]]></document>
		<document><![CDATA[@MarianKeyes @MuradSkincare you don't need to balance your age Marian you look bleedin lovely 😘]]></document>
		<document><![CDATA[Happy Birthday sticky Vicki 💓😘🍾💐🍸🍹 https://t.co/xTjtH22Hum]]></document>
		<document><![CDATA[Could we ever see Trump doing this? https://t.co/Kx0K2GHakc]]></document>
		<document><![CDATA[@vickinotaro what a beautiful day 🌞will you request another one for ten weeks time please? #motherofthebriderequest 👰🏻👦🏻🍾]]></document>
		<document><![CDATA[Colour on a dull January day @ Grafton Street https://t.co/qiGfHisOoR]]></document>
		<document><![CDATA[#CBB @NolanColeen seems to be miserable and moaney  in the house,  she seems much older than her years]]></document>
		<document><![CDATA[#CBB so cocky @JamesJordan got kicked out and @planetjedward stayed 😜😜😜😜 to be sexually assaulted by the Geordie tart]]></document>
		<document><![CDATA[We were offered 10 hrs a week homecare to look after a blind incontinent man &amp; his wife with vascular dementia  #WeNeedToTalkAboutDad]]></document>
		<document><![CDATA[@barryhand @BrendanCourtney NOBODY makes money from sick elderly parents except Nursing homes]]></document>
		<document><![CDATA[@vickinotaro oi you stop feeling sorry fir yourself YOU WILL B GRAND]]></document>
		<document><![CDATA[@AlladinNoons @Mrjamieohara1 @planetjedward and are very innocent 😇 not a bad bone in their body 👎🏻]]></document>
		<document><![CDATA[@Mrjamieohara1 shame on u talking to @planetjedward like that, you have kids don't you? You cry like a baby then lash into young lads #CBB]]></document>
		<document><![CDATA[@vickinotaro why are the Obamas in a taxi?]]></document>
		<document><![CDATA[@SuperValuIRL thanku for sorting out my delivery, I don't normally complain but today was one of those days 😳]]></document>
		<document><![CDATA[I'm making the chocolate willies myself https://t.co/2p26ENCyDh]]></document>
		<document><![CDATA[@SuperValuIRL spent ages on customer care they were supposed to get back to me, still waiting Needed two items to prepare a meal b4 I go out]]></document>
		<document><![CDATA[@SuperValuIRL I normally shop in store, 3 times since Dec have used online, not impressed late twice,nearly this morn but 8 items short]]></document>
		<document><![CDATA[Just posted a photo https://t.co/PWw2MFMr8m]]></document>
		<document><![CDATA[@BrendanCourtney while we waited for fair deal my dad had to be in private care while my Mam  was in hospital,€ 22,000 which we can't claim]]></document>
		<document><![CDATA[@BrendanCourtney I went through same thing at same time, bith parents in nursing home, €2000 a month &amp; 20% of value if house, Fair deal 💩]]></document>
		<document><![CDATA[@vickinotaro could be worse you could of been in the airport in Florida.....]]></document>
		<document><![CDATA[@vickinotaro by February you will be glowing]]></document>
		<document><![CDATA[#CBB2017 come on @NolanColeen put a bit of slap on, us oldies need it more than the young ones that are troweling it on 🙈 wtf is Jamie??]]></document>
		<document><![CDATA[#CBB2017 Speidi are like Trump, fake as fuck,paranoid, sneaky &amp; manipulative, but big thicks are going to vote for them 😡🙄]]></document>
		<document><![CDATA[@vickinotaro I wish I was in her year 😉]]></document>
		<document><![CDATA[Sooooo missed my cuddly paws https://t.co/Lb5qr7Pogx]]></document>
		<document><![CDATA[So I've gained a stone my livers screaming and I'm broke "bring on 2017"]]></document>
		<document><![CDATA[#balldrop #HappyNewYear https://t.co/RKjaxq2yHn]]></document>
		<document><![CDATA[@vickinotaro  I'm Oirish so tough titty]]></document>
		<document><![CDATA[So today's the day when @vickinotaro &amp; I go to pick up THE dress @KleinfeldBridal 🤗 she's smothering and I've had 2 hours sleep #happyhonika]]></document>
		<document><![CDATA[@vickinotaro there's a fairly decent chemist in the airport]]></document>
		<document><![CDATA[Jesus hurry up 2017. George Micheal RIP]]></document>
		<document><![CDATA[@vickinotaro what you want them for?]]></document>
		<document><![CDATA[@vickinotaro nope they're nasty yokes]]></document>
		<document><![CDATA[In bleedin ribbons watching home for Christmas on tv3 😢😢😢😢🎅🏻🎅🏻🎅🏻]]></document>
		<document><![CDATA[@vickinotaro oi get better by tomorrow your on broccoli steaming]]></document>
		<document><![CDATA[@Ray_Shah oh my god she's a little person now, beautiful 🎀💓]]></document>
		<document><![CDATA[@vickinotaro @JetBlue @AerLingus @celinedion oooohhh Nooooooo sure isn't that why your going to Vegas??]]></document>
		<document><![CDATA[@vickinotaro @JetBlue @AerLingus sure what's five hours loss from your honeymoon? Not a big deal at all 👰🏻👨🏻🙄]]></document>
		<document><![CDATA[@vickinotaro @JetBlue maybe you should travel with a reliable airline @AerLingus 😜]]></document>
		<document><![CDATA[@vickinotaro @tv3midday @ElaineCrowley is @Paulo_Blake going to make an appearance? He needs lots of time to get camera purfect 😻]]></document>
		<document><![CDATA[Ahhh JAYSYS can't cope with the footage of immigrants returning home in Dublin airport]]></document>
		<document><![CDATA[Cosy night in with my woofs #itscoldoutside https://t.co/SJ0zV2fbPf]]></document>
		<document><![CDATA[@vickinotaro jaysus haven't even thought about that 🙈🍗🍾✈️🗽🎄]]></document>
		<document><![CDATA[aislingdargan knows me well..... https://t.co/Frjg7GYKyA]]></document>
		<document><![CDATA[My customers value my cheery disposition 🤡 https://t.co/AuBeugybY2]]></document>
		<document><![CDATA[centralparksightseeing's photo https://t.co/xIupDHZrCu @vickinotaro]]></document>
		<document><![CDATA[It's beginning to look a lot like Christmas 🙈🌲 https://t.co/KkrtpSmvRt]]></document>
		<document><![CDATA[@ElaineCrowley 👏🏻👏🏻👏🏻👏🏻I'm available Thursdays]]></document>
		<document><![CDATA[To celebrate getting back to ten stone I've eaten a box of after eights, 2 timeout bars and a giant bag of m&amp;s crisps 😷]]></document>
		<document><![CDATA[@SarahJayBee if its any consolation Maisie did the same, it's because your new house has no scent of Milo 🐶]]></document>
		<document><![CDATA[@SimonJohnPalmer ahh that's shite, best wishes to her and you]]></document>
		<document><![CDATA[Festive Brown Thomas https://t.co/wTNeHASZqF]]></document>
		<document><![CDATA[@vickinotaro is this too ott? https://t.co/56LnLtG9pi]]></document>
		<document><![CDATA[@JoeCarlyle just keep thinking I'm nearly thirty 😂]]></document>
		<document><![CDATA[@vickinotaro @KleinfeldBridal 💍💌👰🏻I won't cry]]></document>
		<document><![CDATA[This pair know there's zero chance of walkies #lashing https://t.co/inNLYP6BTj]]></document>
		<document><![CDATA[Good old @planetjedward joining in the Carol singers in @DublinAirport they never miss a chance  to sing 🎅🏻🎅🏻]]></document>
		<document><![CDATA[Banana bread is the taste of champions @JamesKavanagh_😘 #tasteofsuccess]]></document>
		<document><![CDATA[@aidanmua how are you at making old birds into babes?]]></document>
		<document><![CDATA[My tree is a reminder of past holidays #serasotabeach https://t.co/EuSXtd7hSv]]></document>
		<document><![CDATA[@vickinotaro they're half the slimming world syns as the normal ones]]></document>
		<document><![CDATA[@vickinotaro the healthy wholewheat ones are yum]]></document>
		<document><![CDATA[@JoeCarlyle dunnes but t was years ago, mist florists and garden centres have them]]></document>
		<document><![CDATA[Eleven am and the que of traffic waiting to get into Liffey valley is mad fuck u Penneys]]></document>
		<document><![CDATA[Going to take this after Christmas #goodcleanout https://t.co/liZl9dzubh]]></document>
		<document><![CDATA[Catching up with #GoggleboxIreland I want to tell the family in Galway to hoover their bleedin carpet 😂😂😂]]></document>
		<document><![CDATA[@RTELateLateShow adorbs woof on tonight with Charley Bird talking about the horrors of puppy farms]]></document>
		<document><![CDATA[@vickinotaro @GoggleboxIRLTV3 is she a gas bitch?]]></document>
		<document><![CDATA[The older I get the longer it takes https://t.co/Hofmk9C8uS]]></document>
		<document><![CDATA[And so it begins https://t.co/wcCPIglrAO]]></document>
		<document><![CDATA[@SarahJayBee whoooooo no better feeling now slap them N plates on 😘]]></document>
		<document><![CDATA[Your man @ City Centre, Dublin https://t.co/zafYMDxnPu]]></document>
		<document><![CDATA[Dressing this dope https://t.co/Ggiq6PNlho]]></document>
		<document><![CDATA[@vickinotaro cough!!! #wedding #weddingdress #lessthan4months]]></document>
		<document><![CDATA[@vickinotaro your gin soaked liver will explode 💀💥💥💥💥]]></document>
		<document><![CDATA[@vickinotaro and you will put it up in a much nicer house that no landlord can put you out of at such an important time #HomeSweetHome]]></document>
		<document><![CDATA[No filter needed today https://t.co/YdvSqsWUqG]]></document>
		<document><![CDATA[@Paulo_Blake are you THIRTY??? https://t.co/QOBsui8jfA]]></document>
		<document><![CDATA[@vickinotaro read your article about being homeless and in da gutter 👍🏻 https://t.co/IQ6iOjbGsR]]></document>
		<document><![CDATA[This is in the kitchen but the lovely smell is all over the house @brookeandshoals https://t.co/0D2kq8oSNx]]></document>
		<document><![CDATA[Baby it's cold outside 💕 https://t.co/UfaA9DHR2B]]></document>
		<document><![CDATA[@vickinotaro @Independent_ie please send link]]></document>
		<document><![CDATA[@Paulo_Blake @loosewomen @robbiewilliams did he turn you on????]]></document>
		<document><![CDATA[Just posted a photo https://t.co/JshCsmQYjB]]></document>
	</documents>
</author>