<author lang="en">
	<documents>
		<document><![CDATA[@MrsGreatnews @infinite_scream I just did! And I love the biting incisive comment.]]></document>
		<document><![CDATA[@WordsWFriends Great to hear as it is frustrating especially in the closing hours of the last challange]]></document>
		<document><![CDATA[one person unfollowed me // automatically checked by https://t.co/D5W33jq4sV]]></document>
		<document><![CDATA[At the excellent @SteamworksPub here in #Vancouver and table next to us are talking about @yeastieboys and the great NZ beer scene -  vg!]]></document>
		<document><![CDATA[The fountain at British Columbia's Parliament House reflects the chilly day #Victoria #brisk #BC https://t.co/hXljHXvdr6]]></document>
		<document><![CDATA[@MrsGreatnews @pudgynope @Ghettomould That's such a nice thing to do.]]></document>
		<document><![CDATA[@Russell_Beer Really enjoying your beer at the @blackfrogeatery https://t.co/L64cmi12cP]]></document>
		<document><![CDATA[Vancouverites seem to like my hat. #vancouver #workthehat https://t.co/iLnNpPUvgf]]></document>
		<document><![CDATA[The quite beautiful Bow in Washington State #pacificnorthwest #amtrak https://t.co/ss89qfySHb]]></document>
		<document><![CDATA[This poem about New Zealand in the New York Times magazine today @nytimes #quitecurious #NZ https://t.co/YmbKOSTJHD]]></document>
		<document><![CDATA[Pookie, the neighbour's cat, was desperate for company when I got home today. https://t.co/ZI7D67ohQH]]></document>
		<document><![CDATA[Brilliant; my 12 Days of Christmas beer from @kererubrewingco has arrived. And so quickly! https://t.co/RcbMDYvOSI]]></document>
		<document><![CDATA[ROKS Chungbuk departs Auckland #RNZN 75th Birthday celebrations https://t.co/P14vQlghXA]]></document>
		<document><![CDATA[@MrsGreatnews @rmi Uly does not seem to be entirely pleased.]]></document>
		<document><![CDATA[A quiet post earthquake, first day back in our work buildings, drink. https://t.co/RMCKNJ2Q6k]]></document>
		<document><![CDATA[I am no Republican, but you simply cannot compare @ronaldreagan40 with @realDonaldTrump - very very different]]></document>
		<document><![CDATA[@toby_etc I know but it really really is not funny]]></document>
		<document><![CDATA[@mundanematt well maybe, but I hope you voted for @HillaryClinton cos this is not the result you want.]]></document>
		<document><![CDATA[2 people followed me // automatically checked by https://t.co/D5W33jq4sV]]></document>
		<document><![CDATA[Ana Navarro: I'm voting for Hillary Clinton -- and against Donald Trump - I hope many more GOP people feel the same https://t.co/7ER5of2Fmo]]></document>
		<document><![CDATA[So sad that anyone would need to this https://t.co/hXzUhQVKEY]]></document>
		<document><![CDATA[@TomiLahren Are you stupid; or are you so tribal it is the Republican candidate no matter how awful and unfitted that person may be?]]></document>
		<document><![CDATA[@wimon_song You simply cannot make this stuff up.]]></document>
		<document><![CDATA[@People4Bernie Well, one is clearly not corrupt; they are in no way equivalent.]]></document>
		<document><![CDATA[@BettyBowers I love you Mrs Betty Bowers.]]></document>
		<document><![CDATA[Did we just hear Trump's concession speech. #debate #debate2016]]></document>
		<document><![CDATA["You know what else I prepared for; I prepared to be President" #debatenightb boom!]]></document>
		<document><![CDATA[@winstonmoreton @onThePaepae Oh I see now and I certainly do not know.]]></document>
		<document><![CDATA[@winstonmoreton @onThePaepae Know what?]]></document>
		<document><![CDATA[@wallacelchapman @radionz #samhunt Brilliant programme with Sam Hunt; deeply evocative and entertaining and it's only part 1 - a must listen]]></document>
		<document><![CDATA[Great bus stop in Lyall Bay; shelter and a library for a good read.  #Wellington @lyallbaynz https://t.co/JlWQi9Ardc]]></document>
		<document><![CDATA[A ludicrous story. I cannot believe this is still a thing.  https://t.co/oNZzuUUEWR]]></document>
		<document><![CDATA[Arriving at Hobsonville for work today; superb way to get here - glorious day #Auckland #hobsonvillepoint https://t.co/cF71M90wuB]]></document>
		<document><![CDATA[The crowd sings Purple Rain while awaiting the beginning of Twelfth Night #PrinceRIP #popupglobe #auckland https://t.co/sp12cUDwEZ]]></document>
		<document><![CDATA[@ScuderiaFerrari Excellent remarks from Ferrari Chair - sensible but preserve essence of what makes F1 F1]]></document>
		<document><![CDATA[Loving the mozzarella tyre graininess analogy @SkySportsF1]]></document>
		<document><![CDATA[@SkyF1Fan fantastic comparison from @PaulDiResta between Kimi and Nico]]></document>
		<document><![CDATA[What a great turnout!  https://t.co/atSkg8f0vB]]></document>
		<document><![CDATA[At the Karen Louisa Foundation breast cancer fundraising lunch https://t.co/lGBspmKBX3]]></document>
		<document><![CDATA[Filming of Good Bye Pork Pie continues #wellington @LoveWgtn @wellingtonnews https://t.co/xIdbJsuOKA]]></document>
		<document><![CDATA[@InfidollEmma And they have it in Herne Bay https://t.co/17JpseGqkM]]></document>
		<document><![CDATA[#dfmarymac begins #RebelHeartTour in #Auckland https://t.co/VyHsBsm5Dp]]></document>
		<document><![CDATA[Erica enjoying a beautiful day in #Auckland https://t.co/3jm8b0rgJX]]></document>
		<document><![CDATA[@InfidollEmma and it'd really good!]]></document>
		<document><![CDATA[Smoke in the hills behind the cricket #Wellington https://t.co/DJ2JshZk0S]]></document>
		<document><![CDATA[Brilliant after work at the Basin @WhyWellington https://t.co/djpwVVn6v1]]></document>
		<document><![CDATA[@Nelz819 I'm settling in to watch the Super Bowl on a beautiful sunny Monday afternoon]]></document>
		<document><![CDATA[@LI_politico what a great job she did - wahooooooi]]></document>
		<document><![CDATA[@beerlytweeting I just saw your sign on the telly]]></document>
		<document><![CDATA[#LoganCampbellPark #GreatAucklandPlaces https://t.co/j3cFOLmqg3]]></document>
		<document><![CDATA[@InfidollEmma you have swept past leaving me in your wake never to catch up I imagine #justwaymoreinteresting]]></document>
		<document><![CDATA[And the airport closed for fog @wellynews https://t.co/mRuknFeelD]]></document>
		<document><![CDATA[When Philosophy Lost Its Way, via @nytimes https://t.co/pzoB0QdkVh]]></document>
		<document><![CDATA[Housing crisis hits 1960s levels as tenants battle to cope, says Shelter https://t.co/iujZliSiEE]]></document>
		<document><![CDATA[Marlbourough clams on this brilliant New Years Day.  @lyallbaynz @WhyWellington @EmmaGorowski @WildBayLive https://t.co/SM1OXkNUDd]]></document>
		<document><![CDATA[@BryonyHilless And to you!]]></document>
		<document><![CDATA[Happy New Year from Greg and Erica https://t.co/5B07RdfuX8]]></document>
		<document><![CDATA[@WhyWellington That's why: https://t.co/03ac8N91M8]]></document>
		<document><![CDATA[@TamakiRegen Yes-  Housing New Zealand did a really good job building them.]]></document>
		<document><![CDATA[The sun is well and truly past the yard arm; so enjoying a beer on a stunning @WhyWellington day @Garage_Project https://t.co/xFCawCH2yu]]></document>
		<document><![CDATA[@catherinemcg me neither]]></document>
		<document><![CDATA[Where are my colleagues! #NigelNoMates https://t.co/LdYfQy0xyy]]></document>
		<document><![CDATA[Emma, have you seen this https://t.co/EgNcmM0UPe]]></document>
		<document><![CDATA[@Nelz819 Brilliant! A craft draft IPA taking a break on the Strip #CraftBeer takes over world]]></document>
		<document><![CDATA[With Kyle Busch's NASCAR #goininterstate18 https://t.co/Xini6ctAKy]]></document>
		<document><![CDATA[@Nelz819 Watching the game in Mexico City - go Mets! https://t.co/f0HdXyYYPS]]></document>
		<document><![CDATA[Great evening last night in Mexico City; thousands in this fantastic parade #halloween2015 https://t.co/HhlSjA6egc]]></document>
		<document><![CDATA[It will be amazing if we do start as it is very wet https://t.co/1aLAtyF8fU]]></document>
		<document><![CDATA[It's brilliant actually being here!#USGP https://t.co/caP4vhgjFt]]></document>
		<document><![CDATA[New Zealand in the stand out group #digital  https://t.co/lsMTjrDvKX]]></document>
		<document><![CDATA[A nice day for a walk in @WhyWellington from the Krupp gun captured by NZ forces in 1918 in France http://t.co/km1TbRgD3x]]></document>
		<document><![CDATA[Erica practicing for Christmas just served a wonderful Dessert in tribute to Tuyman's painting http://t.co/vy74Johdi6]]></document>
		<document><![CDATA[@WhyWellington The Kawhai are biting http://t.co/NUj8owa6UJ]]></document>
		<document><![CDATA[@Garage_Project omg! What a great beer - porcini and black truffle - it works, it really works http://t.co/zTTKJKPzAR]]></document>
		<document><![CDATA[@EmmaGorowski - I am not sure how you will respond to this; great critique of Hurd's book https://t.co/BVLyBCzM4i]]></document>
		<document><![CDATA[@MasterchefBrett Just finished your Proper Kumara crisps - bloody excellent]]></document>
		<document><![CDATA[@Boulcott @EmmaGorowski Brilliant lunch today! http://t.co/GQ8aB936Az]]></document>
		<document><![CDATA[@Boulcott I wonder what today's Sunday Roast is as @EmmaGorowski , Erica and I are thinking of going today]]></document>
		<document><![CDATA[Emma, You may have interpreted the show "Friends" completely wrong http://t.co/XVYFwUvAc9 http://t.co/qRdu2VqFCB” @TravelsonTour]]></document>
		<document><![CDATA[At the Gazley Motors Supercar @WellyOnaPlate dinner; simply brilliant http://t.co/GESx0JXqDR]]></document>
		<document><![CDATA[Wellington Friday night #Wellington - there is no excuse http://t.co/0EyMmTFeCI]]></document>
		<document><![CDATA[@stephaniesoper Yay, in my view best couple won and  I don't even like Simon but he won me over - great dancing, great person]]></document>
		<document><![CDATA[@rastorf You might like this? https://t.co/iCnY1LVmA3]]></document>
		<document><![CDATA[@whiasco @mitchyyyyy I was just there and I found their service very considerate and they rang the following day to see if I was ok]]></document>
		<document><![CDATA[@thegroufska the word face is missing in that last tweet!]]></document>
		<document><![CDATA[Never never put off going to the dentist; tooth out yes but now on antibiotics to fight the infection that has made my swell up like a house]]></document>
		<document><![CDATA[@stephaniesoper and Simon and Vanessa]]></document>
		<document><![CDATA[#DWTSNZ Stephano just looks fabulous; rocking that look]]></document>
		<document><![CDATA[A great day in #LyallBay #Wellington @lyallbaynz http://t.co/zYIrwXbicO]]></document>
		<document><![CDATA[At the Malthouse waiting for the big game to start #hurricanes http://t.co/jeyrKNA7Eh]]></document>
		<document><![CDATA[@CIH_Housing2015 #CIHhousing15 ridiculous- session scheduled to begin at 9 but can't get in at 8:55 cos venue closed to delegates until 9!]]></document>
		<document><![CDATA[@DrGerardLyons - "After New Zealand, the UK is the most centralised economy in the western world" #CIHhousing15]]></document>
		<document><![CDATA[@EmmaGorowski great stuff!]]></document>
		<document><![CDATA[@newhammayor #CIHhousing15 solving the housing crisis works when you unite people not divide them]]></document>
		<document><![CDATA[@RBEhotels  @CIH_Housing2015 @CIHNW Great welcome - setting the scene for a great three days]]></document>
		<document><![CDATA[Enjoying our journey to Manchester; it really is green and it really is pleasant. http://t.co/o5xlqIfgge]]></document>
		<document><![CDATA[@collinscsl @CIH_Housing2015 - it was! now arrived in London after 28 hours travel time - getting close now just the train to Manchester]]></document>
		<document><![CDATA[@EmmaGorowski - seen this photo for the first time; what a great day - so proud http://t.co/LAdpfaAeTC]]></document>
		<document><![CDATA[one person followed me and one person unfollowed me // automatically checked by http://t.co/D5W33jq4sV]]></document>
		<document><![CDATA[Likewise and I'm leaving New Zealand tomorrow on my way to @CIH_Housing2015 - can't wait! https://t.co/uJIStNJzhI]]></document>
	</documents>
</author>