<author lang="en">
	<documents>
		<document><![CDATA[@5adaynz @nzheraldbiz they look fantastic, will only need to put one in my smoothies!]]></document>
		<document><![CDATA[#oldpeoplesconcert means chardonnay in a bottle, no strobe lights, conversation over music and… https://t.co/fTpmQb8wKc]]></document>
		<document><![CDATA[#wellington #summer #cricket huddled up in your blanket @ Basin Reserve Cricket Ground, Wellington https://t.co/5A7L3MVkdN]]></document>
		<document><![CDATA[@Lesleyattalk as many as you want #lifeisshorteatthebiscuits]]></document>
		<document><![CDATA[@mrcopita this makes me feel better about hanging on to my big Aussie reds for a couple of days but it's a… https://t.co/pPrhyx2mHI]]></document>
		<document><![CDATA[I'm getting old. I just turned #Aerosmith down a bit. #50yearsgood #soundsgoodloud]]></document>
		<document><![CDATA[@mrcopita not good then? They can't stay artisan craftsmen forever. It's $$ time.]]></document>
		<document><![CDATA[@AngeHalliday @iamevewilliams @mrcopita yeah you did, the little rake in the sand pit thing.]]></document>
		<document><![CDATA[@iamevewilliams @mrcopita Hang on, @AngeHalliday had one of them. She's probably stuck bottle caps in it.]]></document>
		<document><![CDATA[@mrcopita @iamevewilliams  A desktop garden is standard. Especially when you work in horticulture. It's basically a work requirement.]]></document>
		<document><![CDATA[@angelahogg love that colour on you darl!]]></document>
		<document><![CDATA[@iamevewilliams yeah it has flaws, but that's very Zen. "If the candle doesn't light, is there still a flame?" Etc etc]]></document>
		<document><![CDATA[@iamevewilliams get a candle from the civil defence kit in the office and fill a saucer with water. Stand candle in saucer and light.]]></document>
		<document><![CDATA[@karynhay @radionz  I know! Fiona! She revealed more in that interview than you did. 😃]]></document>
		<document><![CDATA[@radionz treat of 2016: @karynhay and #kimhill together, talking books, erotic photos and houseboats. Good Saturdays are made of this.]]></document>
		<document><![CDATA[@Xaphriel there will be lots of mucking around with public transport - checking train lines. Don't be in a hurry to go to work!]]></document>
		<document><![CDATA[@Xaphriel Yep all good here. Just don't feel like going back to bed!]]></document>
		<document><![CDATA[@Xaphriel that was biggest one I've ever felt Brian, only lost a couple of glasses, lucky.]]></document>
		<document><![CDATA[@WebTaniwha @nz_quake Was big and rolling here in the Wgtn CBD Jason. Not much sleep for us tonight! Only lost a couple of glasses -  lucky]]></document>
		<document><![CDATA[@radionz we are appreciating Vicki's calm, sensible tones right now, thank you all.]]></document>
		<document><![CDATA[And it will not be the last #notjustforgranny https://t.co/QUG4TY9YS1]]></document>
		<document><![CDATA[#thingsyouthoughtyoudneversee #paddleboarding on #wellington harbour @ Oriental Bay https://t.co/EyhQTlxfz3]]></document>
		<document><![CDATA[A nice photo of  #wellington #airport #onagoodday @ Mt Victoria Summit, Wellington, Nz https://t.co/6r6yD5ybHv]]></document>
		<document><![CDATA[#abovetheline is back hurrah! @ The General Practitioner - Wellington https://t.co/fDfWShp5zS]]></document>
		<document><![CDATA[@wildechick @AaronJMeikle @Phil_Wheeler Love the @powershop sense of humor, and the cricket is v average right now #dadjokes]]></document>
		<document><![CDATA[Almost home when you can see #thesouth thanks airnz #wellington #samsungpic @ Cook Strait https://t.co/7cW5FHfkI6]]></document>
		<document><![CDATA[@mrcopita does it have an official start date? #yourdaughtermademedoit]]></document>
		<document><![CDATA[The summer of rosé starts at home. #summerwine @ Hannah's Factory Apartments https://t.co/bJGZ0VkF8d]]></document>
		<document><![CDATA[@AngeHalliday @CheeseNZ @mrcopita @wildechick Blue vein softened with sparkling wine, spread on warm wholegrain toast w fresh fig slices.]]></document>
		<document><![CDATA[@mrcopita @CheeseNZ @AngeHalliday @wildechick Haha need a month just to do 'A' ... better get started!]]></document>
		<document><![CDATA[@wildechick @CheeseNZ @mrcopita @AngeHalliday Aged Cheddar?]]></document>
		<document><![CDATA[@CheeseNZ @mrcopita @AngeHalliday @wildechick A whole month! Where to start? Alphabetical? Brie?]]></document>
		<document><![CDATA[@AvidaBar @grenache_global and it tastes good!]]></document>
		<document><![CDATA[#cruising on the Interislander Part 2 ...  #thankfulformyphone #startyourengines #cookstrait @… https://t.co/Q0Ei9XxhEP]]></document>
		<document><![CDATA[Bye #wellington,  we are #cruising on the interislander #goodpies #hotchips @ Cook Strait Ferry https://t.co/zuXgcxj67s]]></document>
		<document><![CDATA[@wildechick @mrcopita twitter suggested I might want you translate that from Romanian. I didn't know you spoke Romanian. So talented.]]></document>
		<document><![CDATA[@wildechick @mrcopita what the hell is an overt floor plan?]]></document>
		<document><![CDATA[This week, southern mountains. #winter #flying #beautifulsouth airnz https://t.co/0OsZE4BJ0r]]></document>
		<document><![CDATA[Takes an ABs victory to get me and my bro in a photo. #allblacks #wellington #goodtimes @… https://t.co/oWy00a2YuD]]></document>
		<document><![CDATA[@Lesleyattalk I knew they did one but unfortunately not the one sold @AvidaBar #sadface]]></document>
		<document><![CDATA[@WgtnCC @GeorgeKCampbell thank you]]></document>
		<document><![CDATA[@GeorgeKCampbell @WgtnCC what is Orange Day?]]></document>
		<document><![CDATA[Out on the town backbenches with @FedFarmers provincial pres newbies #onthetele #agchatnz @ The… https://t.co/jDvfp96MrJ]]></document>
		<document><![CDATA[#finally! #waitedalongtime #wellington #rugby #goodnight @ Westpac Stadium https://t.co/Y8SkZAeDcz]]></document>
		<document><![CDATA[OMG we might win this. #HURvLIO #waitedalongtime #wellington #rugby]]></document>
		<document><![CDATA[#davidjones #retailtherapy all go in #wellington https://t.co/iSSAcDlC5V]]></document>
		<document><![CDATA[#Excited! #davidjones #wellington #retailtherapy @ Wellington, New Zealand https://t.co/RmWZiCnXpO]]></document>
		<document><![CDATA[#Edinburgh #JaneAusten fans... Don't miss this show. So diverting! https://t.co/COu1CcjmhJ]]></document>
		<document><![CDATA[@angelahogg I'm all tucked up at grandma's - coffee/brunch tomorrow?]]></document>
		<document><![CDATA[Hey Rural Kiwi folk - do this survey and ask for more Rural News and stories #agchatnz @FedFarmers @HorticultureNZ https://t.co/mAwCNAZ5AA]]></document>
		<document><![CDATA[Almost here! Very exciting. #djs #davidjones #wellington #shoppingisfun #retailtherapy @ Lambton… https://t.co/Wdqk8uFvEl]]></document>
		<document><![CDATA[See @Xaphriel ... You are so on trend right now. https://t.co/qOQQsPoGbk]]></document>
		<document><![CDATA[Spooky plastic moa in the dark #nelson @ Queen's Garden https://t.co/R0mzFeKQX5]]></document>
		<document><![CDATA[#abovetheline with lovely #Californian #zinfandel rimuwinebar @ Rimu Wine Bar https://t.co/NwC6XnAPbk]]></document>
		<document><![CDATA[@wellingtonista oh yeah, I had that rib. #tenderas]]></document>
		<document><![CDATA[This gorgeous guy is a new edition to my #teddybear #collection - plus teddy chocolates! Lovely… https://t.co/8IeOLHAlCu]]></document>
		<document><![CDATA[That looks like a challenge @AvidaBar Very #GameofThrones https://t.co/REjsc2uSnl]]></document>
		<document><![CDATA[Hearing about new @CoeliacNZ Dining Out prog @CNZAGMandconference2016  looking forward to #glutenfree  #eatingout @HospitalityNZL @mrcopita]]></document>
		<document><![CDATA[Loving learning #glutenfree foodie tricks from #specialtEchef @CNZAGMandConference2016 Flavour matters! Thanks @chefEMarshall 😊]]></document>
		<document><![CDATA[Big day @CoeliacNZ conference today, looking forward to hearing about all the stuff happening for us #glutenfree folks. And GF lunch!]]></document>
		<document><![CDATA[School boy rugby fans - with blankets and chocolate in the sunshine. #rugby #onslow #HVHS… https://t.co/r1vGfILrG7]]></document>
		<document><![CDATA[@AvidaBar everything half price today then?? :)]]></document>
		<document><![CDATA[@WebTaniwha @LeighCatley @Cathystrong @MasseyUni thank you for that Jason! #smileforthecamera]]></document>
		<document><![CDATA[#immigrationnz problems - we just don't have enough people! https://t.co/S0WRNvOM4F]]></document>
		<document><![CDATA[@wellingtonista @AvidaBar #lastbastionofwineinwgtn]]></document>
		<document><![CDATA[@iamevewilliams what about the place in Bond St?]]></document>
		<document><![CDATA[Yeah! It's here. Thank you @kererubrewingco #beer #pledgeme #glutenfree https://t.co/ut6vJ3v4ZI]]></document>
		<document><![CDATA[It is a truth I have to universally acknowledge - we hugely enjoyed @pennypink and her show @CircaTheatre last night - gorgeous!]]></document>
		<document><![CDATA[@iamevewilliams @nathampshire that is gorgeous! I see you have the creampuff bed .. it doesn't work that well for me.  What's the secret?]]></document>
		<document><![CDATA[Stephen designed himself a tee shirt to celebrate #coeliac awareness week. #goodboyfriend @ Avida https://t.co/O695oJsg9E]]></document>
		<document><![CDATA[@mrcopita this truly is criminal https://t.co/kr5WEFpeao #prosecco #whocanyoutrustinthisworld]]></document>
		<document><![CDATA[@AvidaBar @kererubrewingco Yeah!!  Yes I have my order in. Will be able to offer you a beer when you come to visit @Lesleyattalk]]></document>
		<document><![CDATA[Just eaten my last Omega plum for the season. Sad time, but now we have chestnuts! #eatinseaon]]></document>
		<document><![CDATA[Thank you sweetheart, couldn't have done it without you. lawreniquehair https://t.co/4ssLxiZm9l]]></document>
		<document><![CDATA[Scored #myfavouritetable on a very pleasant #wellington eve. @ The… https://t.co/g66FCSszHo]]></document>
		<document><![CDATA[Hey @FlyAirNZ thanks for looking after my Mum and 101-year-old Nana yesterday. They enjoyed their trip to Brisbane. #happytraveller]]></document>
		<document><![CDATA[Farewelling natalierose77 with this beautiful horticultural cake by… https://t.co/mlHXuWjMOz]]></document>
		<document><![CDATA[@Lesleyattalk I reckon you could have a punt too, if you wanted.]]></document>
		<document><![CDATA[Impressive! I need a copy of that. #notaddictedatall https://t.co/wuC7TDhFeI]]></document>
		<document><![CDATA[hmmm ... finding out about this just in time #NationalDrinkWineDay]]></document>
		<document><![CDATA[Wine drinking with hats and sunscreen #happinessis @ Marlborough… https://t.co/HafnEp1ju5]]></document>
		<document><![CDATA[Going home soon to pack, dig out the sunscreen and do my nails @CaseyBelsham so excited and thank you to @DogPointWines @mrcopita]]></document>
		<document><![CDATA[@mrcopita real science stuff, it must be true! https://t.co/lR2WytUO8c]]></document>
		<document><![CDATA[@mrcopita real science stuff, must be true!]]></document>
		<document><![CDATA[@robhosking whoops! that should have been me]]></document>
		<document><![CDATA[Very #friendlypour well #abovetheline #wellingtonnz @ Juniper Gin… https://t.co/BVjxELRKDv]]></document>
		<document><![CDATA[Will be brilliant to see @mj_payne right here @TrenthamRaces  https://t.co/f5yVOd4eWu]]></document>
		<document><![CDATA["Tasty Trends for 2016 in NZ Food &amp; Drink PR" on @LinkedIn https://t.co/1EmGJ5Wnzr]]></document>
		<document><![CDATA[@nathampshire thank you!]]></document>
		<document><![CDATA[Got the horns on, ready to go... With @angehalliday accadacca… https://t.co/8tONH6EmYh]]></document>
		<document><![CDATA[Pretty impressive kirstymoira thanks for the tip off and also to… https://t.co/y5hswjr3S1]]></document>
		<document><![CDATA[The parliamentary precinct knows Christmas is coming #lovepubs… https://t.co/uyMjYECWA6]]></document>
		<document><![CDATA[Hey @deJongKirsty how is #HortiCultureNZ as a hashtag? It's @Lesleyattalk's idea. #nzgrowers #growersgetinvolved @HorticultureNZ]]></document>
		<document><![CDATA[Email a Cabinet Minister and ask why we can't be CoOL - https://t.co/HiffYaYsKr  https://t.co/TnJZ9muoO7]]></document>
		<document><![CDATA[@WgtnCC when is the Eva St launch?]]></document>
		<document><![CDATA[@Lesleyattalk friendly fire fighting advice.]]></document>
		<document><![CDATA[@Lesleyattalk What? Kittens or garden hoses?]]></document>
		<document><![CDATA[fantastic idea @mrcopita we need to get a turkey! https://t.co/2bZSULInNo]]></document>
		<document><![CDATA[Not even on the market officially yet kirstymoira but I scored four cans… https://t.co/UNFYoTOAGl]]></document>
		<document><![CDATA[@AvidaBar @BodegasLaGitana and certainly not the last ... bringing sherry newbies after work today #sherryweek]]></document>
	</documents>
</author>