<author lang="en">
	<documents>
		<document><![CDATA[My grandad just called my uniform 'my suit' hahhaah]]></document>
		<document><![CDATA[Some 1st year was complaining today because her ma took her iPhone 6 off her and she has to use a 5, hate that]]></document>
		<document><![CDATA[I respect people so much that can think of witty caption and comebacks on the spot I just use emojis]]></document>
		<document><![CDATA[I have a feeling this is going to be a good week!!]]></document>
		<document><![CDATA[Holly is crying because he is 16 hahahhaha #kidsindiva]]></document>
		<document><![CDATA[Me and holly are cousins😮]]></document>
		<document><![CDATA[I'm such a loud mouth hahahah]]></document>
		<document><![CDATA[@joshua_kav @B1999Byrne it's a house coat my friend]]></document>
		<document><![CDATA[@joshua_kav too right]]></document>
		<document><![CDATA[Hahaha I'm all over the shop]]></document>
		<document><![CDATA[@The_Big_Jam I don't think so🙄]]></document>
		<document><![CDATA[@The_Big_Jam ew no you're one of them]]></document>
		<document><![CDATA[Let's be real it's a house coat]]></document>
		<document><![CDATA[I think it's gas the way I'm not stressed about failing subjects but stressed out about seeing some teachers hahahah]]></document>
		<document><![CDATA[When the week booted you around but you are still cute and trying hard not to die https://t.co/3CFzvCnxIt]]></document>
		<document><![CDATA[I'm so bad at taking compliments but I love getting them😮]]></document>
		<document><![CDATA[I want to listen to people but I think I'm slightly handicapped]]></document>
		<document><![CDATA[@mundele_ awww that's so real☹️]]></document>
		<document><![CDATA[Do you ever remember something you did when you were younger and just want to die because same]]></document>
		<document><![CDATA[IRA songs are playing in star pizza is that allowed???]]></document>
		<document><![CDATA[This school smells like period and tears]]></document>
		<document><![CDATA[Every Snapchat I just opened was the sky bless up]]></document>
		<document><![CDATA[@Moyaxo my heating is broken]]></document>
		<document><![CDATA[I'm definitely one of those people on twitter that annoys everyone because I can't spell and I always use the wrong punctuation]]></document>
		<document><![CDATA[Some days I don't even read the tweets or instas I'm liking, I just like everything]]></document>
		<document><![CDATA[@_JamieOGrady @lauryncly ill take it thanks man]]></document>
		<document><![CDATA[@Moyaxo I might just stab your man working on the till🤷🏻‍♀️🤷🏻‍♀️]]></document>
		<document><![CDATA[I just found out I can't see trainspotting 2 because it's 18s happy Monday]]></document>
		<document><![CDATA[Can someone get me a dog please☹️]]></document>
		<document><![CDATA[My brother gave himself a shoutout on my Snapchat and I'm not deleting it it's funny hahahha]]></document>
		<document><![CDATA[Can some girls fuck offfffff]]></document>
		<document><![CDATA[I like my maths the way I like my men hard]]></document>
		<document><![CDATA[I love everything on Facebook hahahah I'm a pervert]]></document>
		<document><![CDATA[Aw jaysus you have my heart broke]]></document>
		<document><![CDATA[@amyf0065 I wish I knew her then☹️]]></document>
		<document><![CDATA[Disrespectful youngfellas should take a run and jump the rotten cunts]]></document>
		<document><![CDATA[@andyfox98 you're a cunt foxy]]></document>
		<document><![CDATA[Ciara Byrne is sitting at a bus stop eating a banana sick prevent]]></document>
		<document><![CDATA[I stood in a line for 2 and half hours for Diva hahahahah]]></document>
		<document><![CDATA[@_AdamHP_ it's a good time]]></document>
		<document><![CDATA[@_AdamHP_ help leave my ma alone]]></document>
		<document><![CDATA[I can already smell the tan of that school tomorrow]]></document>
		<document><![CDATA[I just find that my great nanny who is 80 has been to Diva and I haven't hahahahha]]></document>
		<document><![CDATA[This is disgusting https://t.co/qOfiz4SJTI]]></document>
		<document><![CDATA[Cosmos is a new ball game]]></document>
		<document><![CDATA[@loaferclub thanks very much Luke😇]]></document>
		<document><![CDATA[Why did they do that??? https://t.co/tcAbfsnyQE]]></document>
		<document><![CDATA[All girls school things😙😙 https://t.co/3dDGbO3PKX]]></document>
		<document><![CDATA[It's mad how you can go from caring about someone so much to wanting them to fall in front of a 13 ha]]></document>
		<document><![CDATA[My da just told me that he taught that I would have grown out of my ugly stage by now the bald cunt]]></document>
		<document><![CDATA[Aw remember Amy worked in star pizza]]></document>
		<document><![CDATA[I would honestly love to scull jab some cunts in the mouth]]></document>
		<document><![CDATA[Naomi is in that line in the canteen everyday for packet of O'Donnells and a cup of tea without a doubt]]></document>
		<document><![CDATA[I actually don't have it in me to do a double maths tomorrow]]></document>
		<document><![CDATA[Niamh Farrell is going to have murder over Gemma calling her "will Ferrell" fact]]></document>
		<document><![CDATA[When your song comes on and you can't find any of your mates https://t.co/Blzh3STfWe]]></document>
		<document><![CDATA[@_AdamHP_ @BenIsNotJohn not about that life]]></document>
		<document><![CDATA[@BenIsNotJohn honestly tho]]></document>
		<document><![CDATA[My family keep calling me a session moth and I'm just not okay with it]]></document>
		<document><![CDATA[Why was school windy today]]></document>
		<document><![CDATA[My teachers are mad cute putting loads of xo's on my papers little cuties😙😙]]></document>
		<document><![CDATA[Honestly https://t.co/kIJjfaqeed]]></document>
		<document><![CDATA[@The_Big_Jam he'll kill you watch]]></document>
		<document><![CDATA[@chloehogan6 @becca_walsh1 bald cunt and hate him heheheh]]></document>
		<document><![CDATA[@chloehogan6 @becca_walsh1 wish it was just you tbh every person going says it]]></document>
		<document><![CDATA[It actually wrecks my head so much when people mention my da to me like fuck off you don't know him]]></document>
		<document><![CDATA[Almost got robbed by two junkies, they just felt my arse for really long help]]></document>
		<document><![CDATA[I have no plasters and my ankle is cut so much☹️☹️☹️]]></document>
		<document><![CDATA[@The_Big_Jam 3 is a load of balls]]></document>
		<document><![CDATA[Metor has texted me 7 times today telling me I have no credit and I do I want to fight them]]></document>
		<document><![CDATA["Yeno the way her daughter got shot"]]></document>
		<document><![CDATA[My mam taught 11:11 and 4:20 were the same thing]]></document>
		<document><![CDATA[Is it really tho???]]></document>
		<document><![CDATA[@mundele_ I'm dying☹️miss you too😪]]></document>
		<document><![CDATA[I still have to do my LCVP assignments yay]]></document>
		<document><![CDATA[I'm dreading Monday so much]]></document>
		<document><![CDATA[My grandad added me on Facebook and I'm too scared to accept :(((((]]></document>
		<document><![CDATA[Take her seriously!! https://t.co/XQMt00mwY1]]></document>
		<document><![CDATA[I would love a scrumdiddlys]]></document>
		<document><![CDATA[@Moyaxo @BenIsNotJohn that's the point hahahhahah]]></document>
		<document><![CDATA[#2016in3words too much dabbing]]></document>
		<document><![CDATA[Why does every fella get covered in drink at parties??]]></document>
		<document><![CDATA[You fancy your brother you poor cunt hahahah]]></document>
		<document><![CDATA[Why is Lucan a different country?]]></document>
		<document><![CDATA[Moya sobbed last night because we have no memories in 2017 and we get too make them now]]></document>
		<document><![CDATA[Honestly https://t.co/3wobdThuLy]]></document>
		<document><![CDATA[My nanny just texted me and said "happy 2017 xx" sorry Gero it's only 5:23]]></document>
		<document><![CDATA[Highlight of 2016 was being attacked by an Spanish man in Paris at 3 in the morning]]></document>
		<document><![CDATA[Ohhhh this night why am I fool hahahah]]></document>
		<document><![CDATA[You can't be sad listening to this song https://t.co/MMc2MJ6CgU]]></document>
		<document><![CDATA[All I want in life is a nandos]]></document>
		<document><![CDATA[I get so much abuse on those friendship things on Facebook they are honestly the worst things to ever exist]]></document>
		<document><![CDATA[Some serious wasters out there ha]]></document>
		<document><![CDATA[@_JamieOGrady I'm telling on you]]></document>
		<document><![CDATA[Not much fun to be had at funderland]]></document>
		<document><![CDATA[Remember Gemma taught periods and pyramids were the same thing]]></document>
		<document><![CDATA[Do you ever just look at a couple and think why the fuck are yous together?]]></document>
		<document><![CDATA[@Moyaxo some child he is]]></document>
		<document><![CDATA["Everyone is a candle but not everyone is lit"]]></document>
		<document><![CDATA[You're a mongo if you smoke your brains out at a party like who are you impressing??]]></document>
	</documents>
</author>