<author lang="en">
	<documents>
		<document><![CDATA[It's rare to see some actual justice in this country but I'm glad to see Angela Kerins was served with it today.  Hopefully costs follow.]]></document>
		<document><![CDATA[My only problem with this is,  it implies that there are "good banks" out there. https://t.co/n392BQeP6e]]></document>
		<document><![CDATA[@Taleof2Treaties @Independent_ie Hah!  Yeah,  he'll do that alright.....]]></document>
		<document><![CDATA[I'd like to think the Irish government will speak out against the #MuslimBan but no doubt they'll avoid the issue like the cowards they are.]]></document>
		<document><![CDATA[@fearo @bodyfirst_ie @beatsbydre @SkechersIE Fair play Mark.  Nice one.]]></document>
		<document><![CDATA[@KathOMeara Cheers Katherine,  yes I'm unfortunately well able to recollect the original from the cinema.  Might consider watching it so.]]></document>
		<document><![CDATA[@KathOMeara Was it any good Katherine?]]></document>
		<document><![CDATA[Remember the developers who 'exited Nama'? Most paid less than half their debts https://t.co/oPSibounQ1

@anticorruption Not surprising.]]></document>
		<document><![CDATA[https://t.co/Lv7uFC4Xxk

Because judicial appointments aren't currently political in nature!]]></document>
		<document><![CDATA[@mrbobdaly I do hope not, but perhaps you're right.]]></document>
		<document><![CDATA[Isn't it unusual that some guests on #vinb appear more often than Vincent himself?]]></document>
		<document><![CDATA[This jet story stinks of the usual levels of corruption one has come to expect in this country.  #vinb]]></document>
		<document><![CDATA[@Bankofisland Definitely not just you.]]></document>
		<document><![CDATA[So is Vincent only allowed on his own show once a week now? #vinb]]></document>
		<document><![CDATA[I'm more than glad to hear Vincent is back, but I actually think I'm too tired to watch #vinb this evening.]]></document>
		<document><![CDATA[Jaysus, it's only two days into his presidency and I'm sick to death of it already.  A whole 4 years of this shit awaits...]]></document>
		<document><![CDATA[I wonder what Obama's final body count was?]]></document>
		<document><![CDATA[@Trickstersworld Sorry to hear that Tony.]]></document>
		<document><![CDATA[Can I please have my #brexit over easy with some bacon.  #rtept]]></document>
		<document><![CDATA[@cncpinky Ah, thanks for that.  I'll look forward to that so.]]></document>
		<document><![CDATA[I'd love to know if and when Vincent is back on #vinb , this discussion is missing some of his feisty contributions.]]></document>
		<document><![CDATA[Is anybody else getting tired of the constant ads for the Irish lottery? 2 ads every single break is taking the piss altogether. #timetoplay]]></document>
		<document><![CDATA[Why was #selloff not broadcast prior to the last election?  That would have been more valuable.]]></document>
		<document><![CDATA[Had the misfortune to watch London has Fallen.  A bigger piece of nonsense / propaganda I have rarely seen.  Utter crap.]]></document>
		<document><![CDATA[@Emm511 Worst thing is,  he has other idiots who still listen to him and think he's great.]]></document>
		<document><![CDATA[@Emm511 It's rare a more stupid argument could be found than that.  He's utterly rediculous at this stage.]]></document>
		<document><![CDATA[Went to the Design and Violence Exhibition in TCD this afternoon and found this most appropriate exhibit.… https://t.co/OVzpVHmMaI]]></document>
		<document><![CDATA[@itchybollix Why doyou thinkthat?  Is he trying to claim expenses from it or something?]]></document>
		<document><![CDATA[https://t.co/gB8l7t56KF

I'm sure he will give into the pressure and resign!]]></document>
		<document><![CDATA[@GarNob @IrishLegalNews That's great to hear Gareth.  A legal breakthrough.]]></document>
		<document><![CDATA[What bet says the next Minister for Health has to deal with even higher record numbers of patients without beds.  #trolleycrisis]]></document>
		<document><![CDATA[Maybe #RTEbias can have #PatHickey and Denis ring on the new year for us. Utter nonsense. #Moriarty  #nyerte]]></document>
		<document><![CDATA[@Canteenrun Ah, I doubt anyone has run off with it!]]></document>
		<document><![CDATA[@Canteenrun Yeah, I remember that incident but it was a while ago.  Didn't hear anything recently though.]]></document>
		<document><![CDATA[Anybody have any idea what happened the Phil Lynott statue on Harry Street? I noted it wasn't there this week.]]></document>
		<document><![CDATA[https://t.co/ZEClcZTmTA

How long before this happens here?]]></document>
		<document><![CDATA[https://t.co/Rfo4yjvzqk

How many deaths does one have to be responsible for to earn this?]]></document>
		<document><![CDATA[Does this work with any election / referendum? https://t.co/g2WuYkfdqQ]]></document>
		<document><![CDATA[https://t.co/PTT22m5hsi

I've been warning about it for years! #Moriarty]]></document>
		<document><![CDATA[Victims will be able to seek review if a suspect is not prosecuted https://t.co/SVJKOx7jRz

This is as a result of an EU Directive, not FG.]]></document>
		<document><![CDATA[Owen Keegan has made such a feckin eejit out of himself; I'm surprised he's not a member of the Dail.]]></document>
		<document><![CDATA[I see the all time family Christmas classic is on this evening .... "The Hitcher ".]]></document>
		<document><![CDATA[@Shanepkavanagh Couldn't agree more.  Then they wonder why RTE is called #RTEbias]]></document>
		<document><![CDATA['When is this p***k up for re-election': George Galloway and a Dublin councillor are having a heated row on Twitter https://t.co/XW7QkHHw45]]></document>
		<document><![CDATA[The reindeer just couldn't hold it in..... https://t.co/9XzLpLEBXP]]></document>
		<document><![CDATA[@PaudieCoffey You'll be glad to know that my landlord via the estate agents will increase my rent by 33% from March 2017. Cheers.]]></document>
		<document><![CDATA[@CCKear Yeah, wasn't too impressed myself.   What a merry f#@*ing Christmas that was.]]></document>
		<document><![CDATA[Most thoughtful of the estate agents to kindly raise the rent on our apartment by no less than 33% from March 2017.]]></document>
		<document><![CDATA[Denis O'Brien's Communicorp radio empire lost €3.5m last year https://t.co/YPvJETharO

2,100 days since the #Moriarty report. Zero action.]]></document>
		<document><![CDATA[@itchybollix Wow, never saw that coming...]]></document>
		<document><![CDATA[2/2 otherwise, there's nothing to stop a future Min for Finance from issuing #promnotes to the value of €5 trillion with no oversight.]]></document>
		<document><![CDATA[There's one thing the #promnotes case makes clear; we need a referendum to temper the seemingly omnipotent powers of the Min for Finance 1/2]]></document>
		<document><![CDATA[Best of luck with the #promnotes case today @davidhall75]]></document>
		<document><![CDATA[All we need to do is to get all our respective employers to kindly cough up 12.5% increases over the next 3 years and we're laughing. #Dail]]></document>
		<document><![CDATA[If the #Rent legislation does not go through the #Dail before Christmas, we can expect massive rent increases in 2017....again.]]></document>
		<document><![CDATA[@ThomasRuschke Give me a shout, I've my Christmas party the evening before, so I may be delicate!]]></document>
		<document><![CDATA[@ThomasRuschke You clearly survived the 12 pubs Thomas!]]></document>
		<document><![CDATA[If you get the opportunity, you ought to have a look at @MicheaIMartinTD and his #FiannaFailQuiz this morning. Very entertaining!]]></document>
		<document><![CDATA[I'm dreaming of a mild Christmas.......]]></document>
		<document><![CDATA[I wonder if @VirginMediaIE tried turning it off and back on again??]]></document>
		<document><![CDATA[When the working group is finished, they can pass a report on to a committee, who can then give it to a task force.....etc. #rtept]]></document>
		<document><![CDATA[This sounds like a broadcast on behalf of the insurance industry.  #rtept]]></document>
		<document><![CDATA[Now that the indo staff know what Denis is actually like, they might give some more analysis on the findings of the #Moriarty report.]]></document>
		<document><![CDATA[@PaulFedayn No, only place I found info about it was online.]]></document>
		<document><![CDATA[I like that there are adverts on TV highlighting domestic violence; it's an unfortunate, prevalent crime that too often goes unpunished.]]></document>
		<document><![CDATA[@davidhall75 That's the last they'll see of him so.]]></document>
		<document><![CDATA[Nice of Denis to come and help Ireland celebrate 2,081 days since the #Moriarty report with no action taken by the authorities.]]></document>
		<document><![CDATA[@Trickstersworld Hah!  Yes,  I have. .. too many spinning classes.]]></document>
		<document><![CDATA[@Trickstersworld Very good piece Tony.]]></document>
		<document><![CDATA[#rtebias continue their crusade to keep #irishwater afloat.]]></document>
		<document><![CDATA[https://t.co/YaH76cJXm0

Surely this would never be abused?? @tjmcintyre]]></document>
		<document><![CDATA[Rare to find a government minister on #vinb and from that performance, it's obvious why.]]></document>
		<document><![CDATA[@CramWood Yup, agreed. Incredible that it can be shipped thousands of kms away, can pay all local taxes and duty but is still much cheaper.]]></document>
		<document><![CDATA[It always amazes me as to how much cheaper a bottle of Jameson (to take one example) is in Spain compared to its co… https://t.co/aryBN4Vy6n]]></document>
		<document><![CDATA[I take it RTE and INM are going to be busy defending the Garda Commissioner...... again!]]></document>
		<document><![CDATA[I always wanted to know where this guy got super powers to create fire with his eyes? https://t.co/fFpvf9c4LN]]></document>
		<document><![CDATA[@dublinbusnews Thank you kindly for your prompt response.]]></document>
		<document><![CDATA[@dublinbusnews Towards the airport.]]></document>
		<document><![CDATA[@dublinbusnews He eventually showed up.  If only they could quit the chat with each other though and get on with the job.]]></document>
		<document><![CDATA[@dublinbusnews No driver has shown up in O'Connell Street now where drivers are supposed to change.  #db747]]></document>
		<document><![CDATA[https://t.co/PhtTMsfwB9

The always excellent @GeneKerrigan]]></document>
		<document><![CDATA[https://t.co/sOMPHHedDg

I plan to be 6 foot 3 and 15 years younger.  Nice to be ambitious!]]></document>
		<document><![CDATA[@_melaniemay @myMEATwagon It's pretty good alright.]]></document>
		<document><![CDATA[https://t.co/9PXPnGnUV8

Appalling to read this kind of story.  No justification for this type of behaviour.]]></document>
		<document><![CDATA[Slovenia adds water to constitution as fundamental right for all

https://t.co/kspbrn5hfH

#Right2Water]]></document>
		<document><![CDATA[Well, #PatHickey stated that he looked forward to defending himself against all charges; let's see if he has the integrity to do just that.]]></document>
		<document><![CDATA[That's because RTE spout out the exact same nonsense as INM. #vinb]]></document>
		<document><![CDATA[All rights in the Constitution are subject to limitations including, but not limited to, property rights.  #vinb]]></document>
		<document><![CDATA[Denis doesn't control the media;  it just happens that the media he owns all agree with him.....on every single subject! #vinb]]></document>
		<document><![CDATA[Inevitably Denis' lawyers are at the ready...... #vinb]]></document>
		<document><![CDATA[@LianneReddy Sounds like something I'd love to do. .....if i didn't have a full time job!]]></document>
		<document><![CDATA[So Russia can prosecute government ministers who may be guilty of corruption....meanwhile in Ireland 20+ years later, nothing.... #Moriarty]]></document>
		<document><![CDATA['Let's Make America Great Again' was the American version of 'Let's Keep the Recovery Going'. Mugs continue to fall for these slogans. #vinb]]></document>
		<document><![CDATA[Maybe there's a link between the first and fourth story on the Irish Times.... https://t.co/vM1qq73xZt]]></document>
		<document><![CDATA[#PatHickey https://t.co/cqGNqcTndy]]></document>
		<document><![CDATA[Seems #NAMA was caught again...it's as if creating an unaccountable and secretive organisation somehow leads to dishonesty and corruption.]]></document>
		<document><![CDATA[That's right, only Dan O'Brien knows everything.  #pktonight]]></document>
		<document><![CDATA[Not everyone understands #TTIP because governments have been doing their level best to keep all debate on it under wraps. #pktonight]]></document>
		<document><![CDATA[@BarbaraMSmyth I believe he's her brother.]]></document>
		<document><![CDATA[@BarbaraMSmyth Yeah, same chap....unfortunately.]]></document>
	</documents>
</author>