<author lang="en">
	<documents>
		<document><![CDATA[I already love my G8 10000000000x better than the seXterra and I've only had it 12 hours https://t.co/ZdlxyUUvba]]></document>
		<document><![CDATA[Every time something good happens without fail something bad happens so you fall right back into reality]]></document>
		<document><![CDATA[If I could only kill a word.]]></document>
		<document><![CDATA[These refs obvi forgot how to call a pass interference]]></document>
		<document><![CDATA[@koolio_kyle the kooliest bandwagon cowgirls fan]]></document>
		<document><![CDATA[@koolio_kyle change your name because rooting for the Cowboys isn't koolio #GreenBayPackers]]></document>
		<document><![CDATA[Well fuck]]></document>
		<document><![CDATA[Troy Aikmen is a biased piece of shit and shouldn't be allowed to call Cowboys games]]></document>
		<document><![CDATA[@ConnorPhelps5 if KU lost on that play the level of butthurt amongst their fans would be greater than when this hap… https://t.co/WiljS1Xoh8]]></document>
		<document><![CDATA[If someone says happy New Years to me I'm probably going to politely say fuck you]]></document>
		<document><![CDATA[Fuck 2016 and fuck 2017 too]]></document>
		<document><![CDATA[@abby_lowe05 11 degrees isn't that cold if you live in North Dakota or Alaska so grow a pair]]></document>
		<document><![CDATA[@abby_lowe05 you didn't do that you lie on Twitter #liar]]></document>
		<document><![CDATA[@abby_lowe05 no it wouldn't it would be science and science is not a miracle]]></document>
		<document><![CDATA[@abby_lowe05 are you fucking 12?]]></document>
		<document><![CDATA[@abby_lowe05 You may miss them but they don't miss you]]></document>
		<document><![CDATA[@abby_lowe05 he doesn't have to do anything mom just wanted him to]]></document>
		<document><![CDATA[@abby_lowe05 probably because you were annoying him]]></document>
		<document><![CDATA[Congratulations @BenDeJarnett for knocking off 4x defending champion @AndrewGHorn for the 2017 sketch of the year]]></document>
		<document><![CDATA[The Santa Clause is one of the best Christmas movies ever]]></document>
		<document><![CDATA[@TysonPHodson @T_Rawww20 FALSE Detroit is the butthole of America not Kansas]]></document>
		<document><![CDATA[Nothing is more fun than being ignored by literally everybody 🙃]]></document>
		<document><![CDATA[Jace is literally the biggest piece of shit to ever walk this earth]]></document>
		<document><![CDATA[@Pelkey1234 go get some of these and you won't be bored anymore https://t.co/6IqcT7yPAj]]></document>
		<document><![CDATA[You drive us wild, we'll drive you crazy]]></document>
		<document><![CDATA[Poncho met his match you know, on the deserts down in Mexico]]></document>
		<document><![CDATA[Whenever I see someone cussing and screaming at their infant children in public I just want to ask them why tf did you even have kids]]></document>
		<document><![CDATA[I need a miracle right about now]]></document>
		<document><![CDATA[@jacelowe you forgot 1-15 17-19 and etc.]]></document>
		<document><![CDATA[@caitie_williams Just email your teacher and say you're a hardcore Christian and it's against your beliefs]]></document>
		<document><![CDATA[Someone needs to take away Derrick's snapchat]]></document>
		<document><![CDATA[Bored asf]]></document>
		<document><![CDATA[I cast my Heisman ballot for Dede Westbrook! Click the player you think deserves the @NissanUSA #HeismanHouse vote! https://t.co/STEJt1ErTN]]></document>
		<document><![CDATA[I still make a wish at 11:11 because I'm a child]]></document>
		<document><![CDATA[Derrick just broke the news to me #RIP @abby_lowe05 https://t.co/X1r8OwWi1B]]></document>
		<document><![CDATA[Whoever put Derrick in charge of Christmas decorations needs to be fired he put out only the ones he likes and left the others on the floor]]></document>
		<document><![CDATA[It's December 1st and I still haven't found a girl to watch the 25 days of Christmas with...]]></document>
		<document><![CDATA[@CoulterTrey you mean, Love (what's left of) my liver]]></document>
		<document><![CDATA[It's 10:00 am on a Wednesday and @jacelowe just sent me a picture of the rum he's currently drinking...]]></document>
		<document><![CDATA[@Walmart But the 2 employees were still right next to the self checkout still cussing like sailors when I was checking out around 12:35]]></document>
		<document><![CDATA[@Walmart no I didn't I assumed because it was around 12:30 am that management had gone home]]></document>
		<document><![CDATA[I love walking into the Wellington @Walmart and as soon as I get in the door there's two employees cussing about working at Walmart]]></document>
		<document><![CDATA[I cast my Heisman ballot for Dede Westbrook! Click the player you think deserves the @NissanUSA #HeismanHouse vote! https://t.co/shn5CDnMWe]]></document>
		<document><![CDATA[I kinda wanna go to the casino]]></document>
		<document><![CDATA[If the cowboys lose that would make my thanksgiving]]></document>
		<document><![CDATA[Even if Detroit wins they're still Detroit....]]></document>
		<document><![CDATA[I cast my Heisman ballot for Dede Westbrook! Click the player you think deserves the @NissanUSA #HeismanHouse vote! https://t.co/hlty9i0PVU]]></document>
		<document><![CDATA[I cast my Heisman ballot for Dede Westbrook! Click the player you think deserves the @NissanUSA #HeismanHouse vote! https://t.co/xbhgYHlSll]]></document>
		<document><![CDATA[How can the KU fans storm the field when it's so "dangerous"]]></document>
		<document><![CDATA[@TysonPHodson until you get home and they've stolen all your shit]]></document>
		<document><![CDATA[I'm shutting off my phone and all social media for a few days so if anyone wants to get ahold of me you won't to be able to for awhile]]></document>
		<document><![CDATA[Do you ever just wake up and your life has totally collapsed around you and you can't do anything about it. That's pretty much my life now]]></document>
		<document><![CDATA[@jacelowe @Sandunnsky @AndrewGHorn @HainIX11 Jace you suck I beat your ass just two weeks ago]]></document>
		<document><![CDATA[@koolio_kyle they were too busy trying to look as Koolio as you on  TV]]></document>
		<document><![CDATA[I still only want you...]]></document>
		<document><![CDATA[@abby_lowe05 you're literally retarded]]></document>
		<document><![CDATA[If there wasn't so many people (witnesses) I'd probably strangle @abby_lowe05 in this store]]></document>
		<document><![CDATA[Whenever I'm in public I like to walk against the flow of people because I'm an asshole]]></document>
		<document><![CDATA[I still can't believe he won... #MAGA]]></document>
		<document><![CDATA[We all know @realDonaldTrump won tonight but really America is who won tonight!!!!!!! #AmericaWillBeGreatAgain]]></document>
		<document><![CDATA[America will be great again!!! #TrumpedThatBitch]]></document>
		<document><![CDATA[@FrederickZach She's probably busy still trying to figure out how to rig it... #Trump2016]]></document>
		<document><![CDATA[The Indians need to come back and win this game because the Cubs winning the #WorldSeries is something that just isn't meant to be]]></document>
		<document><![CDATA[Trying to be as koolio as you @koolio_kyle]]></document>
		<document><![CDATA[@CoulterTrey get a job at Dillon's then it's impossible to check someone out at 11:00]]></document>
		<document><![CDATA[@CoulterTrey because they can]]></document>
		<document><![CDATA[If you're for OU, then go ahead and hit that #BeatTexas button. https://t.co/h3t219gNCH]]></document>
		<document><![CDATA[@jacelowe The amount of dumb shit you still do is unreal]]></document>
		<document><![CDATA[@caitie_williams @JDejarnett Idk if you realize but @BenDeJarnett actually tore his ACL and meniscus like I'm actually not joking about that]]></document>
		<document><![CDATA[@caitie_williams @JDejarnett @BenDeJarnett it was just all of that pinned up love he had for you it had to show itself sometime]]></document>
		<document><![CDATA[@JDejarnett @caitie_williams @BenDeJarnett IDK what you're talking about Ben and Caitie are obvi meant to be they share an injury]]></document>
		<document><![CDATA[@caitie_williams I mean it's meant to be @BenDeJarnett just tore his acl too #truelove]]></document>
		<document><![CDATA[@caitie_williams go wherever @BenDeJarnett is]]></document>
		<document><![CDATA[Why talk about Oklahoma State for the CFP the reality of it is that they let a MAC school stay within striking distance the whole game]]></document>
		<document><![CDATA[Pistols firing into their heads 😂😂😂😂😂😂😂 #CMU]]></document>
		<document><![CDATA[I'm building an ark but instead of rounding up all the animals I'm just gonna charge everybody 5 bucks to get on and not drown #KansasFlood]]></document>
		<document><![CDATA[KU won a football game holy shit time for the apocalypse]]></document>
		<document><![CDATA[@jacelowe I will never understand why @koolio_kyle is so Koolio]]></document>
		<document><![CDATA[#PrayersForJ-Lowe he was diagnosed with herpes at the doctors office this morning @jacelowe]]></document>
		<document><![CDATA[Sometimes I have to unfollow people because all they tweet about is their shitty life even tho they're the reason their life is shitty]]></document>
		<document><![CDATA[@jacelowe just said he jacks off 3 times a day]]></document>
		<document><![CDATA[Bout to unfollow SportsCenter because IDGAF ABOUT SOCCER]]></document>
		<document><![CDATA[@abby_lowe05 you haven't had a fish since you were 5 and it died because you kept petting it]]></document>
		<document><![CDATA[@abby_lowe05 Why does it smell like rotten fish by your room?]]></document>
		<document><![CDATA[It is too fuckin hot]]></document>
		<document><![CDATA[#1 reason to never grow up Jury Duty]]></document>
		<document><![CDATA[I need people to hangout with...]]></document>
		<document><![CDATA[Derrick and I met @MIKEFINNEGAN999 and @DavidFreiburger from @RoadkillShow today #FearTheMullet https://t.co/VGeC7RqYA0]]></document>
		<document><![CDATA[@jacelowe @ConnorBurnett72 @shughes2612 @Ian_Groom63 last time Jace said that people ended up in jail and on probation...]]></document>
		<document><![CDATA[@CoulterTrey Did @Sandunnsky screw up your sleeping pattern with the sounds of his vigorous jerking off in the next room?]]></document>
		<document><![CDATA[@CoulterTrey No you're not it's night time you're going to bed]]></document>
		<document><![CDATA[@CatchItKansas every year once a year since 2009]]></document>
		<document><![CDATA[@CatchItKansas Wellington's 1969 Throwbacks #KSBestUnis https://t.co/sQkH5AkL8H]]></document>
		<document><![CDATA[The commercial that says smoking will kill all cats actually makes me want to smoke because I fucking hate cats]]></document>
		<document><![CDATA[@CoulterTrey just go to https://t.co/K8YUhihp08 it's supposed to hypnotize you]]></document>
		<document><![CDATA[I'm not sure how but somehow @jacelowe passed and made it through high school without going to jail. Congrats fatso https://t.co/FNUs29ZdrQ]]></document>
		<document><![CDATA[Bye Felicia]]></document>
		<document><![CDATA[@TheJuiceLord @Pelkey1234 @jacelowe @TaylonLamkin @GDeJarnett The streets of the 620 are a dangerous place]]></document>
		<document><![CDATA[@TheJuiceLord @Pelkey1234 @jacelowe Yeah because if i want a house burned down all i have to do is call @TaylonLamkin and @GDeJarnett]]></document>
		<document><![CDATA[@TheJuiceLord @Pelkey1234 I can't break the law because when the cops find out I'm @jacelowe 's brother my ass will be in prison]]></document>
	</documents>
</author>