<author lang="en">
	<documents>
		<document><![CDATA[At least it's wed-nes-day! #halfwaythere]]></document>
		<document><![CDATA[@PhillSmart @C2Cfestival @BluebirdCafeTN I know! 🤔 we'll stick the other events we have no idea about 😂 #needmoreinfo]]></document>
		<document><![CDATA[@PhillSmart @C2Cfestival @BluebirdCafeTN looks like you have to pay extra... £25 a ticket - per session 😳]]></document>
		<document><![CDATA[What's this @PhillSmart or don't you know either? 🤣 https://t.co/JSJ9qvLsXh]]></document>
		<document><![CDATA[Didn't think #flawed would be my type of book (not typical @Cecelia_Ahern novel) but thinking of giving these a go.… https://t.co/CS4B6QFSVh]]></document>
		<document><![CDATA[😵😵😵 @PhillSmart fancy going back for a day trip? I'll drive 😜 https://t.co/wQtVRd7Bfb]]></document>
		<document><![CDATA[Well this is happening @PhillSmart #myfavourite 😍 https://t.co/ZO6Qng2ONk]]></document>
		<document><![CDATA[Well tonight will go down in history.. I only made it to 25 without seeing #ForrestGump 😳😂]]></document>
		<document><![CDATA[Well at least #WallE has good music #Disney #pixar]]></document>
		<document><![CDATA[@PhillSmart @edsheeran yeah it's not going to happen 😔 but a girl can dream! He's such a lovely guy with amazing songs 😍 #lovetoseehimlive]]></document>
		<document><![CDATA[@PhillSmart @edsheeran Newcastle/Manchester ?]]></document>
		<document><![CDATA[Oops... I was meant to tag you in this one @PhillSmart 😂🙈😘 https://t.co/bcyooWoPLK]]></document>
		<document><![CDATA[I'd love to go to these in America! If only I'd watched 90210 I would know them all 😳😜 #oneday https://t.co/3JJoIUwVDY]]></document>
		<document><![CDATA[Absolutely fucking freezing! 😨]]></document>
		<document><![CDATA[Those were the days, they better still have these in school 😂🙈😍 https://t.co/FobOYELJug]]></document>
		<document><![CDATA[@Join_Dave thank you 😍]]></document>
		<document><![CDATA[How did this happen?! 😵 😍@PhillSmart  @Join_Dave https://t.co/Ar3v6oY76U]]></document>
		<document><![CDATA[What happened to the weekend?! https://t.co/oMtuzkSqNC]]></document>
		<document><![CDATA[I may feel like shit but I've had a lovely evening ☺]]></document>
		<document><![CDATA[Hahahaha CJ would not be impressed #thewestwingreference https://t.co/Kx8qDKRnOt]]></document>
		<document><![CDATA[If that's the case, what will you be doing then... claiming the glory and blaming the failures on everyone else? https://t.co/PpPeZYRT4Y]]></document>
		<document><![CDATA[About bloody time!! https://t.co/9tLV6t4If0]]></document>
		<document><![CDATA[Beautiful book @Cecelia_Ahern https://t.co/0B9N4g0AbJ]]></document>
		<document><![CDATA[Need to go shopping! https://t.co/jZd3CMbVZH]]></document>
		<document><![CDATA[So tired, it's ridiculous.. I didn't appreciate how good I used to have it! 😴]]></document>
		<document><![CDATA[@WWE @PhillSmart @espn @RealKurtAngle can't believe he's still going... #ThoseWereTheDays]]></document>
		<document><![CDATA[Fucking ridiculous! https://t.co/cLVT4pO1xS]]></document>
		<document><![CDATA[Definitely on my list 😍 https://t.co/fiwjJB91DM]]></document>
		<document><![CDATA[I know people who need this... https://t.co/M1ceA9MDDe]]></document>
		<document><![CDATA[Fighting the urge to jump straight back into bed.....]]></document>
		<document><![CDATA[A day of @gossipgirl and reading #twoofmyfaves #kindle #netflix #sunday]]></document>
		<document><![CDATA[Bubble bath and bed seems like a delightful dream right now!]]></document>
		<document><![CDATA[About fucking time, two years later... https://t.co/8ij7WJBT61]]></document>
		<document><![CDATA[Obsessed with @edsheeran new singles 😍#shapeofyou #CastleOnTheHill]]></document>
		<document><![CDATA[Oh to be that skinny... 🤣 https://t.co/qC14OWtz3Z]]></document>
		<document><![CDATA[Can't wait!! 😅 https://t.co/DCRiMAkn7K]]></document>
		<document><![CDATA[I didn't know a lot about them but what lives they lived! 😢😍 https://t.co/LeiIobuBf9]]></document>
		<document><![CDATA[Well I was going to make this grand speech of all the ups and downs… https://t.co/nmTrkfZWuM]]></document>
		<document><![CDATA[Become more aware of what's really worth your energy]]></document>
		<document><![CDATA[Probably shouldn't read too much into Facebook 😂]]></document>
		<document><![CDATA[Amazing books, love all of @wurdsmyth books 📚 https://t.co/R6nk5xU1w6]]></document>
		<document><![CDATA[Well that's the end of that.. I'm not bothering anymore.]]></document>
		<document><![CDATA[Merry Christmas Everyone, hope you've been spoilt by Santa and have a wonderful day with your families 🎅🏼🎄🎁🎉😘]]></document>
		<document><![CDATA[Can't believe my wonderful boyfriend @PhillSmart has got me tickets to see @ollyofficial 😁🎁🎄#ahhh #christmas]]></document>
		<document><![CDATA[Gets to me every time 😢 https://t.co/U8lWQ8ZQUp]]></document>
		<document><![CDATA[I think I might be a bit addicted to @gossipgirl 😳]]></document>
		<document><![CDATA[Well at least it's Wednesday 😁]]></document>
		<document><![CDATA[and you're wondering why you didn't bring a bottle of vodka for company.... 🎶🎅🏻🎁🎄😏 #festiveseason #Christmas #songs]]></document>
		<document><![CDATA[It's that time of year, when you're 10 minutes into wrapping Christmas presents]]></document>
		<document><![CDATA[@PhillSmart you're just too awesome 😜]]></document>
		<document><![CDATA[@PhillSmart @Joe_Gatto @SalVulcano @jamessmurray @BQQuinn best show on tele? 😳]]></document>
		<document><![CDATA[The trouble with getting into work early is staring early 😳]]></document>
		<document><![CDATA[It's definitely starting to feel a lot like Christmas🎄🎁🎅🏻👌#miracleon34thstreet #Christmas #film]]></document>
		<document><![CDATA[This shit needs to be taught in schools.... https://t.co/oys7DHi2HS]]></document>
		<document><![CDATA[@PhillSmart I know, I meant booking it! You book that without me and I'm not going 😂]]></document>
		<document><![CDATA[@PhillSmart not without me! Lmao! You're not bursting that bubble!! 🙄😤😳]]></document>
		<document><![CDATA[Ten episodes in ten days! 😍👑 Completely addicted, we need another season @TheCrownNetflix @NetflixUK #lovelovelove #goldenglobes #netflix]]></document>
		<document><![CDATA[4 trains, seriously?! 🚂]]></document>
		<document><![CDATA[Loved @Fern_Britton interview with @michaelgove - can't say I've always been a fan but I have a new found respect for him!]]></document>
		<document><![CDATA[Every time... yes I am drunk but this gets to me, regardless 😭@GilmoreGirls @thelaurengraham #beautiful… https://t.co/HRbAtfNRKx]]></document>
		<document><![CDATA[Date night with @PhillSmart  💑🍿#datenight #FantasticBeasts]]></document>
		<document><![CDATA[Might have to watch this 😜 https://t.co/cdRdEqxRiW]]></document>
		<document><![CDATA[Is Connie back, I thought she was sticking to casualty? I'd love these two together 😂 need to get back into… https://t.co/pthKgICCep]]></document>
		<document><![CDATA[I need this!! #stockingfiller https://t.co/bYV7bEplqI]]></document>
		<document><![CDATA[How is it Monday?! 😩]]></document>
		<document><![CDATA[Can't wait until Sunday! @NetflixUK https://t.co/cLa3GxkfMJ]]></document>
		<document><![CDATA[I really wish we had've gone to the Christmas market in bath 😔 #regrettingthatchoice]]></document>
		<document><![CDATA[More memories, what a lovely week with @phillsmart ☺️🍹💃🎉🎅🏼#nightout🍸… https://t.co/ui76v39jHD]]></document>
		<document><![CDATA[Loving @HeartWales this morning #FridayFeeling]]></document>
		<document><![CDATA[I've been thinking about @joshuaradin performance last night in @TramshedCF #lovelovelove 😍]]></document>
		<document><![CDATA[Watching the finale of Gilmore Girls and How I Met Your Mother all in one night 😭#finallycaughtupwiththeworld]]></document>
		<document><![CDATA[Just to let you know.. https://t.co/JLoaCwo5gB]]></document>
		<document><![CDATA[I miss this!! It better be on this week @OnceABC @NetflixUK 😩 https://t.co/K1frQoGAs9]]></document>
		<document><![CDATA[@PhillSmart @sptdcdf aw Christ..]]></document>
		<document><![CDATA[Think this may have to be a #2017 read 😜 https://t.co/wZwn3BL6Yt]]></document>
		<document><![CDATA[Well I made it to the Boyfriend's Christmas do.. #christmas #curls… https://t.co/6NlU3o32Jc]]></document>
		<document><![CDATA[Well today's shaping up to be a good day; day off, pay day,  "Gilmore girls day" and then my mum goes and brings me a cuppa in bed 😍]]></document>
		<document><![CDATA[After feeling rough for the past few days, I came home to these and… https://t.co/2CHD7a4dQE]]></document>
		<document><![CDATA[Well that's a fix https://t.co/TellZuow6G]]></document>
		<document><![CDATA[😩 I need my bed, film and tea/hot chocolate #ugh]]></document>
		<document><![CDATA[I need hot chocolate in my life..]]></document>
		<document><![CDATA[@JuliaHB1 @JolyonMaugham people with money champion the EU, so now things haven't gone their way their having a paddy and taking offence!]]></document>
		<document><![CDATA[Hugs like these 😍 #LukeandLorelai #GilmoreGirls #CantWait #GilmoreGirlsRevival https://t.co/kkMkxkQHlX]]></document>
		<document><![CDATA[@ceri_maskell happy birthday lovely 🎉 I don't know if you've seen the #twitter balloons.. #birthdayballoons https://t.co/yoDDZFWbfV]]></document>
		<document><![CDATA[I could actually cry 😭]]></document>
		<document><![CDATA[Genuinely love them all ☺️😍 https://t.co/UtFNxFFVji]]></document>
		<document><![CDATA[Once Upon A Time 6x08 "I'll Be Your Mirror" Sneak Peek HD oh my gosh! 😍 #OnceUponATime #snow #charming #truelove  https://t.co/0D9qfxAIPs]]></document>
		<document><![CDATA[Can't wait to go to bed... 😩😴]]></document>
		<document><![CDATA[Why do we analyse, break down and criticise.. Lauren Alaina - Road Less Traveled https://t.co/skhZK5uB6g]]></document>
		<document><![CDATA[#Google will do this whether we're in the EU or not.. don't put words in their mouth @BBCBreaking https://t.co/54N7EF8psY]]></document>
		<document><![CDATA[Catching up on #StrictlyComeDancing - what the fuck is with @TessDaly? @bbcstrictly needs new presenters @ClaudiaWinkle is just as bad! 😠]]></document>
		<document><![CDATA[I think @NetflixUK needs to get #GreysAnatomy because I've never seen it! 😩😉]]></document>
		<document><![CDATA[It's not Christmas without the Christmas lights, browse around the… https://t.co/jFbRj7Y5Mj]]></document>
		<document><![CDATA[It's Friday!! 😆]]></document>
		<document><![CDATA[Funny and sweet, they've done it again ☺️🐶🐿 #bustertheboxer https://t.co/krjqHsDWOi]]></document>
		<document><![CDATA[What a crazy 2016 it has been for everyone..]]></document>
		<document><![CDATA[@PhillSmart I don't know him 😳]]></document>
		<document><![CDATA[Now that's love.. https://t.co/AunyuMHGsr]]></document>
		<document><![CDATA[Oh fuck off..]]></document>
		<document><![CDATA[I love this woman, definitely need her new book! #favourite inspiring #author https://t.co/JbIE1EXHvW]]></document>
	</documents>
</author>