<author lang="en">
	<documents>
		<document><![CDATA[Stand with me against intolerance, hate, and Islamophobia.

https://t.co/qED8DVUfVw]]></document>
		<document><![CDATA[@bullfrogpower No if we are going to build more dams to seek power if power by wind, solar, yes if our environment is spare from destruction]]></document>
		<document><![CDATA[@shenika_karo one of my niece is Shanika]]></document>
		<document><![CDATA[@s508961 love Mass, I used to go to Fitchburg and Worcester among many other little town. Everybody was working, doing something,energizing]]></document>
		<document><![CDATA[Hello @annemariebenoit's 2843 followers - thank you so much for following! Wishing you all a happy Monday! &gt;&gt; https://t.co/kJQanSqiv2]]></document>
		<document><![CDATA[@mercnews there is the first woman president. She is independent.]]></document>
		<document><![CDATA[Thanks for the recent follow @patriotnewsone @VivanteHealth Happy to connect :) have a great Sunday. &gt;&gt; Get FREE? https://t.co/LUuKFrKYzz]]></document>
		<document><![CDATA[@eziotucci people around here, I been in a very cold icy environment for a few mths, we hopefully unthaw in a few wks to nice spring]]></document>
		<document><![CDATA[First Grade 12 class to graduate from northern B.C. First Nations community https://t.co/XuzWhRjEml]]></document>
		<document><![CDATA[Men who attacked Mountie during traffic stop near Pritchard, B.C. avoid jail time https://t.co/lbx5QiECVC]]></document>
		<document><![CDATA[B.C. councillor resigns in middle of suing daughter for revealing sexual abuse suffered as child https://t.co/zZdYZ6rX20]]></document>
		<document><![CDATA[@NANComms @cblackst @TorontoStar I want my little nephews, nieces to be hopeful and not to worry about their future have better environment]]></document>
		<document><![CDATA[Energy lessons from Toronto’s ice storm https://t.co/c7wnI4Msx5 via @TorontoStar for Mr.Trump and other non believer.It's the only way to go]]></document>
		<document><![CDATA[#stillwithoutpowerinNew Brunswick Canada!Isn't time in 2017" to revive and renew our thoughts for our future grand kids, smart/clean_energy]]></document>
		<document><![CDATA[#woodstove are essential in Canada as the ice storm in New Brunswick proove once again that we aren't equip with smartenegy to sustain storm]]></document>
		<document><![CDATA['Why Did Your Dad Give Everyone In Western Canada The Middle Finger?' https://t.co/P65qgYTrLl French are a vital part of our country Canada!]]></document>
		<document><![CDATA[Right of way: First Nations fighting Manitoba government over access road https://t.co/KQXYeGvXoi]]></document>
		<document><![CDATA[BBC News - Woman kept alive for six days with no lungs https://t.co/sWPKumcodS]]></document>
		<document><![CDATA[BBC News - Trump executive order prompts Google to recall staff https://t.co/02Xcg8sBk9]]></document>
		<document><![CDATA[@saskboy @CBCNews true, seriously it makes me think of Europe and places in this country where wires are underground, safer that way]]></document>
		<document><![CDATA[Test your Football knowledge with Bing for a chance to WIN a Surface Pro 4! #BingTouchdown  https://t.co/K2Hdb4g0Ry]]></document>
		<document><![CDATA[2 deaths after New Brunswick ice storm linked to carbon monoxide poisoning https://t.co/LhE4e8fCg1,]]></document>
		<document><![CDATA[CBC crew hits pothole, gets flat tire while gathering video of pothole problem https://t.co/nNZ0g64bUV]]></document>
		<document><![CDATA[2 deaths after New Brunswick ice storm linked to carbon monoxide poisoning https://t.co/LhE4e8fCg1 maybe it's time to invest in green power!]]></document>
		<document><![CDATA[GM axing 625 jobs at Ontario plant, shifting some production to Mexico https://t.co/1dUu25BJdg]]></document>
		<document><![CDATA[GM move more jobs to Mexico??  Really!  https://t.co/uJ9gZ4KGMR]]></document>
		<document><![CDATA[#FollowFriday @shadegardener @lise_latulippe @AslanAdighe - top engaged members this week :) &gt;&gt; Get FREE? https://t.co/LUuKFrKYzz]]></document>
		<document><![CDATA[#around and around we go in most predictable way 360. I think it's basic Human Right to own a little piece of land and a home, do not let Go]]></document>
		<document><![CDATA[#Trudeau has a sway about him that can make any transactions easy, why not take the opportunity to protect our environment most importantly]]></document>
		<document><![CDATA[#myfriend&amp;I can see the similarity between expulsion of mid income of southern BC and the then expulsion of Aboriginal from their lands.]]></document>
		<document><![CDATA[@JoshNoneYaBiz very true and she work hard. She was part of the engine, she tweek it, refined and took the hits. A real trooper!]]></document>
		<document><![CDATA[#Some media critics are obsess about Kelly Ann Conway bright personality, wonderful in every sense, positive nothing wrong with that]]></document>
		<document><![CDATA[Pipeline spills and leaks worry Manitoba farmer https://t.co/TAIzAOEyRF]]></document>
		<document><![CDATA[Hello @annemariebenoit's 2812 followers - thank you so much for following! Wishing you all a happy Wednesday! &gt;&gt; https://t.co/kJQanSqiv2]]></document>
		<document><![CDATA[Thanks for the recent follow @freehowtobooks @Karine_Rouilla8 Happy to connect :) have a great Wednesday. &gt;&gt; https://t.co/kJQanSqiv2]]></document>
		<document><![CDATA[Join me in stopping the TPP and other dangerous trade deals that would hurt Canada.

https://t.co/QDjGZUjZIi]]></document>
		<document><![CDATA[Malnourished prisoner's death reveals horrific conditions in a Texas prison https://t.co/G1Ondve6jI by @creedenewton]]></document>
		<document><![CDATA[#importantpartofmusicalhistory has to be protected, Jimmy Hendrix's family history in Vancouver. History is important.Hope to see it one day]]></document>
		<document><![CDATA[#30days,yes stop making cheap cars in Mexico to save Billions, killing, injuring thousand with Lemons! Me and my family luckily survived]]></document>
		<document><![CDATA[#Looking into our future, crystal ball is our imagination!  https://t.co/3fi8OfD75k]]></document>
		<document><![CDATA[Families not told of RCMP change in approach to investigating MMIW cases https://t.co/441ruH3MYF]]></document>
		<document><![CDATA[@CBCNews Trump got to fix this first, many others things if he is going to gain trust. Regular people matter, they are the judge, the critic]]></document>
		<document><![CDATA[@PoliticalAnt @c0nvey @ABC I really love President Obama respect I think he represent many men, people from all walks of life, past, present]]></document>
		<document><![CDATA[#Trump got lots of pride and will not let any corporations/anyone destroy take advantage of USA any longer, He is …  https://t.co/bFZFVt2UHc]]></document>
		<document><![CDATA[@lakotalaw @WeLoveObama4 @realDonaldTrump @POTUS hope Trump take a stand protect homeland Natural land, water this can't be fiddle with!]]></document>
		<document><![CDATA[Hello @annemariebenoit's 2814 followers - thank you so much for following! Wishing you all a happy Friday! &gt;&gt; https://t.co/kJQanSqiv2]]></document>
		<document><![CDATA[#Inauguration it looks like it went well. Everybody was very respectful of each other. Donald &amp; family likes it …  https://t.co/v1Mr4lqp2T]]></document>
		<document><![CDATA[Spirited gags and some groans in entertaining ‘Something Rotten!’ https://t.co/ymwc2LIOt3 via @BostonGlobe]]></document>
		<document><![CDATA[global issue here in Canada and in China too, schooling the most important part of our identity, all attention and… https://t.co/R1Ncguzmog]]></document>
		<document><![CDATA[@AndreaBocelli  love your singing that is nice. I think it is natural and part of our environment, music i think originally came from birds]]></document>
		<document><![CDATA[Hello @annemariebenoit's 2808 followers - thank you so much for following! Wishing you all a happy Wednesday! &gt;&gt; https://t.co/kJQanSqiv2]]></document>
		<document><![CDATA[Hello @annemariebenoit's 2796 followers - thank you so much for following! Wishing you all a happy Monday! &gt;&gt; https://t.co/kJQanSqiv2]]></document>
		<document><![CDATA[@realDonaldTrump no more cheap plastic,junks,food,grains,sugar,meat and many other products from other countries has to stop,itsGreenerhome]]></document>
		<document><![CDATA[Rockettes to perform at Trump's inauguration @CNNPolitics https://t.co/8yTWIbzevE]]></document>
		<document><![CDATA[Attackers in beating death of Colombian in Edmonton urged to break 'code of silence' https://t.co/YPbUIKpJIj]]></document>
		<document><![CDATA[⚡️ “Trump gives his first UK interview since the election”

https://t.co/zIJrMk4aR1]]></document>
		<document><![CDATA[Vancouver in its longest cold snap in over 30 years https://t.co/rVAQmO5UGT]]></document>
		<document><![CDATA[Former death-row inmate turns disciple for peace - Loop News Jamaica https://t.co/iom0oFqvGw via @AddThis]]></document>
		<document><![CDATA[Sudanese in Northern State reject new gold mining factory https://t.co/m3s9KKK4mh via @Radiodabanga]]></document>
		<document><![CDATA[Thanks for the retweets this week @notasheeplebye @Clearskies68 @Elizete_11 much appreciated! &gt;&gt; Want this 🆓? https://t.co/qjPhXX4ICZ]]></document>
		<document><![CDATA[U-Haul evicted man living in Vancouver storage locker https://t.co/NEp5nn9yEc]]></document>
		<document><![CDATA[Hello @annemariebenoit's 2791 followers - thank you so much for following! Wishing you all a happy Friday! &gt;&gt; https://t.co/kJQanSqiv2]]></document>
		<document><![CDATA[#FollowFriday @AmyFreeze7 @bostonpizza top Influencers this week! Have a great weekend :) &gt;&gt; Want this? It's FREE! https://t.co/E6U3BN1ztK]]></document>
		<document><![CDATA[Campaigns gear up ahead of Nanaimo’s proposed event centre https://t.co/sJClmHNCSX]]></document>
		<document><![CDATA[Nanaimo senior loses nearly $100K in online dating scam https://t.co/D1sGRqjnAS]]></document>
		<document><![CDATA[#myquestion on View would be to Biden is:what does he think about gun law? What can be done to makepeople including tourist feel safe in US?]]></document>
		<document><![CDATA[#Joe Biden well said, clearly explain making it simple to understand, accessible to all average American on the View. Well spoken, powerful]]></document>
		<document><![CDATA[Celebrities in the oilsands: The visits continue but do they have an impact? https://t.co/58s9dPXD1E]]></document>
		<document><![CDATA[@jasondfaulk people are speaking out and unafraid because safe drinking water is essential, the world knows about Flint and the urgency]]></document>
		<document><![CDATA[Lia 4 GREENS MLA Nanaimo N-Cowichan https://t.co/hVjUAv5fyH]]></document>
		<document><![CDATA[@Dr_SamuelLin on the West Coast here of BC we had a rash of uncertified people doing serious surgery ei. cheek implants, injection so on]]></document>
		<document><![CDATA[@DrRodRohrich @nytimes so is our feet. I got my crow feet or toes fix yrs ago as it was causing pain when walking. It was twisted, curve]]></document>
		<document><![CDATA[‘On The Record’: Emeli Sandé #XperiaLounge https://t.co/EGjQHhvyd6]]></document>
		<document><![CDATA[Detroit suburb to change elections, following lawsuit alleging voting rights violations https://t.co/LthpchYb0K via @WSJ]]></document>
		<document><![CDATA[Standing Rock Sioux Tribe and Department of Justice Move to Dismiss Dakota Access Lawsuit https://t.co/iMbmzT2OSp via @LRInspire]]></document>
		<document><![CDATA[Hello @annemariebenoit's 2777 followers - thank you so much for following! Wishing you all a happy Wednesday! &gt;&gt; https://t.co/kJQanSqiv2]]></document>
		<document><![CDATA[How Globalists Predict Your Behavior https://t.co/NAAxhsQT24 #news via @activistpost]]></document>
		<document><![CDATA[#thinking of father in Vancouver who lost twin in fire, wife recovering. Hope you recover soon. When did landlord check alarm detectors?]]></document>
		<document><![CDATA[@timkaine @K810Mt all I know is if Donald Trump was a fool he would of never got to be President that's for sure, accepting fact essential]]></document>
		<document><![CDATA[Why eating like we did 20,000 years ago may be the way of the future https://t.co/0QLrM86bSk via @io9 let's take the poison out! Why not?]]></document>
		<document><![CDATA[https://t.co/T9pU6SItXW ok how about this one]]></document>
		<document><![CDATA[⚡ Jane Fonda visits the oilsands in Fort McMurray

https://t.co/yx0xg6i7rw]]></document>
		<document><![CDATA[https://t.co/htT207YZ6c and it keeps going and going and going]]></document>
		<document><![CDATA[Scammers using real people, addresses, names, bank phone numbers to get to where they need to go,  do what I did an… https://t.co/g8RH0YLW7e]]></document>
		<document><![CDATA[#how many species need sugar,  salt,  gluten swelling up carb diet?]]></document>
		<document><![CDATA[#holdingdecision and best result is by having a firm, fair unbiased vote is to minus all political reach which often ties to financial gain]]></document>
		<document><![CDATA[https://t.co/Ud5vy3Bggb ok. It can also be a game science fiction or reflective and relevant]]></document>
		<document><![CDATA[#controversial, provocative just like the Roman had lions eating men is what politics looks like or fictional as gambling people urge to see]]></document>
		<document><![CDATA[#ObamaFarewell I was sure there was 2 daughters and so I am just wondering where was the other girl]]></document>
		<document><![CDATA[@Jezebel what I meant by retweeting this is I always will be on the side of tax payers and I don't think it should of been paid for]]></document>
		<document><![CDATA[#CubanasRussian are generous friendly open minded people and precauciausly are ready to move on with the Western democracy, Evolution!]]></document>
		<document><![CDATA[Russia will seek nothing in Cuba: interview: https://t.co/dCtCG7vYZ9 via @En_EurasiaDaily]]></document>
		<document><![CDATA[https://t.co/CSrVlblrHF interesting reading]]></document>
		<document><![CDATA[#whatImeant to say is Cuba was rule by communist and yet it's people hold very social liberal personality and so are our Russian friends]]></document>
		<document><![CDATA[#itsabeautiful idea that Trump is making a approachable friendly connection with Russia.  Obama made progress with communist Cuba.]]></document>
		<document><![CDATA[#beingafraidofchange is the worst, suspecious mind, assuming due to buyess media presumptuous ideology who like to hold us mind prisoners]]></document>
		<document><![CDATA[U.S. Cops: Our Job Has Gotten Harder https://t.co/9CR62GegAQ via @thedailybeast]]></document>
		<document><![CDATA[Special volunteer honoured by Nanaimo school https://t.co/GAiMlS1Yda]]></document>
		<document><![CDATA[@JosefHadeedMD I seen Dr. Nassif on tv, such Nice personality and both Dr on the show very https://t.co/1t6nok7TBn,]]></document>
		<document><![CDATA[very true, inspiring, the best is yet to come, people need you. I know you both going to be around as the biggest s… https://t.co/JnF3L9y5A9]]></document>
	</documents>
</author>