<author lang="en">
	<documents>
		<document><![CDATA[Organic, grass fed +25% premium to conventional. Big food. Lead from the front. https://t.co/AlpbG6SB0r]]></document>
		<document><![CDATA[Great energy today. #NotInMyLockerRoom https://t.co/tJYpf5BYAU]]></document>
		<document><![CDATA[the new microwave oven .... Cant wait for it to get popular enough retailers start offering meals ...  https://t.co/0WuUIS1gCo]]></document>
		<document><![CDATA[@matthires @iamgivingto is one way for fans to turn frustration into action ... Tip jar from afar]]></document>
		<document><![CDATA[Refreshingly simple take on improving life. Real. Immediately actionable. Must read. 
#Coffee #Bread #Scotch. https://t.co/Aw4EFy9c2o]]></document>
		<document><![CDATA[Big problems remain - but the world is better now. Work hard at continuing these trajectories. https://t.co/MH5BMVAoYt]]></document>
		<document><![CDATA[Worth a trip to Seattle! Amazon's new store may be the future of easy https://t.co/xw2oZDgGLh via @USATODAY]]></document>
		<document><![CDATA[Bright side:  "duplicate" is there once ... https://t.co/7lJwgHkbq3]]></document>
		<document><![CDATA[Amazon’s secretive drive-up grocery store in Seattle looks ready to open soon https://t.co/heptI6cAF8 via @GeekWire Can't wait.]]></document>
		<document><![CDATA[Calm before the cook @AnovaCulinary https://t.co/3VawtA0zQ7]]></document>
		<document><![CDATA[I gave $15 to @matthires, cause I am seriously diggin his jams and #BlackFriday #SortaExpat #StampedeFree https://t.co/b8BgBToIvl]]></document>
		<document><![CDATA[@AnneLeblanc10 miss this!]]></document>
		<document><![CDATA[This happened. https://t.co/ISrj2RGUNw]]></document>
		<document><![CDATA[I was forced to shop inside a physical store for my groceries last night. I forgot what a nightmare that is. #neveragain #online]]></document>
		<document><![CDATA[The future is here! @jaredandthemill https://t.co/81wY2GsLF9]]></document>
		<document><![CDATA[Dinner. Thursday is the new Saturday. #anova https://t.co/RB0IgCHgdh]]></document>
		<document><![CDATA[1:45 "when it comes to antibiotics, the science is clear, we pump our animals full of it" https://t.co/TTdQS9zNty]]></document>
		<document><![CDATA[@geoffreywcole what is Catalan for fucking awesome?! https://t.co/pOBD8QbnvM]]></document>
		<document><![CDATA[@johnnyrodgersis @googlepixel accurate pocket finger placement]]></document>
		<document><![CDATA[Wait. "Big Food" can do something right?! Thank you @BruceGFriedrich Credit where credit is due. https://t.co/p3SSzWxM9t]]></document>
		<document><![CDATA[the only thing they can do is make a Hail Mary bet at the end of their corporate existence. I don’t believe in bet-the-company bets" 3/]]></document>
		<document><![CDATA[What matters is companies that don’t continue to experiment or embrace failure eventually get in the position where 2/]]></document>
		<document><![CDATA[Bezos "I’ve made billions of dollars of failures at https://t.co/0TKGrv2k2R. Literally. /1]]></document>
		<document><![CDATA[Maple Leafs aren't the only ones with awesome rookies. #CantWait https://t.co/5wp1QnNhjF]]></document>
		<document><![CDATA[https://t.co/6Kp7MD8z62 1) celebrate big food when they do this 2) Perdue conv chickn sales +1-3% abf +15-20% organic +30% @JoshKuehnbaum]]></document>
		<document><![CDATA[Stressed? Heavy? Take Erythromycin or, you know, any other macrolide. Prophylactically. Without a prescription. Wha… https://t.co/4gv6hqSadW]]></document>
		<document><![CDATA[https://t.co/EGP37Cf7Za Pepsi not looking too awesome here. More authentic label is "flavored apple juice" #GiveBigFoodABadName]]></document>
		<document><![CDATA[Chips = sodium = circulation. Err something like that. https://t.co/OSWnOQKBQB]]></document>
		<document><![CDATA[https://t.co/eNwsI38bXo The Uber of meals. What would happen if this actually got organized? @FernandoGayanC]]></document>
		<document><![CDATA[You can tell a lot about a person after they have been stuck on a grounded plane for 2.5 hrs. Some people have no chill.]]></document>
		<document><![CDATA[This is the Tesla of cookbooks. Cant wait. Savings plan starts today. https://t.co/cpCFT64BuN]]></document>
		<document><![CDATA[@davidgrachnik @dfinleyTO @CivilEats mandatory follow for mlfrs]]></document>
		<document><![CDATA["about 40% of the chicken supply chain is abf...beef and pork industries have been much slower in adopting"
https://t.co/X6bytyrDSo]]></document>
		<document><![CDATA[@davidgrachnik bacon pricing is a close second?]]></document>
		<document><![CDATA[Maybe I have been spoiled by @CBCOlympics , but @Sportsnet opening montages suck.]]></document>
		<document><![CDATA[Yes! Loving the catalogue @matthires and looking forward to the new release. https://t.co/z1rDz8SU2B]]></document>
		<document><![CDATA[Why hasn't there been more articles on bacon packaging? Love this. https://t.co/lhR4wS5rhd]]></document>
		<document><![CDATA[@rcbregman what was it before your CBC interview?]]></document>
		<document><![CDATA[@alston lol. Maybe I am just jealous. @queensu didn't medal much. Btw. Twitter is not in the trust forest, let alone trust tree]]></document>
		<document><![CDATA[@alston but they're not. They ARE a institution that 'pays' the best athletes in the world to attend.]]></document>
		<document><![CDATA[I gave $20 to @jaredandthemill. Totally digging the new release! https://t.co/CW8tLAnLcE @JoshKuehnbaum]]></document>
		<document><![CDATA[@AdamJGrogan @scott_r_chapman @JoshKuehnbaum Massive lack of trust. #transparency]]></document>
		<document><![CDATA[@Andrea_N cool. photos please!]]></document>
		<document><![CDATA[Nothing is simple @scott_r_chapman @AdamJGrogan  @JoshKuehnbaum https://t.co/G8lmFXw5Xg]]></document>
		<document><![CDATA[Cant wait to see this. @NinersNation @NatashaFatah https://t.co/Ywdof2BMwN]]></document>
		<document><![CDATA[Supercharger payable in pizza?! "From the employer’s perspective, a cash bonus is worse than no incentive" https://t.co/wvXWzxgzEK]]></document>
		<document><![CDATA[LIVE on #Periscope: What I do on my holidays https://t.co/Q7j2BPGne9]]></document>
		<document><![CDATA[Gatorade Goes Organic as PepsiCo Joins Natural-Ingredient Push https://t.co/R5WI9JBm7s via @business Whoa. Big food. Big brand. Now organic.]]></document>
		<document><![CDATA[https://t.co/avyegFDQYD @scott_r_chapman @domenicborrell1 @AdamJGrogan @JoshKuehnbaum "made with non-Gmo ingredients" #transparency]]></document>
		<document><![CDATA[https://t.co/8eNkwWAABZ a couple month old but worth it. "didn’t have to be about Applegate selling out. Maybe Hormel was buying in"]]></document>
		<document><![CDATA[This ad campaign has been AWESOME. This one is amazing. https://t.co/Ua6F1by80s]]></document>
		<document><![CDATA[@_RafaBA I am surprised you could find it. #WestCoastThang]]></document>
		<document><![CDATA[@johnnyrodgersis that "dimension" is called vacation.  No portal required.]]></document>
		<document><![CDATA[Total class @vankayak Great example. Inspirational in defeat. #LifeLessons https://t.co/vx1iocV4oW]]></document>
		<document><![CDATA[Agreed. But still a pretty narrow bandwidth of humanity. https://t.co/Pay3xKuAk9]]></document>
		<document><![CDATA[Love this. Find the fuel in your empty strength. https://t.co/lgOmDzFrKZ]]></document>
		<document><![CDATA[@AdamJGrogan "Lifetime consumer loyalty is no longer a valid goal ... it’s simply no longer meaningful to consumers." Wow.]]></document>
		<document><![CDATA[Are you kidding me? #BowBall]]></document>
		<document><![CDATA[@davidfucillo Totally disagree.]]></document>
		<document><![CDATA[Lots of Rio athletes watch the stream like me. Except I have way more comfortable chairs. https://t.co/a7afeNhnLM]]></document>
		<document><![CDATA[@johnnyrodgersis #tobuildourhome #reference https://t.co/98x9lWv3gn]]></document>
		<document><![CDATA[A rowers dream. https://t.co/hyH4YLvr1T]]></document>
		<document><![CDATA[Can't wait. Does sewage increase times? https://t.co/HhbwdIZpCy]]></document>
		<document><![CDATA[Fight at the cocktail party! https://t.co/nwxvM6euAg]]></document>
		<document><![CDATA[Moments like this I REALLY miss the US. https://t.co/kfDxjnPdsN]]></document>
		<document><![CDATA[1 day till @BreweryTheBeast, fingers crossed for @Francisjmallman style al asador]]></document>
		<document><![CDATA[".. being an incumbent is going to increasingly be the worst place to be" https://t.co/9YRRoLX5fg]]></document>
		<document><![CDATA[@erinamccarthy @SKana_K love this packaging]]></document>
		<document><![CDATA[@Andrea_N @Harold_McGee  is the best. "On Food And Cooking" was life changing]]></document>
		<document><![CDATA[Love the non-marketing marketing. The idea stands out, but will the beer? Can't wait to find out. https://t.co/RlX7DHhCio]]></document>
		<document><![CDATA[@adamdaif would love your analysis. As good as the big red dog digging in your backyard? https://t.co/wwLUhj9Tgm]]></document>
		<document><![CDATA[@johnnyrodgersis as importantly, that looks nothing like a hamburger.... more like an Oreo.]]></document>
		<document><![CDATA[@johnnyrodgersis I hesitated to translate .. worried about a GOT spoiler. #wrong]]></document>
		<document><![CDATA[@ClaireMc14 @JoshKuehnbaum @PeterJWoo do they go to Vancouver?!]]></document>
		<document><![CDATA[@davidgrachnik Kessel turned into a Stanley Cup Champion. His haul is pretty good too.]]></document>
		<document><![CDATA[@AdamJGrogan Looks rad...aren't you supposed to let go of the robe?]]></document>
		<document><![CDATA[Heading home like Bull Durham #ZBB https://t.co/8nOJZB9D5b]]></document>
		<document><![CDATA[The next frontier Canada. https://t.co/xvO5eknryU]]></document>
		<document><![CDATA[Proud to be working for a company tacking this head on. "Unfortunately, fit microbes mean unfit human beings."
https://t.co/PP1w5hDKCP]]></document>
		<document><![CDATA[Totally crazy!! But .... @tmorello @coslive shouldn't credit go to @MMFlint for directing?]]></document>
		<document><![CDATA["Customers, want proof that meat was raised humanely — forcing the industry to embrace certification"
https://t.co/ztQFFiIbKR]]></document>
		<document><![CDATA["There is also a lesson... The best way for nonprofits to get large-scale results is sometimes to work with corps" https://t.co/kR2AH8dJGc]]></document>
		<document><![CDATA[I wish I could prefer the new logo. It sucks. Still use / love uber. So maybe it doesn't matter? https://t.co/A4NFNBBfiP]]></document>
		<document><![CDATA[@JustinWolfers You have the rock star hair. Your turn. https://t.co/Vdp5qMyfOo]]></document>
		<document><![CDATA[Wait for it. https://t.co/o7X9wGNK8Q]]></document>
		<document><![CDATA[Must read. "hands down the most sustainable food on the planet" (spoiler it is from the ocean). #FeedThePlanet 
https://t.co/NS78lmZxwy]]></document>
		<document><![CDATA[This sounds AWESOME .. What do you think @jaredandthemill @bbork41? https://t.co/FjSPl2gCjN]]></document>
		<document><![CDATA[One of my favourite days of the year https://t.co/Kpm2eEVuhx]]></document>
		<document><![CDATA[@bbork41 only 50% complaining?! For Twitter that sounds pretty positive.]]></document>
		<document><![CDATA[@davidgrachnik would this process also work for MLF VP/GMs for incremental trade spend?]]></document>
		<document><![CDATA[Dear Internet of Things Design Team: Cupboard locks with proximity sensors. #IDislikeBabyProofing]]></document>
		<document><![CDATA[@davidgrachnik how nice was that?! #fingertips]]></document>
		<document><![CDATA[@bbork41 turn it to 11.]]></document>
		<document><![CDATA[Fruit stands everywhere in NYC. Not the greatest bar food but love it for every other time. https://t.co/O1F1pH1Kz9]]></document>
		<document><![CDATA[This sound the second best part of making bread. Sign of a great a crust formation. #steam https://t.co/0kMFwZEAuc]]></document>
		<document><![CDATA[@alston Easy choice. Watch the hockey playoffs.]]></document>
		<document><![CDATA[Doing my best millennial impersonation #Click&amp;Collect https://t.co/E5rusYAcS0]]></document>
		<document><![CDATA[@JoshKuehnbaum the pain is real https://t.co/AXJLTETfBB]]></document>
		<document><![CDATA[@johnnyrodgersis Whoa. Brand lesson #1 = authenticity &amp; transparency rule. Although I am more interested in the back story here ...]]></document>
		<document><![CDATA[Find the tri tip. #AnimalInsideOut https://t.co/pRa1tzgPeU]]></document>
	</documents>
</author>