<author lang="en">
	<documents>
		<document><![CDATA[@penguins
@ROOTSPORTSPIT 
Had to leave after Kessel scored. Just got home to see Phil Kessel score &amp; win the game!… https://t.co/h3RGLVVCvv]]></document>
		<document><![CDATA[@penguins 
@ROOTSPORTSPIT 
#LetsGoPens
#AreYouReady https://t.co/k6Cb7GseX8]]></document>
		<document><![CDATA[@ModerateMerican @chooseliferacr @Toupsfamily @kbubs88 @NaranjoFdez @debulyn @Keithhinton8 If Dems =desperate, not looking for our help. 😇👍]]></document>
		<document><![CDATA[@seanhannity 
@TuckerCarlson 
@FoxNews 
Twitter suppressing info on #nyuRiots]]></document>
		<document><![CDATA[What an arrogant jackass! From Georgetown! #Tucker https://t.co/gk44pmbBfI]]></document>
		<document><![CDATA[Eeeewwwww @TuckerCarlson you hurt his feelings. Too bad.
#Tucker]]></document>
		<document><![CDATA[@seanhannity Ohhh boy! https://t.co/LjnvCl6ruh]]></document>
		<document><![CDATA[@Lookinabout Speaking of which, n y c Decommio is in real trouble here. Don't want HRC for mayor either. Need few more dominos to fall.]]></document>
		<document><![CDATA[@Lookinabout And maybe another "You're fired" or "I quit" coming up.]]></document>
		<document><![CDATA[@d_seaman Show a live shot of ISS when astronauts are working outside.]]></document>
		<document><![CDATA[@VIZIO Your answer: no (&amp; probably never will)]]></document>
		<document><![CDATA[@VIZIO @spenceware11 Are you giving any tvs away before the super bowl?]]></document>
		<document><![CDATA[@brandonmcg Wife says: He looks like a little bumble bee.]]></document>
		<document><![CDATA[@TBobcat9 @PatVPeters @vilevillainess @MMFlint As wife says, just bc you see it in a magazine &amp; sell it in a store, doesn't mean you👀good 😎]]></document>
		<document><![CDATA[@beautiigirls @holdem00 
Old schoolteacher: 3% 😎]]></document>
		<document><![CDATA[@ProtectthePope Like we couldn't see it? Those in high places wear blinders. God help us!]]></document>
		<document><![CDATA[@EWTN @RaymondArroyo @EWTNGB @EWTNNewsNightly Here's some real news. https://t.co/ssrD56dJAo]]></document>
		<document><![CDATA[@AdorationServe @vivelafra Got to pray &amp; make reparation]]></document>
		<document><![CDATA[@joecipjr @RSanseri He is closer to going than you think...]]></document>
		<document><![CDATA[@NASCARNAC You said it. Curiosity killed the cat. But any serious student would've actually been STUDYING; no free thinkers @ Berzerkley 😵]]></document>
		<document><![CDATA[@kennyjbaptista @Church_Militant He drank the Kool-Ade https://t.co/K1GjtKMVKn]]></document>
		<document><![CDATA[@PrisonPlanet @Jurewicz @realDonaldTrump Could RICO law(s) be used against them like with mafia?]]></document>
		<document><![CDATA[@crankywxguy My wife is from #Punxsutawney Rule at our house: No #Groundhog jokes. 😎]]></document>
		<document><![CDATA[@jhjanie1 
No fire trucks in Berzerkley California]]></document>
		<document><![CDATA[Where are the fire trucks?
Jesus Lovers! https://t.co/IETuZcJHxU]]></document>
		<document><![CDATA[Come to filthyQueens, N Y. Immigrants took over, cause car insurance premiums to go up b/c they pay4drivers license &amp; can't drive. #Tucker]]></document>
		<document><![CDATA[@TrumpSuperPAC Another one to add to poster child wall of shame: Mayor Decommio]]></document>
		<document><![CDATA[@RealSoupDragon @trumpazona Where I live, bulk of middle eastern ppl buy cows milk. They don't sell goat milk in their stores!]]></document>
		<document><![CDATA[@true_pundit Will this detour her from running for n y c mayor? We don't want her, either!]]></document>
		<document><![CDATA[@sbkfig @LifeNewsHQ It's about time we the people had a strong voice to speak up. No more wimps/doormats.]]></document>
		<document><![CDATA[@marklevinshow @syracusedotcom Been trying to call him last 2 days, not answering/ phones not ringing. https://t.co/Xs675xJCTv]]></document>
		<document><![CDATA[Eeewww One angry Philippino with attitude. Dude, why so angry &amp; arrogant?
#Tucker https://t.co/2tBBgk6J4i]]></document>
		<document><![CDATA[@rentrikin He got his talking pts &amp; marching orders ahead of time. #Tucker https://t.co/jX6o4zGw1p]]></document>
		<document><![CDATA[@Tombx7M If I were a guy named Sestito, I'd wipe the ice up with his smug face.]]></document>
		<document><![CDATA[What an evil, vile, sinister, arrogant SOB!
#Tucker https://t.co/WVHjPkPpSh]]></document>
		<document><![CDATA[@paulolim @1catherinesiena That one-liner got me. 😡]]></document>
		<document><![CDATA[@writingTara @DivineMoments right... nope]]></document>
		<document><![CDATA[@BurghInfo #PositivelyTrevorDaley #woo https://t.co/JDjJJEWjJV]]></document>
		<document><![CDATA[@tedcruz @mooretommyh Defund UN period. They are anti Christian.]]></document>
		<document><![CDATA[@RayBlake1 @BroteManBill @POTUS @WhiteHouse It's ok. There's a new moon &amp; vulgar trolls/anar chists, raging yay hoos heads are exploding.]]></document>
		<document><![CDATA[@RayBlake1 @BroteManBill @POTUS @WhiteHouse that guy Jules]]></document>
		<document><![CDATA[@RepStevenSmith @TruthFeedNews We have been trying to reach his &amp; Gillibrand's offices via CapSwitch, getting dead air space/ last 2 days. 😭]]></document>
		<document><![CDATA[@RayBlake1 @BroteManBill @POTUS @WhiteHouse He's the one with an addiction problem... twitter stalker.]]></document>
		<document><![CDATA[@dish_answers You guys rarely fix anything like this... fyi 😵]]></document>
		<document><![CDATA[@dish_answers It is feint. Needs turned up somewhere. I usually use 28, but bumped all way up to 44 on my tv.]]></document>
		<document><![CDATA[@ROOTSPORTSPIT What's wrong w/ the volume for @penguins game? Watching via @dish Center Ice. Much thanks. https://t.co/9WGlVYnqCV]]></document>
		<document><![CDATA[@seanhannity Who needs this garbage? Why watch the "#PropagandaSuperBowl ?#boycottsuperbowl https://t.co/Y9ma0HRiXA]]></document>
		<document><![CDATA[@CuomoWatch Thought so. Thanks]]></document>
		<document><![CDATA[@mooretommyh @NoticieUSA Thinks she's doing her part for the #FakeNews cycle. #Irrelevent]]></document>
		<document><![CDATA[@siggisdairy is the best yogurt we've ever had! 😇👍]]></document>
		<document><![CDATA[@Xtrme4 @vannsmole @SallyQYates @EricHolder They always think so much of themselves-- conflating truth.]]></document>
		<document><![CDATA[@JayFivekiller They will find out hard way that so ros will not game the system no longer.]]></document>
		<document><![CDATA[@JunkScience They could've used a better picture...😎👍]]></document>
		<document><![CDATA[@RoyGepnerJr New brooms sweeps clean. She is being made an example that you don't mess with best b/c the best don't mess!]]></document>
		<document><![CDATA[@wrdcsc 
Father
New brooms sweep clean!]]></document>
		<document><![CDATA[@FortesInFidei These people are so puffed up/full of themselves! They live in a liberal cocoon! That is not good.]]></document>
		<document><![CDATA[Hey @marklevinshow @seanhannity This is for you
 https://t.co/fu2moKplIW]]></document>
		<document><![CDATA[@CROWENATION2016 
And he was sooo smug.
Thats what gets me.
But, they aren't 10ft tall &amp; bulletproof.]]></document>
		<document><![CDATA[@SebGorka 
Congrats!
Proud to have you!
#MakeAmericaGreatAgain]]></document>
		<document><![CDATA[#HeadsAreRolling 
#SallyYates should've resigned-- could've been a govt employee deadbeat on unemployment; would really hate u
#YoureFired]]></document>
		<document><![CDATA[#SallyYates 
#You'reFired 
#Tucker https://t.co/Fn4EOSPB0x]]></document>
		<document><![CDATA[And Poof! She's gone! #MakeAmericaGreatAgain 
#Tucker https://t.co/YoydqdEwzn]]></document>
		<document><![CDATA[#You'reFired 
#SallyYates gets "the L"
#MAGA 
#Tucker https://t.co/ZhexTW4jgS]]></document>
		<document><![CDATA[Thank @potus 
All you wanna do is ride around, Sally!
Ride, Sally, ride! Yes, ride your 0bamer broomstick the hell out of DC .
#MAGA]]></document>
		<document><![CDATA[@NASCARNAC That was bizarro b/c you never heard of him abusing her. Then, all of a sudden, he was a monster.]]></document>
		<document><![CDATA[@NASCARNAC Her...getting pd off to try to make mud of him...]]></document>
		<document><![CDATA[@NASCARNAC So, that's what happened there w/ Penske. Oh brother...]]></document>
		<document><![CDATA[@NASCARNAC @YouTube What lousy mo fo s ! At a NASCAR race! &amp; what did big wigs do for Kurt? That bothers me.]]></document>
		<document><![CDATA[@trumpology @Starbucks @BluegillRises @trump2016fan @GOP @Reince @PRyan @DanScavino @AnnCoulter My @FairwayMarket sells lots of organic ☕️😎👍]]></document>
		<document><![CDATA[@NASCARNAC @YouTube This is 1st I've heard/seen it &amp; I follow lots of NASCAR ppl. Good for him!]]></document>
		<document><![CDATA[@trumpology @BluegillRises @Starbucks @trump2016fan @GOP @Reince @PRyan @DanScavino @AnnCoulter My @FairwayMarket roasts really good coffee]]></document>
		<document><![CDATA[@NASCARNAC @KurtBusch Thanks. Did not know that. Do you have a link?]]></document>
		<document><![CDATA[You can thank good Americans who elected #DonaldTrump We will help. 🇺🇸 https://t.co/QuIglH2KtB]]></document>
		<document><![CDATA[@TRUTH_USA_2016 @Truth_Bombers @SenSchumer How wouldyou like to have this jerk as your senator? They're very arrogant when you call4anything]]></document>
		<document><![CDATA[@NASCARNAC Once they achieve "rockstar fame" in NASCAR, they seem to go Hollywood &amp; lose touch with their fans. About had enuf crap. 🐂]]></document>
		<document><![CDATA[@clane55 @OwenJones84 You can keep your #rapefugees . We Americans don't want them. #MAGA 🇺🇸]]></document>
		<document><![CDATA[@JamesMartinSJ The USCCB accepts taxpayer money to "help defray costs." Surely, you can't tell non-Catholics when to be charitable.]]></document>
		<document><![CDATA[@BarryHart7 Waiting for them to all go back. Yellow cabs supposed 2b parked in lots when not used. Since Decommio Queens streets= taxi park]]></document>
		<document><![CDATA[@MarkSimoneNY @WOR710 This is a classic!]]></document>
		<document><![CDATA[@CarmineZozzora Massive propaganda is outrageous! Did not come out of nowhere.]]></document>
		<document><![CDATA[@deowll1 @FoxNews Which one?]]></document>
		<document><![CDATA[Hey @rushlimbaugh I found it by searching "Is Rush Limbaugh good" !!! https://t.co/2JWTCDKWym]]></document>
		<document><![CDATA[TIME Magazine Cover: Rush Limbaugh - Jan. 23, 1995 - Media - Radio - Talk Shows - Society - Rush Limbaugh https://t.co/Cjd7wtanAx]]></document>
		<document><![CDATA[@FiveRights You forgot one https://t.co/Akl90n6W0m]]></document>
		<document><![CDATA[@deowll1 @true_pundit It's already out in the open. Their wearing wrong color of camouflage. Revealed]]></document>
		<document><![CDATA[@OfficialRFDTV Why don't we hear this from farmers? I had to unfollow many who've been bashing DJT like anarchists… https://t.co/Yg6p6wd7M5]]></document>
		<document><![CDATA[@MarkSimoneNY Heads are rolling... https://t.co/BHIi7r83iy]]></document>
		<document><![CDATA[@NASCARNAC @MacCocktail @nbc @CarlosGreer @PageSix @nypost what did I miss?]]></document>
		<document><![CDATA[@NASCARNAC @rejialex7 That was Smackdown without the padding! He did ask for it. 😎]]></document>
		<document><![CDATA[@CuomoWatch @fud31 @HITCnews @HereIsTheCity He needs to go 😵]]></document>
		<document><![CDATA[@romereports @thedreamingss Give it a break already. Phony&amp; contrived, fronting for what's really going on. Plots like Caine.]]></document>
		<document><![CDATA[@GrrrGraphics @KazeSkyz And oily, too. Burt, oily coffee= heartburn + indigestion. Yuk]]></document>
		<document><![CDATA[@Trew1Trew @MCITLFrAphorism Worse. He doesn't like/listen to his constituents of whom I am one. He is an embarrassment as are most lib nyers]]></document>
		<document><![CDATA[@MilitarisCath @PrisonPlanet @YahooFinance 1) Wonder what his idea of "minimum wage" is? 2)How long does "$15/hr" last to make lousy coffee?]]></document>
		<document><![CDATA[@poorservant Just finished w/rosary &amp; mass on @EWTN &amp; read this! Really do miss Mother Angelica! https://t.co/UptX0XewVn]]></document>
		<document><![CDATA[@MaryStewart01 @vibora_volando @KurtSchlichter No leaders, just followers, &amp; very dumb ones at that. (Read Psalm 2-- God laughs!)]]></document>
		<document><![CDATA[@foxnation Bringing back old adage: Loose lips sink ships]]></document>
		<document><![CDATA[@JessicaV_CIS How would you like to live here &amp; deal with this insanity every day!!!? We citizens have no rights here according2 Decommio.]]></document>
		<document><![CDATA[@MilitarisCath @mitchellvii @BreitbartNews probably not. He's a washed up, has-been.]]></document>
		<document><![CDATA[@RealSoupDragon @DD_amdg I blame international companies that don't prepare these guys for culture shock of living in compound, can't wear +]]></document>
	</documents>
</author>