<author lang="en">
	<documents>
		<document><![CDATA[got ross that new cod game and just sat n downloaded it all for him, that's some fucked up shit btw ma heads fried 😂]]></document>
		<document><![CDATA[mums driving like a maniac so i make my appointment, would prefer to make it there alive 😅]]></document>
		<document><![CDATA[i have seen it all now 😂😂]]></document>
		<document><![CDATA[@stacigrayx al be fine just feel shit xx]]></document>
		<document><![CDATA[wonder what it's like to be good enough for someone💭]]></document>
		<document><![CDATA[Can't wait to get this hair back fully blonde on Wednesday 💇🏼💇🏼]]></document>
		<document><![CDATA[@clark_clark6 thinking of you courtney!! such a sin, you'll do her proud💗]]></document>
		<document><![CDATA[@SophieHoneyman suppose after having a bairn by then a nipple piercing will be nuhn😂😂😂!!xx]]></document>
		<document><![CDATA[@SophieHoneyman see i think if i can deal with my nose i can cope with it cos ma nose was a bitch and a just sat there 😂 xx]]></document>
		<document><![CDATA[@SophieHoneyman i'd prolly need do the same am such a shite bag when a see the needle 😂😂 xx]]></document>
		<document><![CDATA[@SophieHoneyman aw what ad prolly go thru with one n shit out the other 😂😂😂 a might like xx]]></document>
		<document><![CDATA[@stacigrayx will do]]></document>
		<document><![CDATA[@stacigrayx what's up ?]]></document>
		<document><![CDATA[@SophieHoneyman is it that bad a want mines done after april but shit feared of needles, coped with my nose but dkn abt nipples 😂 Xx]]></document>
		<document><![CDATA[I get emotional so easy the now and it's shit]]></document>
		<document><![CDATA[7 people followed me // automatically checked by https://t.co/L4XJgfhZpu]]></document>
		<document><![CDATA[Fell in love with a pair of gucci shoes and scarf, and want their perfume. I need to stop looking at things 🙃🙃]]></document>
		<document><![CDATA[got a client for acrylics and am about passing out from the fumes and i haven't even started, how fun 🙃]]></document>
		<document><![CDATA[My Top 5 Followers: @xxjadey_x, @caitlininnes_, @stacigrayx, @megan_hartxx, @_linzirollo. Find Yours Free at https://t.co/nH8NfwQ73e]]></document>
		<document><![CDATA[@sophhhiexx you get the milk chocolate one as well, it's the best thing ever xx]]></document>
		<document><![CDATA[one person unfollowed me // automatically checked by https://t.co/L4XJgfhZpu]]></document>
		<document><![CDATA[first my bump gets in the way of me seeing my feet or legs and now it's at the point am doing gymnastics to bloody shave, a have had enough😑]]></document>
		<document><![CDATA[@xxjadey_x honestly i don't have a clue it takes me about an hour to do one leg 😂😂😂😂 x]]></document>
		<document><![CDATA[@xxjadey_x try being pregnant and being able to reach without your belly stopping you I can't see my thighs from my bump when I lie down😂😂😂😂]]></document>
		<document><![CDATA[@jamieleesiphone ever since my first scan it looked so much like a boy everyone said and I found out she was a she, you might be lucky 😂😂Xx]]></document>
		<document><![CDATA[3 people followed me and one person unfollowed me // automatically checked by https://t.co/L4XJgfhZpu]]></document>
		<document><![CDATA[college ordered me a maternity tunic and trousers a look like a bin bag😑]]></document>
		<document><![CDATA[just done an old woman's pedicure and she gave me a fiver for making her feel good again, what a wee sweetheart!!☹️]]></document>
		<document><![CDATA[really no up for doing two pedicures the day 😑]]></document>
		<document><![CDATA[4 people followed me and one person unfollowed me // automatically checked by https://t.co/L4XJgfhZpu]]></document>
		<document><![CDATA[Baby Lily-James finally aloud to show her off, only she'd be late and come Friday the 13th😂. Absolutely gorgeous 👶🏼… https://t.co/QQO8ByPuMu]]></document>
		<document><![CDATA[4 people followed me and 3 people unfollowed me // automatically checked by https://t.co/L4XJgfhZpu]]></document>
		<document><![CDATA[Sam finally had lily-james and it's making me so impairment now 👶🏼👶🏼]]></document>
		<document><![CDATA[Had 5 baskets on different shops full of baby stuff and it's all cleared cos the iPad restarted😡]]></document>
		<document><![CDATA[sammys waters have been broken and lily will be here soon. Awww👶🏼👶🏼]]></document>
		<document><![CDATA[3 people followed me and 3 people unfollowed me // automatically checked by https://t.co/L4XJgfhZpu]]></document>
		<document><![CDATA[got the flu and keep getting braxton hicks ,then teeth out tomorrow a want to die 😷]]></document>
		<document><![CDATA[caramel fudge ice cream &amp; white chocolate cookies😍]]></document>
		<document><![CDATA[4 people followed me and one person unfollowed me // automatically checked by https://t.co/L4XJgfhZpu]]></document>
		<document><![CDATA[@jamieleesiphone i wish a did! My skins horrible and my hairs grew the tiniest bit a never used get any spots til pregnancy😂xx]]></document>
		<document><![CDATA[@jamieleesiphone how is your skin glowing mines is broke out to mad with mine😧xx]]></document>
		<document><![CDATA[Can't wait to be blonde n have princess hair again😩]]></document>
		<document><![CDATA[Dunno how I bite my tongue so much getting 🤔]]></document>
		<document><![CDATA[3 people followed me // automatically checked by https://t.co/L4XJgfhZpu]]></document>
		<document><![CDATA[@stacigrayx yeah just my mind doing over time about everything xx]]></document>
		<document><![CDATA[hate thinking abt shit that just reminds u how worthless u must be to someone....💭]]></document>
		<document><![CDATA[2 people followed me and one person unfollowed me // automatically checked by https://t.co/L4XJgfhZpu]]></document>
		<document><![CDATA[nothing better than lying cuddled up with your boyfriend all day when your ill🤒🤧👫]]></document>
		<document><![CDATA[How I manage to bite my tongue for so long just to save arguments I'll never know🙃🙄]]></document>
		<document><![CDATA[Sciatica is the sorest thing ever, like an invalid over here 🙃]]></document>
		<document><![CDATA[2 people followed me // automatically checked by https://t.co/L4XJgfhZpu]]></document>
		<document><![CDATA[Whys Ross getting all my family steaming, brothers gf ca even build her ain jint😂😂😂😂😂]]></document>
		<document><![CDATA[Spoiled off Ross, in love with my gifts, also spoiled off everyone else, must've behaved this year 🙄🎅🏼🎅🏼 https://t.co/7pFY1UGPX0]]></document>
		<document><![CDATA[Me and Ross have been up since half 7 waiting on my brother &amp; sister getting up so we can open our stuff. abt time 🙃]]></document>
		<document><![CDATA[Me and Ross are up and have been for ages why aren't the wee ones !!😠]]></document>
		<document><![CDATA[buying a hamster for aryas xmas. What a great pair we are🐹]]></document>
		<document><![CDATA[ross has never heared of people doing xmas eve jammies 😧😧😧]]></document>
		<document><![CDATA[4 people followed me and 2 people unfollowed me // automatically checked by https://t.co/L4XJgfhZpu]]></document>
		<document><![CDATA[so glad that's me off for two weeks, disni matter still up at this time on my day off😑]]></document>
		<document><![CDATA[@xxjadey_x na it's threading she does but she does tint anaw 11 for tint and thread xx]]></document>
		<document><![CDATA[@xxjadey_x try superdrug in the kingsgate girl does it without an appointment xx]]></document>
		<document><![CDATA[@tiakellyxx they do strip versions aswell xx]]></document>
		<document><![CDATA[@tiakellyxx the one out sally's the individuals in a red &amp; black box last ages! Xx]]></document>
		<document><![CDATA[@BeccaWallace111  mikaela rennie it's 20 and there amazing! Xx]]></document>
		<document><![CDATA[can't wait to have my nails done on wednesday, about time✨💅🏼]]></document>
		<document><![CDATA[to think me and ross will be spending christmas next year with a beautiful wee girl to spoil👶🏼❣️]]></document>
		<document><![CDATA[sundays are ment for cuddles &amp; food, nothing better 👫❣️❄️]]></document>
		<document><![CDATA[louis tomlinson ft steve aoki hold on, is such a good song🎶🎶]]></document>
		<document><![CDATA[wtf is with the new messenger update😕😕]]></document>
		<document><![CDATA[@AbbieHoneyman no am far from that am a fat mess]]></document>
		<document><![CDATA[@AbbieHoneyman am just getting fat everywhere , it's that bad my leg muscles are aching a cant carry my own weight about 😂😂😂]]></document>
		<document><![CDATA[6 people followed me and 6 people unfollowed me // automatically checked by https://t.co/L4XJgfhZpu]]></document>
		<document><![CDATA[was 7 stone before i got pregnant and now am nearly 8 and a half. A am not happy, all that effort to loose weight to then gain it all back😑😂]]></document>
		<document><![CDATA[total failed that exam for sure! Head went totally blank!😕😕]]></document>
		<document><![CDATA[@marniedowx @dylanbryson15 aye what sick freak lies about that, some folk aren't even about to have bairns n she's oot there lying! rat😡]]></document>
		<document><![CDATA[folk that lie about being pregnant are sick in the head😡!!]]></document>
		<document><![CDATA[a cant wait to get long princess hair again💇🏼✨]]></document>
		<document><![CDATA[my cravings are out of hand😕😂]]></document>
		<document><![CDATA[docters are a fucking joke!!]]></document>
		<document><![CDATA[no energy for all these manicures and pedicures plus massages , need ma bed🙄]]></document>
		<document><![CDATA[actual give up fucking trying]]></document>
		<document><![CDATA[3 people followed me // automatically checked by https://t.co/L4XJgfhZpu]]></document>
		<document><![CDATA[the fact i need but 6 ear rings each time i buy them is annoying. Why did i get them pierced so many times🙃]]></document>
		<document><![CDATA[why do girls argue about people from there past while in a current relationship with someone new, hmm🐸☕️]]></document>
		<document><![CDATA[@rachhelelderr absolute bloody s l u t 💦💦]]></document>
		<document><![CDATA[@stacigrayx a probs will it's me a alway change after abt a eeek xxxx]]></document>
		<document><![CDATA[@stacigrayx either red or brown again soon for my weave 😂😂😂 when will i stop xxx]]></document>
		<document><![CDATA[@stacigrayx cut a didn't want it cut ma mother forced it and told kerry to take it shorter than she said cos a ruined it with bleach😂xxxx]]></document>
		<document><![CDATA[@stacigrayx we actual have hahah! a just miss ma hair😂😂😂 xxxxx]]></document>
		<document><![CDATA[@stacigrayx aw ano i miss these times!!xxxxx https://t.co/Mm2pNNiNR0]]></document>
		<document><![CDATA[@stacigrayx a total read ur mind😂😂 i miss u too!! i understand cos i'm the same😂😂😂💗]]></document>
		<document><![CDATA[a have no self confidence what so ever 🙃]]></document>
		<document><![CDATA[was so good seeing rebecca for the first time in a year😧💗xx]]></document>
		<document><![CDATA[@AbbieHoneyman no fkn chance]]></document>
		<document><![CDATA[ever since i got in the bath she's no stopped kicking, someone likes the water👶🏼🛁]]></document>
		<document><![CDATA[@stacigrayx aye just same old crap all the time xx]]></document>
		<document><![CDATA[nothing will change🤥🤥]]></document>
		<document><![CDATA[sour grape iceblast is something else😍]]></document>
		<document><![CDATA[3 people followed me and one person unfollowed me // automatically checked by https://t.co/L4XJgfhZpu]]></document>
		<document><![CDATA[wish a never had to get all my long braw hair cut off. Can't wait to get a weave💇🏼💆🏼]]></document>
	</documents>
</author>