<author lang="en">
	<documents>
		<document><![CDATA[Now that Tohu Harris is ditching us for over the ditch at season's end, we better take out the title #purplepride]]></document>
		<document><![CDATA[More importantly, I miss Cheez TV. https://t.co/Kgn9DocgDv]]></document>
		<document><![CDATA[Awwww Rod Laver is wearing joggers with his suit. Grandpas take note #AusOpen]]></document>
		<document><![CDATA[Is it just me or is Rafa not very happy about the whole thing? 

Either that or he needs to go to the bathroom #AusOpen]]></document>
		<document><![CDATA[Plus side is now I can go to bed. Downside is that I have to be up in six hours.]]></document>
		<document><![CDATA[No sleep til Federer wins the damn thing and another cow #AusOpen]]></document>
		<document><![CDATA[....and back to deuce #AusOpen]]></document>
		<document><![CDATA[@pjhelliar What about in Slazenger?]]></document>
		<document><![CDATA[So guess who has put the telly back on. Who needs sleep when you have sports! #AusOpen]]></document>
		<document><![CDATA[I can't handle this anymore, my bed needs me. Sleep needs me. Oh sleep #AusOpen  #FedererNadal]]></document>
		<document><![CDATA[Me tomorrow after tonight's game #AusOpen https://t.co/e78Yo1iTuR]]></document>
		<document><![CDATA[Thanks Roger for taking my sleep schedule into account #AusOpen]]></document>
		<document><![CDATA[@teliferous Not sure about the second cow Roger was given but the first one was cared for by someone else.]]></document>
		<document><![CDATA[Dammit Roger. I have to be up at 4.30 QLD time tomorrow. Hurry up and win #AusOpen]]></document>
		<document><![CDATA[@teliferous I know Federer was also given a bell for his first cow after winning a tournament.]]></document>
		<document><![CDATA[Also how could you not go for someone who has been given two cows? #AusOpen]]></document>
		<document><![CDATA[I'm going for Federer because he's from the land of chocolate #AusOpen]]></document>
		<document><![CDATA[Wait...Fui Fui Moi Moi is still a thing?]]></document>
		<document><![CDATA[Now what do I watch on telly for 11 months???

Time to rehash my Neighbours addiction #BBL06]]></document>
		<document><![CDATA[This wouldn't be happening if Chris Lynn was fighting fit #BBL06]]></document>
		<document><![CDATA[So they just explained what a cherry popper is. 

I really need to get a social life.]]></document>
		<document><![CDATA[Buzzfeed have seen the same doco. 

https://t.co/SIkhpX2XpB]]></document>
		<document><![CDATA[Turns out I've stumbled across a doco about guys who dress up as dolls. Complete with latex boobs and....the other thing. 

I need friends.]]></document>
		<document><![CDATA[Dammit. Trying to stop public crying as this song makes me miss Mr Interstate even more. https://t.co/VzFn2XpLzq]]></document>
		<document><![CDATA[@PetrieLill Chris Lynn would've saved us.]]></document>
		<document><![CDATA[Still proud of ya boys. https://t.co/B2x4fZ5qWh]]></document>
		<document><![CDATA[Til next season! When I'll get my @HeatBBL membership and figure out how to outwit Translink and their lack of buses #TurnUpTheHeat #BBL06]]></document>
		<document><![CDATA[If we brought back Chris Lynn miraculously this wouldn't have happened #BBL06]]></document>
		<document><![CDATA[This is all too nerve-wracking #BBL06]]></document>
		<document><![CDATA[Hope Ben Cutting has been eating his sandwiches #BBL06]]></document>
		<document><![CDATA[Is that my mum in the @HeatBBL floral head piece? #BBL06]]></document>
		<document><![CDATA[Come on, it was either that or I make yet another remark about dropped catches.]]></document>
		<document><![CDATA[Ben Hunt is officially a Dragon come next year, the same team that has done wonders for Widdop and Marshall.]]></document>
		<document><![CDATA[I'm getting emotional over a Commonwealth Bank ad. The one where Steve Smith teaches a girl to score a run. Dammit PMS.]]></document>
		<document><![CDATA[@LadiesWhoLeague Must admit I'm more of a "Rock Lobster" fan.]]></document>
		<document><![CDATA[Time to mute the telly and crank up @abcgrandstand. My grandpa Herb and his BFF Uncle Jim would be proud #AUSvPAK]]></document>
		<document><![CDATA[This commentary team is lacking the following:
Party pies
Tablecloth shirts
"I'm A Celebrity..." small talk
#AUSvPAK #BBLHasSpoiledMe]]></document>
		<document><![CDATA[@sdbhjelm @YouTube I can't. She buys us doughnuts.]]></document>
		<document><![CDATA[If someone legit tells me what Andy Lee does at @StarsBBL, that'll be my new job for the @HeatBBL #TurnUpTheHeat #ITooCanBeACricketGroupie]]></document>
		<document><![CDATA[Who dressed Ricky Ponting tonight? The Richie Benaud does the farm ensemble hurts my eyes #BBL06]]></document>
		<document><![CDATA[Wednesday night semi final at The Gabba. This doesn't work out for me. Damn work. Damn bills. Mo money. Mo problems #BBL06]]></document>
		<document><![CDATA[I would talk about the game but I'm more interested in developing my collection of @NathLyon421 GIFs #GOAT #nicegarry #BBL06]]></document>
		<document><![CDATA[@LadyATeamOz @StarsBBL I do like Steven Seagull so I'll be going for the Stars.]]></document>
		<document><![CDATA[Ho hum. At least we're still top of the ladder for another 24 hours or so #BBL06 #TurnUpTheHeat]]></document>
		<document><![CDATA[@PetrieLill Kinda glad I missed out on tickets now.]]></document>
		<document><![CDATA[Safe to say there will be a lot of shitty people at the Pineapple Hotel post match #BBL06]]></document>
		<document><![CDATA[@LadiesWhoLeague And me.]]></document>
		<document><![CDATA[I'm confused guys #BBL06]]></document>
		<document><![CDATA[@tensporttv @LadiesWhoLeague @RenegadesBBL I actually want Ben Cutting's sandwich.]]></document>
		<document><![CDATA[We need more shots of Ben Cutting and his sandwich #BBL06]]></document>
		<document><![CDATA[Make that sundries and that six #BBL06]]></document>
		<document><![CDATA[Sundries. Our only hope #BBL06]]></document>
		<document><![CDATA[RAIN? 

I'm five minutes away from the Gabba and it's not raining #BBL06]]></document>
		<document><![CDATA[I didn't want a home final anyway. Next week I'm on late shifts #BBL06]]></document>
		<document><![CDATA[Actually there's a few they can do. The pretzels at the baseball scene, the catch a rock scene or the Dancing Homer one. Oh and the obvious.]]></document>
		<document><![CDATA[Hmmmmm. Now Burns better start smashing it or else the Gabba will be doing a reenactment of a certain Simpsons scene #BBL06]]></document>
		<document><![CDATA[Ok while I'm happy for you all but WHERE WAS THIS FIVE OVERS AGO??? #BBL06 #TurnUpTheHeat]]></document>
		<document><![CDATA[ABOUT BLOODY TIME #BBL06 #TurnUpTheHeat]]></document>
		<document><![CDATA[Actually bring back that bowler with the headband. We were smashing it with that guy #BBL06]]></document>
		<document><![CDATA[Now I miss Chris Lynn again #someonesmashasixdammit #BBL06]]></document>
		<document><![CDATA[Nooooooo!

But stellar effort from Sam Heazlett. Very proud #BBL06 #TurnUpTheHeat]]></document>
		<document><![CDATA[Having said that, I do miss the fourth on line for the King Of QLD, following Wally Lewis, JT and Bernard Fanning #BBL06 #TurnUpTheHeat]]></document>
		<document><![CDATA[Who's Chris Lynn? #bazgoesbang #BBL06 #TurnUpTheHeat]]></document>
		<document><![CDATA[I would blame the bowler's headband but let's face it McCullum is a lean mean six hitting machine #BBL06 #TurnUpTheHeat]]></document>
		<document><![CDATA[So is Survivor a better reality show than I'm A Celebrity Get Me Out Of Here? #BBL06]]></document>
		<document><![CDATA[This is what happens when you ban beer snakes. We start making leaning towers of promotional gear as hats #BBL06]]></document>
		<document><![CDATA[If back flipping on a greyhound ban and implementing lockout laws that have killed industries counts then yes you h… https://t.co/EcJkMuTo6n]]></document>
		<document><![CDATA[Nah. It's much more fun quoting scenes from The Room.]]></document>
		<document><![CDATA[Is it too early to bring up state politics with the interstate crush?]]></document>
		<document><![CDATA[And so we say au reviour to #CasinoMike.

Actually it's more like a no way, get fucked, fuck off.]]></document>
		<document><![CDATA[That "7 Years" song is the most morbid excuse for music I have heard in a long time.]]></document>
		<document><![CDATA[35 degrees at 6.30pm.

This is why I hate everything.]]></document>
		<document><![CDATA[Try and beat this @QPSmedia https://t.co/3FnFNFOwCl]]></document>
		<document><![CDATA[When @aishatyler starts mocking Amber Sherlock and her white shirt meltdown. Slay Dr Lewis, slay!]]></document>
		<document><![CDATA[Fro Bro will never reach the celebrity levels of Watermelon Boy. Soz guys #BBL06]]></document>
		<document><![CDATA[I want a fucking man harem.

Thanks @LeeLinChinSBS.]]></document>
		<document><![CDATA[Like to see the @Channel9 commentary team down a bowl of party pies next ODI #BBL06]]></document>
		<document><![CDATA[If you want to walk out of a cinema feeling carefree and aloof, then Passengers isn't for you.]]></document>
		<document><![CDATA[#freenollsie https://t.co/IOWax3ArMc]]></document>
		<document><![CDATA[So if the Aussies win, does that mean pickleback shots in the dressing room? #AUSvPAK]]></document>
		<document><![CDATA[Babar is now heading back to the pavilion to return to his plan of defeating that evil rhinoceros #AUSvPAK]]></document>
		<document><![CDATA[@brisbanebroncos @buckthebronco Boris.]]></document>
		<document><![CDATA[Dammit I'm craving dry Milo. Anyone at the Gabba with Milo? #AUSvPAK]]></document>
		<document><![CDATA[The people sitting behind me have smuggled their own bottle of tomato sauce into the game #AUSvPAK #ketchuporcatsup]]></document>
		<document><![CDATA[Gabba vegetarian options: chips or nothing. Time to take a packed lunch to sporting events.]]></document>
		<document><![CDATA[Remind me why Mitchell Marsh got selected? #AUSvPAK]]></document>
		<document><![CDATA[That's handy to know. https://t.co/4DRGDntWZn]]></document>
		<document><![CDATA[Yo @CricketAus where is the Ussie love? It's because of the dab, isn't it?]]></document>
		<document><![CDATA[Alright if the Broncos can wish members of Violent Soho happy birthday then @storm better send something my way come August 3.]]></document>
		<document><![CDATA[Now we need birthday wishes from Mansfield High School. https://t.co/kVpGmNqWs3]]></document>
		<document><![CDATA[Well I do have a soft spot for the bad boys.... https://t.co/0wXfl8nLQp]]></document>
		<document><![CDATA[@sdbhjelm I don't want to talk about it. Excuse me while I go back to cranking emo music and crying.]]></document>
		<document><![CDATA[Chris Lynn has hit more sixes than I've had boyfriends #BBL06 #TurnUpTheHeat #Lynnsanity]]></document>
		<document><![CDATA[Yo Lynny where was this performance on Tuesday night? #BBL06 #Lynnsanity]]></document>
		<document><![CDATA[Make that two Rabbitohs fans #BBL06]]></document>
		<document><![CDATA[So I'm at The Gabba and I've already spotted a Rabbitohs fan #BBL06]]></document>
		<document><![CDATA[If I hear or see "new year new me" one more time I'm going to go postal.]]></document>
		<document><![CDATA[Already do this. https://t.co/JfsSAs8q75]]></document>
		<document><![CDATA[Take that Channel 9 boys club! https://t.co/tyDwrxMu4e]]></document>
		<document><![CDATA[Does anyone else remember when some newspaper outed Natalie Imbruglia and her "lesbian lover" was actually Daniel Johns?]]></document>
	</documents>
</author>