<author lang="en">
	<documents>
		<document><![CDATA[This is why I stopped trying to reason with some people and just aimed to make them irrelevant. https://t.co/W1XdW8ByuY]]></document>
		<document><![CDATA[Federal departments are converging on "We don't agree on much but we all agree Trump doesn't know WTF he's doing"]]></document>
		<document><![CDATA[Here's tonight's cocktail https://t.co/RXanNsST6F]]></document>
		<document><![CDATA[@ShipLives You've been quoted in my #Storify story "All Kinds of Bitter" https://t.co/RXanNsST6F]]></document>
		<document><![CDATA[I should retweet this daily. https://t.co/jdbmOdys7j]]></document>
		<document><![CDATA[19 Right after this drink.]]></document>
		<document><![CDATA[18 If not, try some hot sauce. You want the heat. You can't just be bitter. You must be hot. Angry. Ready to burn it all.]]></document>
		<document><![CDATA[17 Oh wait! I knew I forgot something! Also add an ounce of Ancho Reyes pepper liquor if you have it.]]></document>
		<document><![CDATA[@ShipLives I am glad ot have accomplished something meaningful today.]]></document>
		<document><![CDATA[16 And yes, I know Laphroaig is whisky, not whiskey. Powers is whiskey. Off is fuck. Me is bite. Trump is p*******t. Toast to his ***th.]]></document>
		<document><![CDATA[14 This time it's all kinds of bitter. And a bit of whiskey to balance the flavour.

You could add soda water to it all if you want.]]></document>
		<document><![CDATA[13 Normally you'd use whiskey as the main thrust of a cocktail and bitters as the grace note. Not this time.]]></document>
		<document><![CDATA[12 That's compliant, not complaint. Complaint would be the Laphroaig. Compliant is the Powers. Irish whiskey. Sláinte!]]></document>
		<document><![CDATA[11 To the ice cube and the three kinds of sweet bitters (Italians to bittersweet so well), add a half ounce of compliant whiskey.]]></document>
		<document><![CDATA[10 I could have added Angostura Bitters but it seemed like gilding the lily.]]></document>
		<document><![CDATA[9 I could have added Becherovka but it might have taken over. I could have added Fernet Branca but ARE YOU FUCKING KIDDING no.]]></document>
		<document><![CDATA[8 (I keep gin in the freezer so I don't need ice in my martinis; I keep vodka in the freezer because I am not a barbarian)]]></document>
		<document><![CDATA[7 (I keep the Vecchio Amaro del Capo in the freezer with the gin and vodka)]]></document>
		<document><![CDATA[6 …and this https://t.co/KGPnvrTTTA]]></document>
		<document><![CDATA[5 I used this… https://t.co/a0GEOvRLOr]]></document>
		<document><![CDATA[4 Add about an ounce each of two kinds of sweet bitters. I recommend more Italian ones. Italians make the best bitter beverages.]]></document>
		<document><![CDATA[3 Pour in an ounce or something like that of Aperol. If you don't have Aperol your life is a wasteland, or at least you won't be making this]]></document>
		<document><![CDATA[2 Stick a ice cube in it.

Not an ice cube. A ice cube. An ice cube means you still care about something. A ice cube means let it all burn.]]></document>
		<document><![CDATA[1 Get a glass. Doesn't have to be that big-ass Aperol Spritz glass I used. Anything that can hold 6 ounces will do. Why should you care]]></document>
		<document><![CDATA[The name is a lie because I only used three kinds of bitter. I have at least another three that I could have used. But whatever. I like it.]]></document>
		<document><![CDATA[OK, fuckers, got a drink for you. It's called All Kinds of Bitter. https://t.co/8qHXF7xkl3]]></document>
		<document><![CDATA[@IvaCheung I didn't post that on Facebook. :P]]></document>
		<document><![CDATA[@IvaCheung @lepoole I only do Facebook to do Scrabble, TBH.]]></document>
		<document><![CDATA[@IvaCheung @lepoole I manage not to get the FtiBit stats. I think none of my FBook friends are FitBit people. But Bejeweled Blitz, now…]]></document>
		<document><![CDATA[I bet your boss doesn't know the difference between an IED and an IUD. https://t.co/3i2NEKxJQZ]]></document>
		<document><![CDATA[@IvaCheung I'd have to mute a lot of people.]]></document>
		<document><![CDATA[@IvaCheung That's what I cooked. I don't talk about the eating part. :P]]></document>
		<document><![CDATA[BREAKING: Facebook to add "I don't give a shit about what you ate today" button]]></document>
		<document><![CDATA[Public service announcement: This is how you make food that doesn't suck. And now it's even cheaper. https://t.co/g5z0EBvz98]]></document>
		<document><![CDATA[While conservative you is lecturing past liberal you about dumb shit you did and are still doing, there are lots of us who want to fix stuff]]></document>
		<document><![CDATA["I used to be a liberal and I did all this dumb stuff so I know" Yeah, that was YOU. Now you're doing the same as a conservative.]]></document>
		<document><![CDATA[Gonna reach deep into my big liberal bag of offs to get you a nice juicy one to fuck.]]></document>
		<document><![CDATA[and everything it's saying liberals overlooked Obama and Clinton doing are things Trump is full-court-pressing already.]]></document>
		<document><![CDATA[Smarmy "Dear Liberals" video going around on FB right now. "You guys all did this and you guys all did that and you all generalized SO MUCH"]]></document>
		<document><![CDATA[Breakfast has arrived https://t.co/7YWJZEQckF]]></document>
		<document><![CDATA[Believes insulting Chelsea Clinton on Twitter is a conversation, objects to someone else on Twitter "jumping in"; i… https://t.co/Cxze75BZAW]]></document>
		<document><![CDATA[In a world where "you have been sadly misinformed" is called "nastiness &amp; childish name calling" https://t.co/H0oKC0kA94]]></document>
		<document><![CDATA[a) When you hold the reins of power you're not a counter-culture

b) Nazi punks fuck off https://t.co/cRuJVdOxPD]]></document>
		<document><![CDATA[@GramrgednAngel @Mededitor Picturing Meddy at the front of the line: "Please, sir, may I have sumo?"]]></document>
		<document><![CDATA[@Mededitor World sumo championships FTW!]]></document>
		<document><![CDATA[@CopyCurmudgeon Toronto has become weed central tho. Daily street smell.]]></document>
		<document><![CDATA[@CopyCurmudgeon I was a student when I lived there, which explains that :)]]></document>
		<document><![CDATA["Neighbors" = country next door
"Giant manure pile" = oh come on do I really need to say it https://t.co/TPF0fap125]]></document>
		<document><![CDATA[@whatsherbutt I mean the alpha male thing—I knew about "lone wolves" since I was a kid]]></document>
		<document><![CDATA[When u say "but what about" just know there are thousands holding their Bics aloft for u

with lighter fluid squirt bottles pointed at u]]></document>
		<document><![CDATA[@whatsherbutt I did know, but actually only found out this past year!]]></document>
		<document><![CDATA[. @whatsherbutt In reality all the guys who claim to be alpha males are just master betas.]]></document>
		<document><![CDATA[My fond recollections of Boston:
• Like 50% of everyone is a student
• …from Long Island
• Weed smoke a regular str… https://t.co/S2YcOEepoS]]></document>
		<document><![CDATA[Also: Wolves are social animals. If you see one, there are others like it around.

Funny enough, same goes for "lon… https://t.co/1SZI2W2gJS]]></document>
		<document><![CDATA[Hey if you ever have a chance to try Aperol with erqu jiu

I tried it for you

so you don't have to, it's OK]]></document>
		<document><![CDATA[We may be about to see Trump tell a federal judge he's fired.

If he does, the sequelae should be interesting. https://t.co/8ktVbh2qDJ]]></document>
		<document><![CDATA[Gotta feed the swamp critters. https://t.co/asv8d22utt]]></document>
		<document><![CDATA[@FuzzyWuzzyTO Step outside and recalibrate.]]></document>
		<document><![CDATA[And wolves are social animals. If you see one, there are more nearby. https://t.co/0NsqClKjji]]></document>
		<document><![CDATA[And 90% of its workers got what, now? https://t.co/oEU2qntk1z]]></document>
		<document><![CDATA[fucking rub it in goddammit https://t.co/dSHIRW6Aod]]></document>
		<document><![CDATA[Citation Steak.

(I didn't own the Citation but I've never owned a car and it was the first one I drove regularly.) https://t.co/giH0kamxaT]]></document>
		<document><![CDATA[Y'know what? I don't think there's a cover that can follow that. I was going to end with the original but the video for it is gone.]]></document>
		<document><![CDATA[She could be famous with the right luck https://t.co/oYE87CxmMC]]></document>
		<document><![CDATA[After that you'll be hankering for the simplicity of a young Japanese woman singing it with an acoustic guitar https://t.co/rYk6ipxBHE]]></document>
		<document><![CDATA[OK, fine, here's the psychedelic Italian funk version you've been waiting for https://t.co/ZPV6DAZ4lj]]></document>
		<document><![CDATA[Frank Zappa may or may not be the walrus https://t.co/eJFeS4lvgB]]></document>
		<document><![CDATA[Here's Oingo Boingo doing a solidly produced version of it https://t.co/KYvE9qXeqB]]></document>
		<document><![CDATA[Now you know you need a punk version. This will do nicely. https://t.co/6RCYvVlO3f]]></document>
		<document><![CDATA[Here's a real stoner version https://t.co/Xf4kHTz4eq]]></document>
		<document><![CDATA[Not sure any of these covers have gotten all the way without fucking up the lyrics a bit at some point.

Yes of course I know them by heart.]]></document>
		<document><![CDATA[If the world is going to hell, first you get to Styx https://t.co/PuNcQ9qLKI]]></document>
		<document><![CDATA[Here's a solid rockin' version https://t.co/idAXv1Zbgz]]></document>
		<document><![CDATA[Felt like listening to some of this today https://t.co/Bn0Ayc6NIS]]></document>
		<document><![CDATA[With all the shit going down, parts of the world might experience massive popcorn shortages https://t.co/WXQylcCxZY]]></document>
		<document><![CDATA[Today would be a fine day for @KellyannePolls to say "Aw, the hell with it." https://t.co/Kicut9IVGy]]></document>
		<document><![CDATA[And remember that there are lots of people who know. It's a dog-whistle for the attentive on both sides. Passes unnoticed among the rest.]]></document>
		<document><![CDATA[When reading about Trump's use of private security, remember that "protection squad" is English for German "Schutzstaffel" (SS)]]></document>
		<document><![CDATA[@Mededitor Don't forget: I thrive on attention. Especially in a performance situation.]]></document>
		<document><![CDATA[Agh, still so long. Well at least I have all my camera gear. Also my presentation—that's ready too. #ACES2017 https://t.co/OJ6dhAAz6N]]></document>
		<document><![CDATA[Kellyanne has negative fucks to give. She has a fuck-negating field around her.]]></document>
		<document><![CDATA[@tduehr @GreatDismal The fuckit is strong with this one.]]></document>
		<document><![CDATA[That's how you know what he's doing or will do: he accuses others of it. https://t.co/4oMbJNpG5g]]></document>
		<document><![CDATA[@sjs_sf The world continues to crumble but we don't have to see her face several times a day anymore.]]></document>
		<document><![CDATA[@eileen_gunn That was the nicest thing I've ever said about her by a long chalk. My usual line is: https://t.co/5ituqHI9M2]]></document>
		<document><![CDATA[Flew them economy class, the cheep fucker https://t.co/OhGXT6mOXB]]></document>
		<document><![CDATA[@girlyratfish Maybe we should regularly tweet her recommendations for bars in her area.]]></document>
		<document><![CDATA[When you're that cynical, your fuck-it percentage asymptotically approaches 100% and at any time rounding may kick in.]]></document>
		<document><![CDATA[Kellyanne always looks like she's a twitch away from saying "Fuck this shit," standing up, walking out, quitting, a… https://t.co/VnNtIW69Ya]]></document>
		<document><![CDATA[Let us all type "fuck Trump" into our phones a dozen times a day to see if it makes it an autocorrect suggestion. https://t.co/MPPbJalJCE]]></document>
		<document><![CDATA[You won't study jackshit. You never study jackshit. If you did you'd know they're not illegal immigrants. You lazy… https://t.co/0t1MtLlcZ4]]></document>
		<document><![CDATA[a little flower for you https://t.co/6l5WvaPjhi]]></document>
		<document><![CDATA[Mr. McConaughey. We do not get over fascists. We get above them. They will get on top of us if we do not keep them off.]]></document>
		<document><![CDATA[The groundhog came up and saw a shadow.

My shadow.

It was the last thing the little fucker ever saw.

Tonight: Groundhog pie.]]></document>
		<document><![CDATA[@DiedofEnnui Yeah. Definitely I was addressing the "I didn't vote for that" Trump voters. We who didn't vote for him read the label!]]></document>
		<document><![CDATA[@IvaCheung @DFCqualitymilk Seriously. I would probably even lick the table.]]></document>
		<document><![CDATA[It was on the label. You bought the package. https://t.co/mDNeB3hLVF]]></document>
		<document><![CDATA[@rachelagiese Ah, there's your Twitter! Sorry, would have tagged you but I failed to find you.

I admire your self-control.]]></document>
		<document><![CDATA[…But surely some of them must have felt that Trump's dominance "prayer" request was a baldly insulting profanation. Just too frank.]]></document>
		<document><![CDATA[…many of them are willing to put up with a Hell of a lot from Trump (because authoritarianism and social order maintenance matter most). …]]></document>
	</documents>
</author>