<author lang="en">
	<documents>
		<document><![CDATA[@JonathanJoly @irrelevantpoo It's a long way to Tipperary
it's a long way to go]]></document>
		<document><![CDATA[@angelsrapp do you know when the movie is being released? i honestly cant wait any longer https://t.co/GQY0L2Xzzw]]></document>
		<document><![CDATA[@dylanobrien please help me ...... i dont know anymore https://t.co/EgnU2fTjL2]]></document>
		<document><![CDATA[@dylanobrien hi , hope your having a great day x🙂]]></document>
		<document><![CDATA[100% agree watched it the other day know my fav movie great acting https://t.co/GmHhrlcz0P]]></document>
		<document><![CDATA[Would Mean The World To Me If You Could Check Out My New @teenwolfMTV Edit https://t.co/ZFxLx8Pkzg Thank you x 😘 https://t.co/LENjtM0HjF]]></document>
		<document><![CDATA[@TFByoutube Hi it would mean the world to me if you could check out my Stiles video https://t.co/cj13ApawWw Thank you x 😘]]></document>
		<document><![CDATA[@Greenskys123 hi Love your account would you mind taking a minute out of your day to watch this video https://t.co/t16KSLJpNA Thank you x 😘]]></document>
		<document><![CDATA[@lgmobriens hi Love your account would you mind taking a minute out of your day to watch this video https://t.co/t16KSLJpNA Thank you x 😘]]></document>
		<document><![CDATA[@CodexOfSarcasm Hi it would mean the world to me if you could check out my Stiles video https://t.co/wWap1ViRLt Thank you x 😘]]></document>
		<document><![CDATA[@softheartlexa Hi it would mean the world to me if you could check out my Stiles video https://t.co/KLpNZLXyOI Thank you x 😘]]></document>
		<document><![CDATA[@OfAnxiety Hi it would mean the world to me if you could check out my Stiles video https://t.co/T0ixZ9XkQo Thank you x 😘]]></document>
		<document><![CDATA[@IrascibleStiles Hi it would mean the world to me if you could check out my Stiles video https://t.co/npscGPSYGc Thank you x 😘]]></document>
		<document><![CDATA[@EvocativeCharm Hi it would mean the world to me if you could check out my Stiles video https://t.co/T5tYQeeQSU Thank you x 😘]]></document>
		<document><![CDATA[@IamSprayberry Hi it would mean the world to me if you could check out my Stiles video https://t.co/sbamFEGbvq Thank you x 😘]]></document>
		<document><![CDATA[@Vinesobrien hi  Love your account would you mind taking a minute out of your day to watch this video https://t.co/yeXU8YobJW Thank you 😘]]></document>
		<document><![CDATA[@Stydia_Army_  Hi it would mean the world to me if you could check out my Stiles video https://t.co/w0TQZr6Pvk Thank you x 😘]]></document>
		<document><![CDATA[@JonathanJoly still can't believe this is actually happening]]></document>
		<document><![CDATA[@JonathanJoly  me too😂]]></document>
		<document><![CDATA[@EAHelp followed]]></document>
		<document><![CDATA[@EAHelp Please Help!!!]]></document>
		<document><![CDATA[@EAHelp please help!!! ive forgotten my id and the website wont recongise my email . i cant sign in what do i do 😣☹️]]></document>
		<document><![CDATA[Vanished from home #Ballybay #CoMonaghan #Ireland 07/12/16 Young neutered Boxer male. Chipped &amp; very missed  https://t.co/gRnwvoH7bW]]></document>
		<document><![CDATA[📷 — but, oh, how the devil rejoiced // k.s  https://t.co/B1AmxoEBpA]]></document>
		<document><![CDATA[📷 12 days of Stydia: Day 8 → Favorite Sad Moment(s) https://t.co/HcPiii6xKE]]></document>
		<document><![CDATA[📷 Teen Wolf Meme ★ [8/9] quotes “- You know, Lydia use to pretend not to be smart. - Our Lydia ? - And... https://t.co/wIrBxyEB9F]]></document>
		<document><![CDATA[📷 Where’s Scott? Where’s Stiles? https://t.co/bEVxiPnvEe]]></document>
		<document><![CDATA[📷 He didn’t leave anything behind. https://t.co/5TwmRi9yQW]]></document>
		<document><![CDATA[📷 Teen Wolf Meme ★ [8/9] quotes “- You know, Lydia use to pretend not to be smart. - Our Lydia ? - And... https://t.co/myGofFZXt7]]></document>
		<document><![CDATA[📷 lydia’s little smile after stydia kiss is that kind of shit i live for https://t.co/ePpt3W46YF]]></document>
		<document><![CDATA[📷 6x05 || 6x02, 6x03, 6x04 #emotional tether https://t.co/m8BxntPmDc]]></document>
		<document><![CDATA[📷 stydia and scallison + parallels (for @allsonargent for tw secret santa. merry christmas!) https://t.co/x1x2vOa5Nd]]></document>
		<document><![CDATA[📷 boysaresuicidal2: :) will try to do all? https://t.co/XnjfvCgq58]]></document>
		<document><![CDATA[@JonathanJoly @AmazonUK why do i find this video so funny https://t.co/Y6bgoISf1q]]></document>
		<document><![CDATA[@himandhervlogs hi guys , can you check out my channel . it would be so great if my idols could check it out https://t.co/EjVzAVvj5v]]></document>
		<document><![CDATA[Pennys/Primark Try On Haul: https://t.co/iMPlB8f3Km via @YouTube]]></document>
		<document><![CDATA[Going to see Fantastic Beasts in cinema || VLOG 8: https://t.co/mm3szNxUIJ via @YouTube]]></document>
		<document><![CDATA[Going to see Fantastic Beasts in cinema || VLOG 8: https://t.co/T5JDVXPXCC via @YouTube]]></document>
		<document><![CDATA[I added a video to a @YouTube playlist https://t.co/ZCO7HnoQVA Going to see Fantastic Beasts in cinema || VLOG 8]]></document>
		<document><![CDATA[Baking Failure + Reaction To Sacconejolys Accouncement ||VLOG 7: https://t.co/CvcVL5uQUp via @YouTube]]></document>
		<document><![CDATA[I added a video to a @YouTube playlist https://t.co/oPd7BagVZ5 Baking Failure + Reaction To Sacconejolys Accouncement ||VLOG 7]]></document>
		<document><![CDATA[@JonathanJoly @AnnaSaccone #sacconejolyslive what if your baby is born on a Saturday or Sunday? Xxxxx]]></document>
		<document><![CDATA[@Kakamy1227 @JonathanJoly live stream as they are telling us something big]]></document>
		<document><![CDATA[Watch Mr. Robot Season 01 episode 02 Full Episode - Putlocker https://t.co/ANJkP0AIxA]]></document>
		<document><![CDATA[@himandhervlogs do nothing , its very hard work 😆  #LazyDay]]></document>
		<document><![CDATA[loved the video 👍the john lewis adverts get better every year 😍 https://t.co/rX0I8EeaYT]]></document>
		<document><![CDATA[@himandhervlogs aww i wish i could have been there]]></document>
		<document><![CDATA[Looking for a unique geeky gift? Check out Fandlemonium's candles! https://t.co/Duj6Uf0ndH]]></document>
		<document><![CDATA[check out my @cw_spn edit https://t.co/DljwxxPAIx]]></document>
		<document><![CDATA[how did we let this fuckhead into our white house . How did we let a rascist , homophobic ,… https://t.co/1g3la1ee4V]]></document>
		<document><![CDATA[@himandhervlogs congratulations on 3k🎉 https://t.co/T2xvD2RZa2]]></document>
		<document><![CDATA[@himandhervlogs literally my life]]></document>
		<document><![CDATA[@himandhervlogs i think thats the more accurate gif i've ever see #thatcheeselife]]></document>
		<document><![CDATA[@himandhervlogs omg that sounds fab ...... im hungry now 😂]]></document>
		<document><![CDATA[@himandhervlogs omg i can't believe you replied https://t.co/06gCPlCLRC]]></document>
		<document><![CDATA[@himandhervlogs Also Happy Birthday Libby , hope your having a fab day so far hun xx https://t.co/KZhhmqEhTw]]></document>
		<document><![CDATA[@himandhervlogs congatulations on 2k , you deserve it so much xx https://t.co/VbqfU6etus]]></document>
		<document><![CDATA[@realGpad congratulations https://t.co/ekblJI5A90]]></document>
		<document><![CDATA[@jarpad congratulations to you and gen]]></document>
		<document><![CDATA[@bestpiano could you do a @PanicAtTheDisco song ? thank you x any song im not fussy]]></document>
		<document><![CDATA[@himandhervlogs subscribed,followed and retweeted 😄 #sacconejolycalendargiveaway]]></document>
		<document><![CDATA[#sacconejolycalendargiveaway https://t.co/0RvC45YnGa]]></document>
		<document><![CDATA[I added a video to a @YouTube playlist https://t.co/vVDuR8t3Zj Sam Faiers The Mummy Diaries S01E03]]></document>
		<document><![CDATA[@hellosarahurie can @brendonurie do a come on eileen cover , it would be great xx hope your having a great day .]]></document>
		<document><![CDATA[@brendonurie its nearly 2 months since you did a scope , i miss you https://t.co/HhxCKFdi8h]]></document>
		<document><![CDATA[would mean the world to me if you would check it out my charmed edit  https://t.co/mGWk3E4kFa @charmedftw_ @charmedfanlove @CharmedSpain1 x]]></document>
		<document><![CDATA[hi @Charmed_Reunion i just uploaded an charmed edit . thought you might like to take a look at it https://t.co/v6pA5JR9l2. Thanks]]></document>
		<document><![CDATA[@NorthernSoundFM is there a problem with https://t.co/BXMIUriIoh i cant seem to get it to play ?]]></document>
		<document><![CDATA[@laurenjs16 follow me so i can dm it to you]]></document>
		<document><![CDATA[check out my @brendonurie edits all in one place https://t.co/UwgGraOC7Q]]></document>
		<document><![CDATA[@laurenjs16 @jaidenhinckley  i know his address]]></document>
		<document><![CDATA[Brendon Urie ~ Back To You https://t.co/aqpGd2dGDO   it'd be a dream come true if u could help me get @brendonurie @hellosarahurie to see it]]></document>
		<document><![CDATA[There will be a new @brendonurie edit tonight , keep An Eye out https://t.co/PJ6rgXygNG #panicatthedisco… https://t.co/NeCN93ibKN]]></document>
		<document><![CDATA[god thats horrible , Hope you ok https://t.co/RHbfHa2qI4]]></document>
		<document><![CDATA[check out my Panic! at the Disco/Brendon Urie Edit https://t.co/SBhlGLVuwo @PanicAtTheDisco @brendonurie @hellosarahurie @ZackCloudHall]]></document>
		<document><![CDATA[check out my Panic! at the Disco/Brendon Urie Edit https://t.co/Ijs09kV0IL  @brendonurie @kennethaharris @DallonWeekes @danpawlovich xxx]]></document>
		<document><![CDATA[check out my Panic! at the Disco/Brendon Urie Edit https://t.co/NCycVFfuzi @PanicAtTheDisco]]></document>
		<document><![CDATA[@ZackCloudHall does that mean that @PanicAtTheDisco is coming to europe on this tour . if so please come to ireland https://t.co/lxHQkh5M5L]]></document>
		<document><![CDATA[I added a video to a @YouTube playlist https://t.co/cnLPjvGBsI Pop Songs World 2016 - Mega Mashup (Dj Pyromania)]]></document>
		<document><![CDATA[I added a video to a @YouTube playlist https://t.co/amubjQQ4rJ Panic! At The Disco - Miss Jackson ft. LOLO Megamix (ft. Melanie, Lana,]]></document>
		<document><![CDATA[I added a video to a @YouTube playlist https://t.co/Wene7VfcNR Panic! At The Disco - House of Memories Megamix (ft. Melanie, Lana,]]></document>
		<document><![CDATA[I added a video to a @YouTube playlist https://t.co/ky9dWDWa3m Panic! At The Disco &amp; Melanie Martinez - I Write Sins, Not Tragedies /]]></document>
		<document><![CDATA[I added a video to a @YouTube playlist https://t.co/CFYVvyYCCL Sugar, This Is Gospel - Panic! At The Disco vs. Fall Out Boy (Mashup)]]></document>
		<document><![CDATA[I added a video to a @YouTube playlist https://t.co/BI64rMfOqo Panic! at the disco Vs Twenty one pilots - Hallelujah! I'm stressed out]]></document>
		<document><![CDATA[@VirginiaPumpkin is there going to be a festival this year and if so when will it be on ?]]></document>
		<document><![CDATA[#happybirthdayemilia have a great day, hope you enjoy your frozen party and get lots of presents xxx https://t.co/Li60RT1Inh]]></document>
		<document><![CDATA[omg im in that video .!!!! https://t.co/DTUJFcsZso]]></document>
		<document><![CDATA[@iwinsoiwin @SuperWiki ofc]]></document>
		<document><![CDATA[@NaughtyBoyMusic bro why the fuck you quoting adele at half 1 in the mo]]></document>
		<document><![CDATA[@iwinsoiwin @SuperWiki omg who said that]]></document>
		<document><![CDATA[@xXEllieWilsonXx i sent you a email abut an hour ago i hope you got it and it wasnt too late]]></document>
		<document><![CDATA[@AnnaSaccone when are you due ? https://t.co/w756DfEKv6]]></document>
		<document><![CDATA[@aimee13__ @JonathanJoly @AnnaSaccone baby number 4]]></document>
		<document><![CDATA[@Vacayfrmreality @AnnaSaccone @JonathanJoly  sacconejoly baby no. 4]]></document>
		<document><![CDATA[congratulations @JonathanJoly @AnnaSaccone https://t.co/a6hNBym9qn]]></document>
		<document><![CDATA[@sofiesolsen @AnnaSaccone thats what i wasthinking]]></document>
		<document><![CDATA[@SuperWiki thanks]]></document>
		<document><![CDATA[@mishacollins hi hope your having a lovely day]]></document>
		<document><![CDATA[https://t.co/WlmrYvhu2f @SuperWiki can you update this soon ?]]></document>
		<document><![CDATA[@brendonurie cant believe i missed it]]></document>
	</documents>
</author>