<author lang="en">
	<documents>
		<document><![CDATA[@joehudsonsmall fave tweet of the night]]></document>
		<document><![CDATA[@thatemskid peanut butter I understand. blink though.......]]></document>
		<document><![CDATA[8 (bc I feel like it). Full PR is a necessity for the UK in the near future, and could possibly have stopped Brexit if implemented earlier]]></document>
		<document><![CDATA[@shakeys7 @joehudsonsmall @FluffehAdam At least Trump was elected]]></document>
		<document><![CDATA[7. Chelsea do not have the strongest team in the league. They are winning due to the failures of other clubs.]]></document>
		<document><![CDATA[6. Burgers at Nando's are clearly better than just getting chicken, or a wrap.]]></document>
		<document><![CDATA[5. A steak cooked past medium-rare is dead and inedible.]]></document>
		<document><![CDATA[@ScottishScouse bumping this bc I feel controversial rn]]></document>
		<document><![CDATA[@FluffehAdam on condition that there is a guarantee of EU membership]]></document>
		<document><![CDATA[@FluffehAdam I'd love to agree with this but referenda are just bad.]]></document>
		<document><![CDATA[@thatemskid THIS ISN'T CONTROVERSIAL THIS IS WRONG]]></document>
		<document><![CDATA[@mrt95_ my followers numbers are the highest ever. Period!]]></document>
		<document><![CDATA[@mrt95_ your content is overrated anyway! Your negative tweets are all fake news. Sad!]]></document>
		<document><![CDATA[@MichaelCraig96 OK what.]]></document>
		<document><![CDATA[@MichaelCraig96 @arrowjam @caibanbutcher Medium is the way forward.]]></document>
		<document><![CDATA[@SherbetLemons_ Dumbledore is bae.]]></document>
		<document><![CDATA[@SherbetLemons_ I kind of want you on my team for the Harry Potter pub quiz coming up....]]></document>
		<document><![CDATA[@ArcticJohnson96 they were fully king incredible last night. Enjoy.]]></document>
		<document><![CDATA[Very worth a watch. Soubry is fantastic. https://t.co/urwJlyrKtr]]></document>
		<document><![CDATA[@lettertodaddy @politicallynate I'm fucked then.]]></document>
		<document><![CDATA[@lettertodaddy @politicallynate in front of a judge, or a so-called judge?]]></document>
		<document><![CDATA[@lettertodaddy @politicallynate I guess I'm gonna have to apologise, or I'll be thrown in the gulag without a trial. Bloody fascists.]]></document>
		<document><![CDATA[The post-gig blues are so real. Take me back. 😭😭😭]]></document>
		<document><![CDATA[@lettertodaddy primarily bc its almost non existent.]]></document>
		<document><![CDATA[@chralie @ChrisRWhiting all lower numbers are fake news.]]></document>
		<document><![CDATA[@RachelFoley2 and its good that you care bc the more people who care, the higher the chance of real information getting out, instead o shit.]]></document>
		<document><![CDATA[@RachelFoley2 I'm just saying that it's obviously false, but people don't care anymore. It's not just farming, it's everything.]]></document>
		<document><![CDATA[@RachelFoley2 "It was the largest inauguration crowd ever. Period."]]></document>
		<document><![CDATA[@RachelFoley2 everyone is getting away with this, but it's not "false", it's "alternative".]]></document>
		<document><![CDATA[@JackAndHerSon also, people are stupid and racist, but that's secondary and less palatable for most people than the first arguments.]]></document>
		<document><![CDATA[@JackAndHerSon ... Elected to inform themselves about these things and make decisions on our behalf.]]></document>
		<document><![CDATA[@JackAndHerSon I'm of the opinion that the people were outright lied to, and were easily influenced by media like the Sun. MPs are...]]></document>
		<document><![CDATA[@joehudsonsmall @JSHiggins_ nah, build walls not bridges. And make the other uni pay for it.]]></document>
		<document><![CDATA[@amazinganwar this has to be a joke?]]></document>
		<document><![CDATA[@lettertodaddy OK OK OK I can put up with a lot but this is scandalous.]]></document>
		<document><![CDATA[4. J.D Wetherspoons is a respectable institution and is undeserving of the ridicule it gets.]]></document>
		<document><![CDATA[3. 99% of chart music is absolute trash]]></document>
		<document><![CDATA[2. A 2nd independence referendum in the next 3 years is very preferable.]]></document>
		<document><![CDATA[1. MPs should ignore the referendum and act in the best interests of the UK.]]></document>
		<document><![CDATA[@DanEv_ I went to bed at 28-3 thinking it was over.]]></document>
		<document><![CDATA[Not doing an unpopular opinions thread bc all of my opinions are right, everyone says so! Terrific opinions, believe me!]]></document>
		<document><![CDATA[DID YOU HEAR THAT. SAY IT LOUDER FOR THE PEOPLE AT THE BACK. https://t.co/YznF9dIFq2]]></document>
		<document><![CDATA[@lettertodaddy filthy fascist.]]></document>
		<document><![CDATA[@chralie have you considered that in fact, it is your opinions that are appalling?]]></document>
		<document><![CDATA[@amazinganwar this isn't unpopular, this is just wrong. https://t.co/DJF8TfqmLD]]></document>
		<document><![CDATA[Back in the Socialist Utopia of Scotland™, with real Irn Bru, free syrup with McDonald's pancakes, and non-existent tuition fees. 💙💙💙]]></document>
		<document><![CDATA[Amazed that I have any sort of voice after last night.]]></document>
		<document><![CDATA[@bradleygbooth I should hope so.]]></document>
		<document><![CDATA[@dylanhm @FluffehAdam @ClemAttlees he was very right.]]></document>
		<document><![CDATA[@bradleygbooth ordered pancakes for breakfast. When they arrived worth no syrup, I asked for some, and was told it costs extra. Fuming.]]></document>
		<document><![CDATA[Found another reason to hate England. You have to pay for syrup with your pancakes in McDonald's. Disgusting.]]></document>
		<document><![CDATA[This is rape. #Falcons]]></document>
		<document><![CDATA[Billie Joe Legit pulled a random 12 year old called Leon out of the crowd, got him to play Operation Ivy and told him to keep the guitar.]]></document>
		<document><![CDATA[Easily one of the best nights of my life. https://t.co/tKU9WuewZu]]></document>
		<document><![CDATA[Green Day were phenomenal, @FluffehAdam is lovely, @LaurenSparkles_ and fam/friends were also lovely! What a night.… https://t.co/7F9S00W9WZ]]></document>
		<document><![CDATA[Still not as good as Sanchez]]></document>
		<document><![CDATA[Wonder how many 'miracle', 'back from the dead', 'resurrection' jokes there will be over Gabriel Jesus.]]></document>
		<document><![CDATA[Piers Morgan is longer odds than Gunnersaurus 😂😂😂😂 https://t.co/6RJVkzG9dl]]></document>
		<document><![CDATA[Italian handling is a shambles.]]></document>
		<document><![CDATA[@joehudsonsmall now here is an opinion I can get behind.]]></document>
		<document><![CDATA[@chralie technically this is a popular opinion.]]></document>
		<document><![CDATA[@joehudsonsmall this is not an opinion.]]></document>
		<document><![CDATA[@jordanmcsherry imagine if Twitter did the same thing 😂😂😭😭]]></document>
		<document><![CDATA[Here, that Liam Henderson is some player, eh? Future Scottish Cup winner?]]></document>
		<document><![CDATA[I miss the good old days. https://t.co/mEnpb2vYJ8]]></document>
		<document><![CDATA[Started a Football Manager with Leeds and now Stuart Dallas is the best player in the world, and Pontus Jansson is… https://t.co/PrPTifWpeh]]></document>
		<document><![CDATA[@ChrisRWhiting holding you to this xoxox]]></document>
		<document><![CDATA[@ChrisRWhiting obv Ulloa is the clear answer.]]></document>
		<document><![CDATA[@joehudsonsmall it's on twitter now, bugger audience than the Louvre]]></document>
		<document><![CDATA[Scotland for the #6nations]]></document>
		<document><![CDATA[What a result that is! 💙💙💙]]></document>
		<document><![CDATA[@JackMorrison94 I was tempted, then thought better of it 😂]]></document>
		<document><![CDATA[@lettertodaddy Ireland playing really slowly, we look comfortable defensively!]]></document>
		<document><![CDATA[A foul is a foul, regardless of whether you go for the ball or the man.]]></document>
		<document><![CDATA[He fucking clothes lined Bellerin.]]></document>
		<document><![CDATA[Ludicrous excuse for 'punditry'.]]></document>
		<document><![CDATA[Can I take out someone, break both of their legs at knee height and finish their career as long as I've got 'eyes for the ball' then?]]></document>
		<document><![CDATA[Apparently it's fine e to elbow someone in the face as long as 'you've got eyes for the ball'. What a fucking joke.]]></document>
		<document><![CDATA[Cannot believe that stood.]]></document>
		<document><![CDATA[Honestly though, how the fuck does Bellerin not get a foul there. HE'S BEEN ELBOWED IN THE FUCKING FACE.]]></document>
		<document><![CDATA[@chralie fuck off]]></document>
		<document><![CDATA[We've lost.]]></document>
		<document><![CDATA[Along is lucky to be on the pitch, let alone have a goal. Fucking disgusting.]]></document>
		<document><![CDATA[Chelsea fucking cheating yet again. Bellerin taking an elbow to the face, and no foul?]]></document>
		<document><![CDATA[I'm not even remotely tired.]]></document>
		<document><![CDATA[@alexsau1991 fantastic choice of gif.]]></document>
		<document><![CDATA[BTW, the Cure are fucking quality. Bangers. 🎶🎶]]></document>
		<document><![CDATA[Leeds on Sunday 🐝🐝🐝]]></document>
		<document><![CDATA[And HRC is the one run by Wall Street? 

Trump to order review that could relax Dodd-Frank bank rules - https://t.co/nYehhoFzDQ]]></document>
		<document><![CDATA[@BenAntJohnson can we just magic Santi fit again? I miss him.]]></document>
		<document><![CDATA[@lettertodaddy Listening to @DearEvanHansen. Turns out @nathggns was right and I shouldn't be doing this bc it makes you cry.]]></document>
		<document><![CDATA[@nathggns might have to wait until tomorrow then. I can't have 2 nights in a row]]></document>
		<document><![CDATA[@dvdbrsbn96 I must admit, I'm not sure I do either. But God, that was a fun night.]]></document>
		<document><![CDATA[@LaurenSparkles_ that looks incredible and I can't wait. Would kill for them to play Wake Me Up though]]></document>
		<document><![CDATA[@Jack_HughesUK @politicallynate I'm not watching, thankfully by the sounds of it.]]></document>
		<document><![CDATA[@politicallynate just a standard QT then]]></document>
		<document><![CDATA[@mrt95_ England was a different story for both Lampard and Gerrard, neither were overly fantastic.]]></document>
		<document><![CDATA[@mrt95_ I always thought he was the driving force in most big games for Liverpool. Gerrard final, Olympiakos, Istanbul. Amongst others.]]></document>
		<document><![CDATA[@Jack_HughesUK @ChrisRWhiting if I was playing in a cup final, I'd rather have Gerrard though.]]></document>
		<document><![CDATA[@ChrisRWhiting both were absolutely excellent football players though. Outstanding.]]></document>
	</documents>
</author>