<author lang="en">
	<documents>
		<document><![CDATA[ma room is sooo cold the night🙁]]></document>
		<document><![CDATA[@emmadallawayx @erindrummondxx exactly what am hinkin dallaway]]></document>
		<document><![CDATA[@emmadallawayx @erindrummondxx or a jacks chippy ?]]></document>
		<document><![CDATA[@emmadallawayx omg wanty order one when istanbuls open]]></document>
		<document><![CDATA[callum milligan buys his likes on insta pass it on]]></document>
		<document><![CDATA[@emmadallawayx fuckin puttin ma foot doon]]></document>
		<document><![CDATA[kindy wish a went oot tonight but kindy glad to be in bed]]></document>
		<document><![CDATA[@erindrummondxx canny get rid eh u]]></document>
		<document><![CDATA[a need somecunt to spoon me am so fragile]]></document>
		<document><![CDATA[@JahredGunn @emmadallawayx that patter is reekin]]></document>
		<document><![CDATA[@emmadallawayx right too far]]></document>
		<document><![CDATA[a long drive home from dunblane is no what ur wantin when ur hinging]]></document>
		<document><![CDATA[@JahredGunn just tryin to be u hun]]></document>
		<document><![CDATA[every single time a tell ma hairdresser to take a tiny bit aff n every single time a get a fuckin baldy]]></document>
		<document><![CDATA[@EllieBrannanX my one and only]]></document>
		<document><![CDATA[[Valentine] @sophiebeatonxx's Valentine should be @EllieBrannanX! Who should be yours?
via https://t.co/tSQregXnWt https://t.co/oVr7yAuTsn]]></document>
		<document><![CDATA[am so unbelievably tired the day😢]]></document>
		<document><![CDATA[@emmadallawayx so fun, fs sick eh raymond n big E makin a mess of ma sheets]]></document>
		<document><![CDATA[so depressin leaving ma pals to go to work whilst they're still sleepin🙁]]></document>
		<document><![CDATA[@EllieBrannanX boys will b boys]]></document>
		<document><![CDATA[na how am a no sleepin yet]]></document>
		<document><![CDATA[so buzzin to have the house to masel for a couple eh days💆🏼]]></document>
		<document><![CDATA[@erindrummondxx shitebag if u dae tag them]]></document>
		<document><![CDATA[dae think this morning could get any worse min]]></document>
		<document><![CDATA[@erindrummondxx right fuck up ma kitchens no getting fitted till the morn]]></document>
		<document><![CDATA[@nicoleboylannn happy bday! finally 18💃🏼 Xx]]></document>
		<document><![CDATA[na am so so skint a wish pay day would hurry up😩😩]]></document>
		<document><![CDATA[aww why am a still awake💤]]></document>
		<document><![CDATA[@sarahmutch_ aye a thought that😂]]></document>
		<document><![CDATA[@erindrummondxx 'wanty go see them' u say listening to morning glory]]></document>
		<document><![CDATA[just heard big E ask emma if shes game for gon to see oasis.....]]></document>
		<document><![CDATA[split is defo up there wi one eh the best films av seen]]></document>
		<document><![CDATA[actually canny wait to get rid eh ma blackbox]]></document>
		<document><![CDATA[actual hink ad be loaded if a had a pound for everytime a wanted to punch fk oot bigE]]></document>
		<document><![CDATA[@erindrummondxx shut ur puss, feelins mutual specky cow]]></document>
		<document><![CDATA[nuhn winds me up mare than ignorant as fuck drivers]]></document>
		<document><![CDATA[finished aw ma work for the day already so noo am staring at a screen for 5 n a half hours😀]]></document>
		<document><![CDATA[@ZoeSmith_ happens to the best of us]]></document>
		<document><![CDATA[@ZoeSmith_ am pishing a just saw u on their fb😂]]></document>
		<document><![CDATA[na am proper craving a boneless banquet for one😩😩😩]]></document>
		<document><![CDATA[so buzzing for a chilled weekend wi ma pals]]></document>
		<document><![CDATA[ca believe its monday the morn already💤]]></document>
		<document><![CDATA[@_kaitlynogg @Ryan_McDougall9 u guys melt my heart]]></document>
		<document><![CDATA[@emmadallawayx auntie of the year]]></document>
		<document><![CDATA[@emmadallawayx @erindrummondxx fuck up fat heed]]></document>
		<document><![CDATA[@erindrummondxx having quite a shite sunday tbh]]></document>
		<document><![CDATA[@RebeccaSyme2 hink am comin]]></document>
		<document><![CDATA[@Ryan_McDougall9 brannies first of course]]></document>
		<document><![CDATA[forgot how ged noel gallagher is😍]]></document>
		<document><![CDATA[a actual love nights in wi ma pals💗]]></document>
		<document><![CDATA[what a time to wake up at💤💤]]></document>
		<document><![CDATA[@JahredGunn young dumb and living off mum]]></document>
		<document><![CDATA[genuinely nae clue what am even dane wi ma life, winging it x]]></document>
		<document><![CDATA[@erindrummondxx fuck up fat heed]]></document>
		<document><![CDATA[na hows it even possible to park ur car on top of another car😂😭]]></document>
		<document><![CDATA[feel like av done abt 10 rounds wi mike tyson, whole bodys sare🙁]]></document>
		<document><![CDATA[patchy tan geez me the fear😷]]></document>
		<document><![CDATA[@Ryan_McDougall9 @EllieBrannanX hahaha she spewed up a bit turnip on her leg]]></document>
		<document><![CDATA[sunday feels https://t.co/FxOj3GYdDM]]></document>
		<document><![CDATA[ma pals left mine 2 mins ago n am so bored already, hate ma own company]]></document>
		<document><![CDATA[sad how excited a get for sunday snugs wi ma pals]]></document>
		<document><![CDATA[got so much to dae but cba moving from ma bed💤]]></document>
		<document><![CDATA[@emmadallawayx second that]]></document>
		<document><![CDATA[pure awkward when a lassies getting pumped in a film n ur da walks in]]></document>
		<document><![CDATA[@RebeccaSyme2 aye well she should see the state eh ur life]]></document>
		<document><![CDATA[ca wait to jump straight back into bed when a finish]]></document>
		<document><![CDATA[the fact some people are pre drinking right now n am bedded is depressing💤]]></document>
		<document><![CDATA[nae better feeling than a full tank]]></document>
		<document><![CDATA[na am so jealous eh anyone whos still in bed]]></document>
		<document><![CDATA[genuinely wanty greet at the thought of work the morn]]></document>
		<document><![CDATA[emmas punting onsies for £2 n some christmas presents so she can afford brannies this weekend]]></document>
		<document><![CDATA[ma sleeping pattern is so fucked]]></document>
		<document><![CDATA[@emmadallawayx too far cow]]></document>
		<document><![CDATA[can already tell this years go be utter shite compared to last year]]></document>
		<document><![CDATA[canny see me sleeping anytime soon💤]]></document>
		<document><![CDATA[@emmadallawayx @erindrummondxx on it]]></document>
		<document><![CDATA[fkn hate ma life]]></document>
		<document><![CDATA[@erindrummondxx paid for ur last 2 nights oot so may as well make it a third]]></document>
		<document><![CDATA[@erindrummondxx monday sesh ?]]></document>
		<document><![CDATA[@jahredg @emmadallawayx one final hit]]></document>
		<document><![CDATA[@emmadallawayx plot twist it was gary glitter]]></document>
		<document><![CDATA[cuttin shapes to i will survive wi the brannans isny how a expected to spend nye]]></document>
		<document><![CDATA[when u realise ur tweets no getting 100 rts https://t.co/isVvNAWYiw]]></document>
		<document><![CDATA[so so buzzing for tonight💃🏼]]></document>
		<document><![CDATA['a feel so proud eh masel cos a have the sexiest boy pals ever' nae bor big E]]></document>
		<document><![CDATA[cannot wait to spend new year in glasgow wi the best people🤗]]></document>
		<document><![CDATA[@erindrummondxx @KayleighBrownnX nae wonder if you've sat in ur bed aw day lazy cow]]></document>
		<document><![CDATA[@KayleighBrownnX @erindrummondxx who needs a gran]]></document>
		<document><![CDATA[@KayleighBrownnX @erindrummondxx shes shat oot again🙂]]></document>
		<document><![CDATA[@erindrummondxx @KayleighBrownnX u actual coming? av even offered to fkn pay just get oot ur bed n get ready]]></document>
		<document><![CDATA[@KayleighBrownnX if she doesny am leavin her in 2016]]></document>
		<document><![CDATA[@KayleighBrownnX aye aken noo shes a pure gran🤔]]></document>
		<document><![CDATA[@KayleighBrownnX a convinced her to come but the boring cunt shat oot]]></document>
		<document><![CDATA[@KayleighBrownnX a think so are u?]]></document>
		<document><![CDATA[a need new pals aw mine r boring]]></document>
		<document><![CDATA[kittys thursday sounds so ged🙁]]></document>
		<document><![CDATA[fucked it]]></document>
		<document><![CDATA[@erindrummondxx slim chance eh u becoming a dj wi a hnd in painting am afraid]]></document>
		<document><![CDATA[feel like shite n ma back is in bits, heavy cba wi work😩]]></document>
		<document><![CDATA[ibiza was ages ago n ad still dae anyhing to be back😢]]></document>
	</documents>
</author>