<author lang="en">
	<documents>
		<document><![CDATA[.@concern office in NYC asks Americans to “remember our defining American values and welcome refugees from all coun… https://t.co/KxRNmKcaWB]]></document>
		<document><![CDATA[@jesskellynt was that caused by the rain covered glasses?!]]></document>
		<document><![CDATA[@MichaelMoriarty Michael … interesting thread following your own posts yesterday morning https://t.co/11bk7HjxxE]]></document>
		<document><![CDATA[At $346k. Probably not a sensible thing to say to the former WH Dir of Public Engagement with 311,000 twitter follo… https://t.co/mLZVQ0omEY]]></document>
		<document><![CDATA[Valarie Lewis from @Irish_Aid quotes @StephenKing at launch of #8020book: you must not come likely to the page!]]></document>
		<document><![CDATA[#8020book helps us to keep asking and debating the question: why do we need development education? https://t.co/nIXeISkHiQ]]></document>
		<document><![CDATA[#8020book has to be in every library and on every teachers desk. There are now 150,000 copies out there. Each has c… https://t.co/5lAiWaTPQ0]]></document>
		<document><![CDATA[.@aidwkr on #8020book - it offers the proof that aid does matter and aid does work. https://t.co/a37LXiekho]]></document>
		<document><![CDATA[@davidcochrane *Meath* rather than Meah. Only knee was meah.]]></document>
		<document><![CDATA[@davidcochrane old Meah Hospital on Heytesbury St - https://t.co/WXacNBmDNf -used it for first time a few wks ago and they fixed dodgy knee!]]></document>
		<document><![CDATA[@gavreilly and 1k for each follower.]]></document>
		<document><![CDATA[@GarHef just found myself getting annoyed. Not sure if it’s the people I follow on twitter or what’s actually going on.]]></document>
		<document><![CDATA[.@AClaytonChange … trust isn’t the key issue. It’s delivery. If you can point to success, people will support you.

#Catalyst17]]></document>
		<document><![CDATA[.@privacypeeks: do 2 things

1. Identify what info you have AND why
2. Recognise this as an org-wide issue

#Catalyst17 h/t @PallasDiarmaid]]></document>
		<document><![CDATA[Ultimate indicator of success? When you shut the charity down because you achieved your goal. @AClaytonChange #Catalyst17]]></document>
		<document><![CDATA[1. Connect
2. Meet the need
3. Try something (anything!)

@Leadershipfreak at #Catalyst17]]></document>
		<document><![CDATA[Give power to cross functional teams. And have decision makers in decision making meetings. Good sense from Dan Roc… https://t.co/CmcJe1VmT6]]></document>
		<document><![CDATA[What’s the impact of Brexit on data protection? Will charities within EU be able to use U.K. Data services? #Catalyst17]]></document>
		<document><![CDATA[.@privacypeeks the rules … #Catalyst17 https://t.co/tQgWrAuZSP]]></document>
		<document><![CDATA[.@privacypeeks … charities privacy statements needs to be clear &amp; honest about what you intend to do with the data. #Catalyst17]]></document>
		<document><![CDATA[Linda NiChualladh at #Catalyst17. She reads privacy policies for fun &amp; is passionate about data protection. A remar… https://t.co/tubavVLdK6]]></document>
		<document><![CDATA[Great organisations don’t focus on credible but the incredible. No child born to die. Full stop. No one face cancer alone - #Catalyst17]]></document>
		<document><![CDATA[Most successful organisations? When the entire operation we’re proud &amp; supportive of fundraising op - Alan Clayton… https://t.co/3D8z1fTvwX]]></document>
		<document><![CDATA[We are the change makers. @lucymasterson at #Catalyst17 @CiiTweets https://t.co/cxpNT8O8gU]]></document>
		<document><![CDATA[@richardosman and my sister is anti-to-my-children]]></document>
		<document><![CDATA[@GarHef terrifying, isnt it]]></document>
		<document><![CDATA[@GarHef And there was me thinking it was all done with powdered eggs and nylon stockings!]]></document>
		<document><![CDATA[@PatONeillCEO I think Harris’ wins were in the  50s. Not sure about video. There’s a statue of Harris playing racquets at the Pollock Holes.]]></document>
		<document><![CDATA[@PatONeillCEO there’s annual rackets competitions for different ages. One previous winner was actor Dickie Harris]]></document>
		<document><![CDATA[@PatONeillCEO that’s for the (mainly summer) rackets game - two or four players, tennis racquets, tennis ball. Court marked on sand 1/2]]></document>
		<document><![CDATA[@jenoconnell there’s a @YouTube for kids app now … appears to only have verified videos]]></document>
		<document><![CDATA[@jenoconnell you need to be careful of some of the shows which have offensive voiceovers dropped into the middle of shows too @YouTube]]></document>
		<document><![CDATA[@bgaughan @staffwhyte @colm_dolan @ambroseduffy @Powerjh @evannac I’m still principled enough not to include thugs.]]></document>
		<document><![CDATA[Sensible words on teaching children the value of money; saving; philanthropy and responsible spending.

https://t.co/jUeH3TAtJn]]></document>
		<document><![CDATA[Call for SORP to be obligatory for Irish charities https://t.co/Xnm9evc3UY @CiiTweets]]></document>
		<document><![CDATA[@MikeHogan4FM my most common twitter activity: tweet; spellcheck; spot typo; delete tweet; resent. Repeat as required.]]></document>
		<document><![CDATA[@MikeHogan4FM Did you mean @mikeGoganradio or should it be @mikeHoganradio …]]></document>
		<document><![CDATA[Chuck Feeney is what Donald Trump would be, if he lived his entire existence backward.

https://t.co/NzxBkVDp2P]]></document>
		<document><![CDATA[@evannac Christ is being a member of Labour Women the 21st century equivalent of smoking???? Happy Nollaig na mBan!]]></document>
		<document><![CDATA[@evannac Is that an ashtray on the table?]]></document>
		<document><![CDATA[@AJaClay We are, except when it comes to weather. And snakes. We don't do either of those.]]></document>
		<document><![CDATA[@AJaClay try Dublin ... 3-5 mm is a state of emergency]]></document>
		<document><![CDATA[@sgelliott @trshsk Gavin … it’s spelt Tyrrelstown. Two r’s, one L. Thanks.]]></document>
		<document><![CDATA[@bgaughan @staffwhyte watch now … we’ll loose the next five]]></document>
		<document><![CDATA[@GarHef greatly appreciated. It gives some spice to the title race. If Chelsea won, they would have been out of sight]]></document>
		<document><![CDATA[@staffwhyte @bgaughan wow. Actually impressive result. Thrilled to trip up Chelsea - they’ll still win the league - and go above Arsenal]]></document>
		<document><![CDATA[@staffwhyte @bgaughan actually, I’ve just realised you used the word ‘wowser’.]]></document>
		<document><![CDATA[@GarHef as long as Chelsea don’t do what you guys did last night!]]></document>
		<document><![CDATA[@staffwhyte @bgaughan that’s what Bournemouth said last night …]]></document>
		<document><![CDATA[@staffwhyte @bgaughan na … he wants spurs to win. It’s the only hope to stop Chelsea completely running away with the league. My bet? 1-1.]]></document>
		<document><![CDATA[Incredible story of achievements. Fantastic to read. https://t.co/M2rRaRHOgZ]]></document>
		<document><![CDATA[@GarHef Phenomenal game. Makes the league very tight with 'Pool and yourselves both drawing. We can do everyone a favour by beating Chelsea!]]></document>
		<document><![CDATA[@staffwhyte and spurs won that game less they played (4-1 on Sunday) … so actually finished 2nd]]></document>
		<document><![CDATA[@GarHef wonderfully taken. As much as it upsets me to say it. All I can hope for is it finishes this way to inflict maximum morale damage!]]></document>
		<document><![CDATA[@GarHef The irony is that you'll be cheering on Spurs tomorrow - even though a win could put us ahead of you]]></document>
		<document><![CDATA[@GarHef Hadn't realised you were an Arsenal supporter. As a Spurs fan, I feel obliged to share the table below... A… https://t.co/inU4hQmEgV]]></document>
		<document><![CDATA[A considered position from @MichaelMoriarty on @HSHIreland, @Charities_Reg &amp; the complexities of addressing homeles… https://t.co/VU7EK0ynHR]]></document>
		<document><![CDATA[@ghd Hi - when is your customer service reopened? Sent an email on Dec 27, got an automated response on Dec 28, no answer on yr phone]]></document>
		<document><![CDATA[Perfect day for the Bray Greystones walk with @mcordix and crew https://t.co/jpq5VCN31F]]></document>
		<document><![CDATA[@bgaughan I’ve no doubt. But it’s an interesting table!]]></document>
		<document><![CDATA[@bgaughan Happy New Year! https://t.co/IyRaOnkCHT]]></document>
		<document><![CDATA[@MichaelMoriarty media and popular response are as biased and subjective as the state. Surely there’s a third way?]]></document>
		<document><![CDATA[@MichaelMoriarty happy new year to you &amp; yours too!]]></document>
		<document><![CDATA[@MichaelMoriarty would a rewards system ‘by the people, for the people’ be worthwhile? I think there’s a good debate to be had.]]></document>
		<document><![CDATA[@MichaelMoriarty agreed when it’s rewarding establishment only. But what about recognising genuine heroes? Community activists? Rebels?]]></document>
		<document><![CDATA[@TheOriginalMump @Tuppennce @oneilldixon Paddy Casey … and his daughter. https://t.co/O88byIyfvJ]]></document>
		<document><![CDATA[@KathyFoley  ... it was the HQ of Jewish Clothing Workers Union and, prior to that, the Camden St Synagogue in 1890s. Fascinating st!! 2/2]]></document>
		<document><![CDATA[@KathyFoley. Also might be of interest -  52 Camden St (also part of Concern office) is commemorated by a plaque as 1/2]]></document>
		<document><![CDATA[@KathyFoley O'Sullivan Graphics building on Grantham St. Concern bought 52-55 Camden St in 1994 (moving from 1 Upper Camden St).]]></document>
		<document><![CDATA[@KathyFoley Demolished in the 60s + became a Jaguar car showroom (with the car workshop in the old  1/2]]></document>
		<document><![CDATA[Incredible achievement. Millions raised. Countless good deeds made possible. Huge congrats to all involved &amp; thanks… https://t.co/wDAT8e3hGH]]></document>
		<document><![CDATA[@MCommane Michael - you mistyped your URL in that tweet. Hope all is good.]]></document>
		<document><![CDATA[@aidstace went back up to Porterstown. Did two miles to compensate for excesses!]]></document>
		<document><![CDATA[@aidstace course we turned up 24 hrs early for the Goal mile. Normally do it in Phoenix Park but went to Porterstown this yr. sigh.]]></document>
		<document><![CDATA[@TheOriginalMump @oneilldixon visit @rhodri. Pix of Christmas sleeping arrangements for occasional visitors. Absolutely brilliant]]></document>
		<document><![CDATA[@gavreilly Red. Christmas can recommence.]]></document>
		<document><![CDATA[@darraghdoyle and screwdriver B work properly with screw F after a couple of glasses of Baileys.]]></document>
		<document><![CDATA[@UnaMcCaffrey *the* Rudolph, surely. @rtenews]]></document>
		<document><![CDATA[In today's @Independent_ie, @aidwkr reflects on a year in which volunteerism lost two critical advocates

https://t.co/aN7A3XrNjn]]></document>
		<document><![CDATA[@stuartemcl who claim to have a public engagement programme reaching ‘000s]]></document>
		<document><![CDATA[@roakleyIRL Thought it was a scam but think its all sorted now.]]></document>
		<document><![CDATA[@roakleyIRL Got an email from 'Jack Britton' threatening legal action if I didn't make payment for outstanding fees ... 1/2]]></document>
		<document><![CDATA[Has @thetimesIE or @thetimes email been hacked? Just got an email from someone who the Times UK switchboard says doesn't exist.]]></document>
		<document><![CDATA[‘She was our mother too’. 

Obituary of @concern founder Kay O’Loughlin Kennedy in today’s @IrishTimes 

https://t.co/8rlr31uL78]]></document>
		<document><![CDATA[@925PhoenixFM please spell it correctly. It’s Tyrresltown.]]></document>
		<document><![CDATA[@olivercallan Oliver - any chance you could follow me for a DM. Cheers.]]></document>
		<document><![CDATA[@davidcochrane @IrishTimes anything for us digital subscribers?!]]></document>
		<document><![CDATA[Great to see the @CiiTweets JobDesk live! Critical for the entire sector. First job is for @ask_direct #jobfairy https://t.co/Vgj7wQuDgz]]></document>
		<document><![CDATA[@MsFrugalone they did. But I’ve got to explain to my daughters that some believe those opinions are not only appropriate but contemporary!]]></document>
		<document><![CDATA[@MsFrugalone That cannot be serious.]]></document>
		<document><![CDATA[@AJaClay be strong!]]></document>
		<document><![CDATA[@gary_wildman @YouTube for the record, it’s spelt Tyrrelstown. Two Rs, one L]]></document>
		<document><![CDATA[@TomLyonsBiz for the record, it’s spelt Tyrrelstown … two Rs, one L. @fearghaloc @sundaybusiness @nytimes]]></document>
		<document><![CDATA[What a wonderful group of awardees. https://t.co/cjSYL3Yjyc]]></document>
		<document><![CDATA[@jonnyfallon well you’ve written a book or two that I enjoyed, so that counts! @Concern @ConcernDebates @concernactive @StMels]]></document>
		<document><![CDATA[Have you seen that the famed @jonnyfallon was once a @concern debater? @ConcernDebates @concernactive https://t.co/v5ptFkmvbV]]></document>
		<document><![CDATA[@aliceeire hi … just for the record, it’s spelt Tyrrelstown (written as a resident!)]]></document>
		<document><![CDATA[@ballsdotie Highlights here https://t.co/hLDwwKdIIF]]></document>
		<document><![CDATA[@RTEOne the ads promoting TV shows in the #LateLateToyShow  really should be child appropriate.]]></document>
		<document><![CDATA[Looking forward to catching up with @clairehanna and the rest next week! https://t.co/pUTDHjXvDn]]></document>
	</documents>
</author>