<author lang="en">
	<documents>
		<document><![CDATA[@BooBooPanduh @pandafreakAk Oh boy!! Yay for ChiChi!!!]]></document>
		<document><![CDATA[FIONA IS ROCKIN' IT!!! ❤❤❤
@CincinnatiZoo 

https://t.co/laJh8TepJr]]></document>
		<document><![CDATA[Hey @CincinnatiZoo ! Bei Bei Panda here. I love Fiona! Panda power &amp; hippo power = LOVE!! ❤❤❤

Photo by @mrichon (A… https://t.co/JnsKIDa3Jx]]></document>
		<document><![CDATA[@Marcelopachecop @BeccaInBalt @pinkypanda0823 @MommyMei98 It was a lot of food to digest.]]></document>
		<document><![CDATA[@pinkypanda0823 @MommyMei98 Mommee @MommyMei98 is the best treat helper!!]]></document>
		<document><![CDATA[Our sweetly FIONA took her first steps!!❤❤❤❤

https://t.co/mlrVWa6KwF]]></document>
		<document><![CDATA[@kilmouski85 @tiantianpanda97 Hoping for a good game! I like the Falcons.]]></document>
		<document><![CDATA[FIONA update from @CincinnatiZoo with a vid!! ❤❤❤

https://t.co/gxnmNOuzDp]]></document>
		<document><![CDATA[@AnnMarieLA1 Eatin' &amp; sleepin']]></document>
		<document><![CDATA[@VaPriestess @hrcwashingtondc You guys rock! (Oh, wait. I guess you know that.) Oh well...heehee! Thankies!]]></document>
		<document><![CDATA[@JoyHinnant Keepers are watching all da time, and I have a zoo doc.]]></document>
		<document><![CDATA[@hrcwashingtondc Are these available online or only in DC? Followers are asking! Thankies!]]></document>
		<document><![CDATA[The cutie Lunettes!! ❤❤❤ https://t.co/F3ZEwYjIrt]]></document>
		<document><![CDATA[@787Group @CincinnatiZoo Thankies, friend!!]]></document>
		<document><![CDATA[@griffinlisa985 That's my Zissy! So pretty!]]></document>
		<document><![CDATA[@CincinnatiZoo Please tell Fiona love from me, Bao Bao and all pandas! We are rooting for her so much!!]]></document>
		<document><![CDATA[Send love to Fiona!! https://t.co/0KovPQfekv]]></document>
		<document><![CDATA[@hrcwashingtondc It's beary cute!! Thank you!]]></document>
		<document><![CDATA[Check out this special pin!! https://t.co/CMHPKMcT0m]]></document>
		<document><![CDATA[@k_hall13 @cukilcline My ears are also pretty popular!!]]></document>
		<document><![CDATA[@cukilcline Hoomans like my roundy face!!]]></document>
		<document><![CDATA[@tkl277iztha1 Happy bearday!! ❤🐼❤🐼]]></document>
		<document><![CDATA[@hrcwashingtondc Rumor is you have a Bao Bao pin??]]></document>
		<document><![CDATA[I mean, Zissy's art installations!!! @pinkypanda0823 @BaoBaoPanda https://t.co/tvXWcfVkbc]]></document>
		<document><![CDATA[@SeeSwee6 Soon. No date announced by zoo, but I am guessing late February.]]></document>
		<document><![CDATA[@jjmedusa My buddy Phil just rendered his decision! Phil is a cool dude.]]></document>
		<document><![CDATA[Paw-tay at my place, friend! Happy to know you are safe. https://t.co/5oLQHfKHXY]]></document>
		<document><![CDATA[@Lynda_Pejic That's it! All 5: Petition, Assembly, Speech, Press, Religion.]]></document>
		<document><![CDATA[Oh, Auntie Sally!! *blush* https://t.co/zPSCMSFxnY]]></document>
		<document><![CDATA[@dmartosko You guys are going to need to do a lot better than this. Hope your paycheck is worth it.]]></document>
		<document><![CDATA[Little known fact: Pandas are BEARY good at petition and assembly. Who knows the other 3 Freedoms of the First Amendment??]]></document>
		<document><![CDATA[Bubba says: Our next Presydent will be a woman and -- wait for it -- a panda. From China. #PinkyForPresydent @pinkypanda0823 @PandaChronicle]]></document>
		<document><![CDATA[Attention must be paid! 
PLEASE READ. https://t.co/Od0PPCLBAj]]></document>
		<document><![CDATA[Starting to believe this. https://t.co/AUQYMa0m8t]]></document>
		<document><![CDATA[FREEDOM!! https://t.co/60Njun1fiV]]></document>
		<document><![CDATA[@MissingDCBobcat Unka Rusty had told us so much about the #AdMo scene. Looking forward to your tales!]]></document>
		<document><![CDATA[Momma said there'd be days like this! https://t.co/2bB5gxDZ8d]]></document>
		<document><![CDATA[@JoyHinnant @MommyMei98 Just in the mood to dream, Auntie Joy.]]></document>
		<document><![CDATA[@MissingDCBobcat If you see Sunny the red panda, give a holler!]]></document>
		<document><![CDATA[@pinkypanda0823 Thankies, Zissy!]]></document>
		<document><![CDATA[@pinkypanda0823 Even though Imma little, uhm, extra fluffy??]]></document>
		<document><![CDATA[HONEY CRATE HONEY CRATE HONEEEEEEY CRAAAAATE!!! https://t.co/hmNstsYraD]]></document>
		<document><![CDATA[@tkl277iztha1 @Ai_Mei_Panda @FONZNationalZoo It's Bubbalicious!! Heehee!!]]></document>
		<document><![CDATA[Hello, world!! #DailyDoseofCute https://t.co/1X7Xlkc2eU]]></document>
		<document><![CDATA[@1963Banana @OllieBobcat I'm here for a while!]]></document>
		<document><![CDATA[@PandaChronicle You're already on it!!]]></document>
		<document><![CDATA[@NurseTeriA @amymichelle22 @NationalZoo Ollie is my buddy!!]]></document>
		<document><![CDATA[@CeejayRobb @pinkypanda0823 @tiantianpanda97 @MommyMei98 @LarryMouseAtZoo Hey, buddies!! Sorry I was 💤💤💤💤]]></document>
		<document><![CDATA[@griffinlisa985 Those are some grumpy kitties! Heehee!!]]></document>
		<document><![CDATA[@JoyHinnant @BurgerTapShake @MommyMei98 @BaoBaoPanda @FONZNationalZoo @pinkypanda0823 She's outside so I'm guessing right around a year old?]]></document>
		<document><![CDATA[@pinkypanda0823 @BurgerTapShake My favorite delivery is from @BurgerTapShake (Dad @tiantianpanda97 likes the fries!… https://t.co/9vZ5MNYRRV]]></document>
		<document><![CDATA[@Rainey571 Right??!!]]></document>
		<document><![CDATA[Imma panda. But I beg our followers...be hooman. Life isn't worth being any other way. 
❤❤❤❤❤]]></document>
		<document><![CDATA[Pandas are not good at PR. We don't lie well. Lies are lies to help hoomans gain power and money.]]></document>
		<document><![CDATA[@MommyMei98 Daddee @tiantianpanda97 is on top of it! Don't mess with Dad!!]]></document>
		<document><![CDATA[@MommyMei98 Thankies, Mom.]]></document>
		<document><![CDATA[@jjmedusa I'm so scawed!]]></document>
		<document><![CDATA[@MommyMei98 I'm scawed. I love you @MommyMei98 !!]]></document>
		<document><![CDATA[But Mom dis is so scawy!! These are hoomans with families! https://t.co/gNW9cBU5NH]]></document>
		<document><![CDATA[My family is from China. 
#Scared]]></document>
		<document><![CDATA[Hate gives me indigestion. 
Then I don't digest my boo. 
Do you see where this is going?]]></document>
		<document><![CDATA[It's one thing to bite Mom's ears, but I do so out of love. Pure love. 

Why is love so hard for hoomans?]]></document>
		<document><![CDATA[Chaos not good.]]></document>
		<document><![CDATA[@BaR21RmZ @rogerfederer What a great match!]]></document>
		<document><![CDATA[FOR THE MATCH!!!]]></document>
		<document><![CDATA[@LoveGiantPandas I know you are, Hippo Babe! We are all pulling for you.]]></document>
		<document><![CDATA[@ggadventures She's so cutie!!]]></document>
		<document><![CDATA[Way to go, lovely lady!!! STAND STAAAND STAND!!!! https://t.co/KXK19ky8hR]]></document>
		<document><![CDATA[Happy Chinese New Year!! https://t.co/dLhhTfnpMv]]></document>
		<document><![CDATA[I tweasure my food! https://t.co/zHdtcrDpmi]]></document>
		<document><![CDATA[@BurgerTapShake You're gonna make me cry and Imma big boy! Tissue please!!]]></document>
		<document><![CDATA[@BurgerTapShake @BaoBaoPanda @FONZNationalZoo @tiantianpanda97 @MommyMei98 This is so awesome. Thanks so much, friends.]]></document>
		<document><![CDATA[You guys are da best!! *sniff sniff* https://t.co/BquV05dRGc]]></document>
		<document><![CDATA[@Ai_Mei_Panda @FONZNationalZoo Even I can't tell which end is which -- and I should know!!]]></document>
		<document><![CDATA[Now we're playing a March by Mr. Mozart and @pinkypanda0823 is dancing around in her tutu!! It is something to behold.]]></document>
		<document><![CDATA[@pinkypanda0823 @bjo52 @AgaOszczepalska Mebbe we can get our bison neighbors on the cowbell!!]]></document>
		<document><![CDATA[@AgaOszczepalska He could have used moar cowbell, though. At least that's what Zissy @pinkypanda0823 says.]]></document>
		<document><![CDATA[@AgaOszczepalska He is awesome! I love the clarinet concertos.]]></document>
		<document><![CDATA[Happy birthday Mr. Mozart! Maybe I will sing some of your songs later today. 

Oh, wait...]]></document>
		<document><![CDATA[Yesterday is history 
And it's never coming back!!]]></document>
		<document><![CDATA[You can't stop the world I'm dreaming of!!]]></document>
		<document><![CDATA[The world keeps spinning round and round!]]></document>
		<document><![CDATA[YOU CAN'T STOP THE BEAT!!]]></document>
		<document><![CDATA[You can't stop the avalanche 
As it races round the hill]]></document>
		<document><![CDATA[I thank God cuz I know where I've been!!]]></document>
		<document><![CDATA[Cuz the riches will be plenty
Worth the risks that we pay]]></document>
		<document><![CDATA[There's a road 
We been traveling 
There's a dream in the future 
We have yet to win]]></document>
		<document><![CDATA[NO I DON'T WANNA LIVE WITHOUT 
LOVE LOVE LOVE!!]]></document>
		<document><![CDATA[Without love 
Life's a 45 but you can't buy it!]]></document>
		<document><![CDATA[Without love...
Never set me free!!]]></document>
		<document><![CDATA[You're timeless to me!]]></document>
		<document><![CDATA[Wilbur let's take this upstairs]]></document>
		<document><![CDATA[Poor me a teeny weeny TRIPLE]]></document>
		<document><![CDATA[Fads keep a fading
Castro's invading]]></document>
		<document><![CDATA[My @MommyMei98 was a huge fan of Dick Latessa. RIP]]></document>
		<document><![CDATA[It's time to face equality!!!]]></document>
		<document><![CDATA[Bring on that pecan pie! 
C'mon honey don't be shy!]]></document>
		<document><![CDATA[RUN AND TELL THAT!!]]></document>
		<document><![CDATA[I gotta new way of movin
And I got my own voice 
So how can I help but shout and rejoice!!???]]></document>
		<document><![CDATA[Nah I can't see
The only people 
Who only look at the color of my face]]></document>
	</documents>
</author>