<author lang="en">
	<documents>
		<document><![CDATA[Top example of govt-industry partnership in innovation. Sovereign capability, skilled jobs, operational effect, fut… https://t.co/vop5Fzq31U]]></document>
		<document><![CDATA[If this can be verified as real, it's chilling... https://t.co/kVgc9KCJId]]></document>
		<document><![CDATA[Tell him to bring the 'football' too. It's safer in Canberra than in Washington... https://t.co/NWJxG7kuBi]]></document>
		<document><![CDATA[Is this orange buffoon aware that he is disrespecting one of the US's most enduring and strategically important all… https://t.co/iYUXktTmK6]]></document>
		<document><![CDATA[Just a thought.... (saw this on Black &amp; Deadly FB page and love it) #AustraliaDay #Flag https://t.co/oTTuljN6Dr]]></document>
		<document><![CDATA[For me @EmmanuelMacron &amp; @ramayade would be dream team for #Presidentielle2017 - smart, young yet experienced, &amp; future-facing  #France 🇫🇷]]></document>
		<document><![CDATA[I think we've discovered what @WWE's The Undertaker gets up to when he's not in the ring https://t.co/ksdwV55koP]]></document>
		<document><![CDATA[@DavidLewis31  Is OA short for something?]]></document>
		<document><![CDATA[Absolutely superb albeit pessimistic essay on America, Trump, and the road ahead... https://t.co/iAhe9FExDb]]></document>
		<document><![CDATA[@rovingrob Not heard of either! Will check them out. Thankyou]]></document>
		<document><![CDATA[My last series watched was #Westworld which blew my mind! So something dystopian like that maybe...]]></document>
		<document><![CDATA[@misscathalcorn  ooh I like - I LOVED black swan. I'll check if downloadable via ITunes or other]]></document>
		<document><![CDATA[Seeking recomm'dns on good, intense TV series/season to watch over #AustraliaDay 4-day weekend while travelling. Around 10 episodes ideally.]]></document>
		<document><![CDATA[I thought the women of America and the world did a damn fine job of organising a #NationalDayOfPatriotism of their own accord  #WomensMarch]]></document>
		<document><![CDATA[@australian @MelanieLatest  This is absurdism in the extreme; a gratuitous swipe founded on twisted short-termist 'logic'.]]></document>
		<document><![CDATA[Carter, Nixon &amp; Bush Jnr. must be disappointed. "Second-worst modern day President" just doesn't have the same ring to it... #Inauguration]]></document>
		<document><![CDATA[@SenatorMRoberts So someone sitting in the nation's house of review can't even review an 140 character tweet before putting foot in mouth...]]></document>
		<document><![CDATA[Spot on Tony. Reaction of some politicians has been nothing short of abhorrent. https://t.co/BXhKEjthz5]]></document>
		<document><![CDATA[@OldDaveClarkson  I said block me. There's no time in my Australia, a beautiful pluralistic tolerant place, for wrinkled bigots like you.]]></document>
		<document><![CDATA[@OldDaveClarkson While you're on a blocking spree can you block me too so I never have to see your sickening unAustralian racist shit again?]]></document>
		<document><![CDATA[Surely @TurnbullMalcolm &amp; @billshortenmp can come together on bipartisan censure of @DavidLeyonhjelm disgraceful #melbourneattack response]]></document>
		<document><![CDATA[#InaugurationDay2017 https://t.co/NUHBKLIQNU]]></document>
		<document><![CDATA[@verbaliza   Schrodinger's corgi...]]></document>
		<document><![CDATA[Surely we need some simple symbol of public disquiet at friday's #Inauguration - perhaps blue colour (orange's opposite) and #NotForMe ??]]></document>
		<document><![CDATA[This is fantastic! https://t.co/0298j0lYFL]]></document>
		<document><![CDATA[But... she's OUR Skywhale (and I continue to love her!) https://t.co/3enE0s2Fk5]]></document>
		<document><![CDATA[Saw #ManchesterByTheSea last night - a beautiful, moving film.]]></document>
		<document><![CDATA[@kirstenaiken  News Ltd underwriting of Abbott destabilisation continues. And "do no harm" means far more than minimising household costs.]]></document>
		<document><![CDATA[@Todd_Neal My real fear is not just Trump; it's the dissolution of reason, liberal thought and civility in the electorate that put him there]]></document>
		<document><![CDATA[#Canberra tweeps - friends have had both cars stolen overnight. Please look out for silver Honda CRV or red Subaru Forester with kid seats.]]></document>
		<document><![CDATA[Welcome to Sydney @JordyBuijs23! We can't wait to see you in Sky Blue. Great signing @SydneyFC!]]></document>
		<document><![CDATA[Such a gaping chasm in class between @POTUS visionary farewell speech &amp; @realDonaldTrump's reckless infantile bickering]]></document>
		<document><![CDATA[@laureningram I could not agree more with this.]]></document>
		<document><![CDATA[Woken up early for @SpursOfficial v @ChelseaFC - I think this is going to be a defining match this season. #COYS #TOTCHE]]></document>
		<document><![CDATA[Bravo Simon Hill - perfectly said. https://t.co/2BUnmD7iaR]]></document>
		<document><![CDATA[I could not have managed my jet-lag any worse this time. I swear my body is in its own perverse timezone. #TravelFail]]></document>
		<document><![CDATA[Fittingly I'll be seeing the new year in on a @BoeingAirplanes #777. Happy New Year to all my friends and tweeps.]]></document>
		<document><![CDATA[The cheese I just ate was nothing short of a sexual experience #SaintMarcellin #Lyon #France]]></document>
		<document><![CDATA[In #Sweden for shortest day of the year. Sunset today... 2.48pm!! ❄️🌤]]></document>
		<document><![CDATA[Have downloaded @WestworldHBO Season 1 as my holiday travel fare. 2 episodes in and MIND. FREAKING. BLOWN. Simply incredible #Westworld]]></document>
		<document><![CDATA[Work travel done for the year... just landed from my 122th flight in 2016 😴✈️😴]]></document>
		<document><![CDATA[Every time I see @JankoMarc playing at  #UCL level and think he wanted to stay at @SydneyFC I get a bit morose...]]></document>
		<document><![CDATA[@JohnWren1950  "One more wafer thin mint..."]]></document>
		<document><![CDATA[That buffoon shouldn't be let out of the Parli House pre-school let alone overseas... #auspol https://t.co/lqYrBMpvin]]></document>
		<document><![CDATA[The awesome @garbage at the @HordernPavilion tonight https://t.co/k2xYR4tq0s]]></document>
		<document><![CDATA[@annabelcrabb  make up a benediction and tell them they are now baptised 😇]]></document>
		<document><![CDATA[How in the hell is it already December??]]></document>
		<document><![CDATA[Rest In Peace. Respect and love to your club from the global football family ⚽️💚😢 #ForçaChape https://t.co/wvd4qs14g1]]></document>
		<document><![CDATA[When a band's more minor songs are good enough that they'd be the signature masterpieces for most other groups... #CrowdedHouseLive @ABCTV]]></document>
		<document><![CDATA[@Simon_Cullen They are the balls of all UK pollies who enabled #Brexit populism rather than fighting for a progressive UK role in the world]]></document>
		<document><![CDATA[Congrats @CrowdedHouseHQ for hugely deserved place in @ARIA_Official #HallOfFame. You've given us so much beauty... https://t.co/QAPRuqiNW1]]></document>
		<document><![CDATA[@PeterFlea yep Theo was sensational]]></document>
		<document><![CDATA[Have to say congrats @SydneyFC &amp; @brisbaneroar, that was an absolute cracker @ALeague game #BRIvSYD]]></document>
		<document><![CDATA[He was never shown the first card #BRIvSYD #YellowCardGate]]></document>
		<document><![CDATA[Is it just me or has Simon's distribution over his last couple of appearances been really good quality? I've enjoyed his cameos. #BRIvSYD]]></document>
		<document><![CDATA[Is there a way to stop all the 'while you were away' &amp; 'you might like' feed curating @twitter ? I just want normal chronological feed.]]></document>
		<document><![CDATA[@ImogenDunlevie  Lazy journalism. This piece has been written about whatever fight sport is the order of the day since the dawn of time...]]></document>
		<document><![CDATA[Just as #DavidBowie asked 'what is identity' &amp; 'what is sex' in today's world, so did #LeonardCohen ask 'what is love' &amp; 'what is god'...RIP]]></document>
		<document><![CDATA[@robertkeeley Have one, as well as 2 other of your amazing workstations, on my newly completed board... https://t.co/VMiCXxGIP6]]></document>
		<document><![CDATA[@SenSanders Yes, by constructively evolving &amp; bettering society for all citizens, not by creating one reactionary movement to mirror another]]></document>
		<document><![CDATA[Congratulations on a hard-hitting globally-relevant piece @dailytelegraph #SlowNewsDay https://t.co/y6U2VLBeqn]]></document>
		<document><![CDATA[Yes!!! #COYS #ARSTOT]]></document>
		<document><![CDATA[Come. On. You. Spurs!! #ARSTOT #COYS]]></document>
		<document><![CDATA[Congrats @SydneyFC on a great come-from-behind win! @ALeague https://t.co/59N5ACWMoD]]></document>
		<document><![CDATA[Pumped for @ALeague #BigBlue. @SydneyFC traditional rival will always be @gomvfc. By comparison @wswanderersfc is just our cheeky little bro]]></document>
		<document><![CDATA[@LennaLeprena Love this song &amp; band]]></document>
		<document><![CDATA[Break-eveners are winners... doesn't quite have the same ring to it #MelbourneCup]]></document>
		<document><![CDATA[@laureningram @BacheloretteAU That would be awesome!]]></document>
		<document><![CDATA[Get a salad he said. It will be healthy he said. (Yes they are 3 whole pastry crusted goats cheeses under all that… https://t.co/moAmhUDfIE]]></document>
		<document><![CDATA[@LarkinPoe @ElvisCostello Love that this tour made me discover you guys way back in July in London]]></document>
		<document><![CDATA[My feet are SO sore and my smile is SO wide @RHCPoficialmx #Paris #Bercy https://t.co/zGBw0TdVg1]]></document>
		<document><![CDATA[Red Hot Chilli Peppers. Live in Paris. Like right now!!! https://t.co/SZ4Xo0g9Nd]]></document>
		<document><![CDATA[Rest in Peace Professor Des Ball. A true giant. Thoughts with the @ANU_SDSC extended family.]]></document>
		<document><![CDATA[#SydneyIsSkyBlue 💙
That is all...]]></document>
		<document><![CDATA[@LucyXIV Best drink in the world 🍹]]></document>
		<document><![CDATA[@clairlemon  Yes. Yes. Yes. And risk taking in knowledge creation. And pedagogic outcomes re academics teaching workloads...]]></document>
		<document><![CDATA[@LucyXIV  You're not watching #IFYouAreTheOne instead???]]></document>
		<document><![CDATA[#fav7films 🎬📽

The Piano
Garden State
Mulholland Drive
Black Swan
Aliens
Lost in Translation
American Beauty]]></document>
		<document><![CDATA[@NedZelic Cavani won't leave PSG; now that Ibra is no longer there he gets his time in the sun...]]></document>
		<document><![CDATA[If any of you football tweeps wants to join my @_fantasypremier private league please tell me and I'll DM the code to join]]></document>
		<document><![CDATA[Why is it that you can't be an MP or Senator if you're financially bankrupt but you can be if you're intellectually bankrupt?  #auspol]]></document>
		<document><![CDATA[Thankyou @thecure for an amazing gig Friday at @RodLaverArena https://t.co/xx4yjVWbgX]]></document>
		<document><![CDATA[I lived here 2.5yrs and felt totally safe. But in 48h visiting have seen 2 armed police / bomb squad events. Tension is enormous 😢🇫🇷 #Paris]]></document>
		<document><![CDATA[Happiness is... being on a @Eurostar bound for #Paris]]></document>
		<document><![CDATA[Surely the Constitution has a clause concerning "fit and proper persons" to be Australian senators... #qanda]]></document>
		<document><![CDATA[Congratulations @rachneylan on your selection!]]></document>
		<document><![CDATA[Gear laid out and ready to go for the early hours of tomorrow... #AllezLesBleus #Euro2016Final https://t.co/iDXtAd9RF7]]></document>
		<document><![CDATA[@Craig_Foster @LucyZelic Hi guys love your coverage; are you or @TheWorldGame covering #FRAGER tomorrow morning?]]></document>
		<document><![CDATA[Thanks for a great evening @Nationals https://t.co/neQdmyPc6K]]></document>
		<document><![CDATA[#Wales fans singing 'Land of my Fathers' in unison - brilliant #WALBEL @EURO2016]]></document>
		<document><![CDATA[@tancredipalmeri @MO_Bulhan  Not Italy-France 2000?]]></document>
		<document><![CDATA[This @CA2016 final is more spicy than most MMA fights! #ARGvCHI #CopaAmerica]]></document>
		<document><![CDATA[This bar clearly doesn't want to be accused of bad viewing angles @UEFAEURO #Montreal @3BrasseursCA https://t.co/BfqdwgY8Ph]]></document>
		<document><![CDATA[Seeing @LarkinPoe live reminded me of the first time I saw @TheWaifs years ago (hope you know them!). So much soul, talent &amp; future!]]></document>
		<document><![CDATA[Congratulations @tpignata9 - great work in a bloody hard gig. @SydneyFC is all the better for you being at the helm.]]></document>
		<document><![CDATA[Surely @FIFAcom must take the @FIFAWorldCup away from @official_rfs if the scenes from #Marseille continue... @EURO2016]]></document>
		<document><![CDATA[@rawprawn25 no need to apologise - you didn't know. I was 121 r45]]></document>
		<document><![CDATA[@rawprawn25 You must have been sitting very close to me!]]></document>
		<document><![CDATA[Is there any risk that the  @Socceroos game at @ANZStadium may be cancelled tonight? The weather in Sydney is crazy at the moment.]]></document>
		<document><![CDATA[Great half of football from @Socceroos. Better midfield by far #ENGvAUS]]></document>
	</documents>
</author>