<author lang="en">
	<documents>
		<document><![CDATA[Once my workout is done I consider the day over, like that was my effort for the day you'll find me in my bed, Mollie out 👋🏻]]></document>
		<document><![CDATA[21 days no drinking was more than enough, the beer belly returns and it's here to stay 🍻🍺🍻]]></document>
		<document><![CDATA[@graceellenrah new year, who dis?]]></document>
		<document><![CDATA[Opening up safari and seeing your last search was 'is Tom Jones black' - he's not incase you were wondering, I was shocked too]]></document>
		<document><![CDATA[@j_crawley85 😵😭😭 Jesus has come again, call the midwife]]></document>
		<document><![CDATA[Just want hugs and nugs - is that too much to ask for?]]></document>
		<document><![CDATA[when the fridge contains nothing but alcohol and alcohol flavoured snacks, you know you're doing bank holiday right #NottingHillCarnival]]></document>
		<document><![CDATA[Wishing I was having more cuddles with this selfie obsessed, carefree little cutie right about now 💜 https://t.co/weVqhcbgE6]]></document>
		<document><![CDATA[When tiredness and clumsyness combine resulting in a spilled cup of tea and literal tears over spilt milk - get your shit together MC]]></document>
		<document><![CDATA[Having to listen to someone eat a banana has to be one of life's greatest tortures 😷]]></document>
		<document><![CDATA['Oi babe, if we were on Love Island I would couple up with you in a second'- can always rely on South London youths for a confidence boost]]></document>
		<document><![CDATA[Finishing this exam period and feeling 0 relief, just overwhelming dread 🙃🙃🙃]]></document>
		<document><![CDATA[Is it acceptable to buy myself flowers? I think so - I mean, I appreciate me? I should let me know more often]]></document>
		<document><![CDATA[Our resident squirrel has such expensive taste; first a stolen avocado and now Ferrero Rocher? Fuck nuts, he's had a taste of the good life]]></document>
		<document><![CDATA[I wish I was as dedicated to these assignments as I am to my quads]]></document>
		<document><![CDATA[Might push the boat out and buy some chicken this week - I know right big spender, need to calm down, absolute baller]]></document>
		<document><![CDATA[11pm Saturday night - when the real questions get asked @j_crawley85 https://t.co/RBP1ChYXy6]]></document>
		<document><![CDATA[New weight loss technique - place biscuit jar behind boiling kettle and give self second degree burn to deter 🙃👏🏻]]></document>
		<document><![CDATA[@j_crawley85 I'll be sure to appreciate the extra pennies put into it while I watch House for the 3rd time 🙃]]></document>
		<document><![CDATA[Considering I've only flown twice before, I am seriously getting the hang of this airport malarkey (but I may have started off in arrivals)]]></document>
		<document><![CDATA[@graceellenrah we'll have so much mate-dating to catch up on when I get back, see you on the other side! 😘👭]]></document>
		<document><![CDATA[Just checked in for my 7am flight, I can no longer be laid back and in denial about flying to Africa for a month 🙈✈️]]></document>
		<document><![CDATA[Left my backless body at home and mums just sent me a snap of her in it with the caption 'thanks for the new top' - you little slut Barbara]]></document>
		<document><![CDATA[Post-Easter reduced price chocolate eggs, I'm coming for you and I'm coming for you hard 👏🏻🍫🐣]]></document>
		<document><![CDATA[Ransacking the kitchen before I go back to uni - 'you don't need this wine right mum? Too many calories, I'm saving you from yourself']]></document>
		<document><![CDATA['You can't possibly eat all that Sunday dinner' https://t.co/BI4fhniuxj]]></document>
		<document><![CDATA[Regardless of the acronym, I've managed to convince Babs the HIIT class we're going to is like Pilates - she'll thank me later]]></document>
		<document><![CDATA[The weather seriously dictates my mood]]></document>
		<document><![CDATA[I'm having a mid-uni course crisis. Help.]]></document>
		<document><![CDATA[When you're cleaning the taxi at 2am with soap and water to avoid that £80 vomit charge @graceellenrah 😂👌🏻 https://t.co/2h80ulVUUz]]></document>
		<document><![CDATA[Seriously psyching myself up for spin class - last time the PT took the seat off my bike, like is that even legal? #quadsonfire]]></document>
		<document><![CDATA[When you walk 45 mins to a morning lecture, the last lecture before Easter, and the lecturer doesn't turn up 🙃🙂🙃 thanks m8. Bangin.]]></document>
		<document><![CDATA[Winner of best pub quiz team name last night - 'How do you solve a drug problem like Maria?']]></document>
		<document><![CDATA[We've got all the bases covered - family franchise]]></document>
		<document><![CDATA[Need a lawyer? There's a Crawley for that. Need a nurse? There's a Crawley for that. Need an engineer? There's a Crawley for that]]></document>
		<document><![CDATA[@graceellenrah 6 hours into megabus and chill and you reach for the emergency hammer #buswanker]]></document>
		<document><![CDATA[When you open a dirty protein shaker you've forgotten to wash and accidentally release the depths of hell 😷🙃]]></document>
		<document><![CDATA[Throwback to last Saturday when I was a 'bride-to-be' for the night 🍾💍👯 https://t.co/evYLjw9Qd5]]></document>
		<document><![CDATA[Why don't you be you, and I'll be me]]></document>
		<document><![CDATA[How did I spend my Valentines you ask?In the pub,eating my feelings while @graceellenrah tries to lob dry roasted peanuts in my mouth#winner]]></document>
		<document><![CDATA[These buses are having my life - will I ever get home? 😴]]></document>
		<document><![CDATA[Shoutout to the Tesco veg man who got so vexed with me not tying my shoelace after having pointed it out, he tied it for me 😂👏🏻]]></document>
		<document><![CDATA[How to pull 101 https://t.co/mB6ksbuxkL]]></document>
		<document><![CDATA[Haven't slept in 27 hours yet still contemplating going out why why why 🙃]]></document>
		<document><![CDATA[Listening to bangers at 4am - the only way to revive a night shift 👏🏻]]></document>
		<document><![CDATA[Hangover ritual - watch cooking programmes, cry about how much post-club scran I consumed while mentally preparing myself for the gym]]></document>
		<document><![CDATA[The only incentive getting me to the library this morning was the thought of heating and warmth 😂]]></document>
		<document><![CDATA[So happy to be back - London, I've missed you 👯]]></document>
		<document><![CDATA[Somehow I've been given the role of project manager of Christmas Day and I don't like the pressure stop this]]></document>
		<document><![CDATA[Oh dear, it's one of those days - no food is safe 🍴🍏🧀🍫🍞🍪]]></document>
		<document><![CDATA[I may say I've been revising for 3 hours, but let's be honest, 90% of thats been spent sending hilarious snaps and staring at a beige wall]]></document>
		<document><![CDATA[@stephenkamos great show and great post-show drinks. Thanks for coming to little old BC ✌🏻️ https://t.co/Ardiki2pbb]]></document>
		<document><![CDATA[The further north we go, the more layers people have on 😳]]></document>
		<document><![CDATA[My Christmas dinner game is so weak this year, only managed two plates - you're better than this Crawley 😞🍴]]></document>
		<document><![CDATA[Day 7 of no fridge - made a questionable sandwich with 3 day unrefrigerated ham.. I'll let you know how it goes]]></document>
		<document><![CDATA[Wise words from Andy C on this dreary Tuesday morning - he's cute https://t.co/bY2kOaamHA]]></document>
		<document><![CDATA[Is it ok to listen to Juicy J at 10am on a Monday night yes I think so]]></document>
		<document><![CDATA[Sobbing into my Nutella sammy while @Mickyvdl1 legs it out of the theatre to vom-not how I thought my 11am lecture would go #mahikithursday]]></document>
		<document><![CDATA[I've hit the hangry stage get me out of this library]]></document>
		<document><![CDATA[When your fridge is broken so you have to keep going outside to get your milk when you want a cup of tea #studentproblems]]></document>
		<document><![CDATA[Finally purchased my first Christmas present - time to put Elf on 🎄🎁]]></document>
		<document><![CDATA[10am and my phones on 50% - today is not going to end well]]></document>
		<document><![CDATA[@graceellenrah 😂😂😂 it's too much ✋]]></document>
		<document><![CDATA[@graceellenrah I read the Metro when my phone dies so f u]]></document>
		<document><![CDATA[Two northerners + free drinks = https://t.co/gcVpRpf9QQ]]></document>
		<document><![CDATA[I've charged my phone 3 times today something is seriously going wrong here]]></document>
		<document><![CDATA[@graceellenrah 😂😂 this is too much ✋]]></document>
		<document><![CDATA[@graceellenrah get out of this house right now 🙅 unacceptable behaviour]]></document>
		<document><![CDATA[Desperation lead to consumption of a discovered tin of 'pink salmon' - 3 hours later and I'm still not feeling so fancy 😷]]></document>
		<document><![CDATA["I've got £20" 
@graceellenrah - "yeah but we'll pre and get the bus - we all know it's going to happen" 😑🍻 https://t.co/uIvAbQ1C1B]]></document>
		<document><![CDATA[The @johnlewisretail Christmas advert is out and as of yet I am not convinced .. 🎄🎁]]></document>
		<document><![CDATA[Living bonfire night through snapchats an instas cause poor and it's cold out 🙅]]></document>
		<document><![CDATA[@graceellenrah that was not the rule he just didn't like me I can't help it stop trying to change me]]></document>
		<document><![CDATA[Consumed all the food last night - when you spend £17 in Maccy's you know the diet is over]]></document>
		<document><![CDATA[Gotta laugh or else you'll cry 😂😥😭]]></document>
		<document><![CDATA[Why do I insist on embarrassing myself on nights out - alcohol does not agree with me 🍺🚫]]></document>
		<document><![CDATA[Someone sneezed on my head on the bus 😔]]></document>
		<document><![CDATA[The mouse problem has reached new heights - Barnaby has now been spotted upstairs and down, he's learned to climb stairs 🚫🐭]]></document>
		<document><![CDATA[Need to pack and do assignment work but instead I'm watching House - high-five for good life choices ✋🙏]]></document>
		<document><![CDATA[Next door have just had a Dominos delivered and the jealousy is real]]></document>
		<document><![CDATA[@graceellenrah but then you'll only have a few more hours to go! Caffeine and sugar will serve you well ☕️🍫🍬]]></document>
		<document><![CDATA["Was that a gunshot, or a firework?" @Mickyvdl1 #londonlife #southoftheriver 😂😂😂]]></document>
		<document><![CDATA[When parents try and use emojis #itsashrimp🍤 @j_crawley85 http://t.co/pZ13lLBH91]]></document>
		<document><![CDATA[The one phrase that can make your day turn from bad to worse - "this bus is on diversion" 😳😠😤]]></document>
		<document><![CDATA[A bad workout is better than no workout 💪👊 @graceellenrah]]></document>
		<document><![CDATA[Haven't felt this full in a long time - I love cheat meals 🍴😷]]></document>
		<document><![CDATA[@graceellenrah I can't know everything, cut me some slack]]></document>
		<document><![CDATA[@graceellenrah is that supposed to make me feel better! Haha - I'm 100% a hippo today ❌👎]]></document>
		<document><![CDATA[My legs are jelly - send help]]></document>
		<document><![CDATA[Consumed so much rice and peas at carnival - can't move 🍴🍗]]></document>
		<document><![CDATA[Love listening to southerners get excited about the price of a pint up north]]></document>
		<document><![CDATA[Keep reading PLL spoilers and it's messing with my head #whatstrue #whoisA]]></document>
		<document><![CDATA[Can't sleep past 7am since flying back - damn you body clock 😴☕️]]></document>
		<document><![CDATA[@graceellenrah  "my accents pretty neutral" 😂😂 https://t.co/6W8ZuhYGzB]]></document>
		<document><![CDATA[@j_crawley85 Thailand baby 🎉💃🍹]]></document>
		<document><![CDATA["Happiness isn't happiness without a violin playing goat" - Notting Hill and a tall glass of vino to end two long days 😴🍷]]></document>
		<document><![CDATA[Brown is so fun to watch #brownvsnadal #Wimbledon2015]]></document>
		<document><![CDATA[Went for my annual run this morning - that'll do till next July 👌🏃]]></document>
		<document><![CDATA[Always eat far too much on my first break in fear of serious afternoon hunger]]></document>
		<document><![CDATA[Greek yoghurt and Nutella 😍]]></document>
	</documents>
</author>