<author lang="en">
	<documents>
		<document><![CDATA[This is a hint at the "freedom" Executive Order that would put mass discrimination into law. Don't get distracted b… https://t.co/ytCMQJvBQt]]></document>
		<document><![CDATA[Damn right we are. Rep. Dave Brat: ‘The women are in my grill no matter where I go.’ https://t.co/Zxg1ySZbXq]]></document>
		<document><![CDATA[You mean the supreme court justices who just reaffirmed it last summer? https://t.co/C1WWaFAphv]]></document>
		<document><![CDATA[Planned Parenthood pushes Senate to oppose anti-abortion SCOTUS picks: https://t.co/st0NBp2Skq #NoRoeNoGo]]></document>
		<document><![CDATA[It is unacceptable to appoint any justice who will attack a woman’s right to reproductive freedom: https://t.co/OhQwja3cOn #NoRoeNoGo]]></document>
		<document><![CDATA[@LuxAlptraum Also out of date]]></document>
		<document><![CDATA[OK, but I refuse to treat NOT taking away basic rights as anything other than the expected bare minimum. https://t.co/L0wT2hbOrl]]></document>
		<document><![CDATA[Hard time celebrating that they toyed w idea of destroying lgbtq families then "graciously" decided to stand down https://t.co/TMUiio3f8X]]></document>
		<document><![CDATA[Important: this is happening across the country. https://t.co/WHGRzmwpSi]]></document>
		<document><![CDATA[LOL. Try to protest Planned Parenthood, get flooded with supporters instead: https://t.co/aT9EQk2yLB #IstandWithPP #AmericaStandsWithPP]]></document>
		<document><![CDATA[Pretty excited about this. https://t.co/pNXahCWMuz]]></document>
		<document><![CDATA[Yes! This was spontaneous, and it was incredible. https://t.co/ReM1F5tjUd]]></document>
		<document><![CDATA[Spontaneous March taking over the streets from the White House to Trump Hotel #NoWallNoBan https://t.co/INFomygPKt]]></document>
		<document><![CDATA[This is very very scary. https://t.co/dQk1cbX4gd]]></document>
		<document><![CDATA[Only truth coming from Trump camp right now: You shouldn't be surprised. Trump is doing exactly what he promised. #NoWallNoBan]]></document>
		<document><![CDATA[The look on @FoxNewsSunday's face is priceless in this. https://t.co/yI9tItjnKo]]></document>
		<document><![CDATA[To be clear they will DEFY A FEDERAL COURT ORDER to do this. This is not how the country works. https://t.co/aXRjJUrVhz]]></document>
		<document><![CDATA[Face the Nation playing @Reince's hostage video right now. Guess that's what happens when your job is to defend the indefensible #NoBan]]></document>
		<document><![CDATA[@Olivianuzzi weird they don't say WHAT movie, right?]]></document>
		<document><![CDATA[@rgay Roxane, we are the ones we've been waiting for]]></document>
		<document><![CDATA[Brb, donating all my money https://t.co/tXaYjAgTQs]]></document>
		<document><![CDATA[Heroes of the day award goes to @AlenciaJohnson and @jess_mc:  https://t.co/uljlnmIqRu]]></document>
		<document><![CDATA[In fact I can name several that were committed by Americans radicalized here at home--by white supremacy and the religious right.]]></document>
		<document><![CDATA[There have been a lot of mass shootings and attacks in America since 9/11. None of them were committed by a "foreign-born national"]]></document>
		<document><![CDATA[For context: seeing reports that only "thousands" showed up for today's March for Life. Compared to the millions who marched last weekend.]]></document>
		<document><![CDATA[Ummm "We're walking into a gigantic political trap if we stick Planned Parenthood in the health insurance bill." https://t.co/Avudt3SKWB]]></document>
		<document><![CDATA[Last weekend, 500K marched in DC &amp; 4 million marched globally for women's rights. Today, 50K march to take women's rights away.]]></document>
		<document><![CDATA[WOW. Same poll shows that 58% of those who want to "defund" PP change their mind when they understand what it means. https://t.co/3J9dcW66Eh]]></document>
		<document><![CDATA[Wow. New poll: 70% of Americans support Roe V Wade, 63% oppose defunding Planned Parenthood: https://t.co/3J9dcW66Eh]]></document>
		<document><![CDATA[The Hill: Planned Parenthood is essential to me and millions more https://t.co/tjmjdp2WHH]]></document>
		<document><![CDATA[It's DENYING women access to abortion that has a negative effect on women’s mental health. https://t.co/RVt1CkkAa9 #MarchofLies]]></document>
		<document><![CDATA[Support for Roe V Wade is at a record high - 7 in 10 Americans don't want to see it overturned. https://t.co/I0GKobUbRI #MarchofLies]]></document>
		<document><![CDATA[How did I miss this earlier? The State Department’s entire senior administrative team just resigned https://t.co/uj3dSIfLCQ]]></document>
		<document><![CDATA[Your daily cry, courtesy @JoyEngel How Do I Bring a Child Into a World in Which Preschools Receive Bomb Threats? https://t.co/1mtHyInUCN]]></document>
		<document><![CDATA[Great reminder that VP Mike Pence has been on an idealogical crusade against women &amp; LGBTQ people for a decade.. https://t.co/SXtP5MjeCD]]></document>
		<document><![CDATA[NYT on where Trump's anti-abortion focus might come from: Mike Pence Pulls President Trump’s Strings https://t.co/uZlU5yDwrc]]></document>
		<document><![CDATA[To the Trump surrogate on NPR right now: I've been to Laredo, TX. It's a lovely city, and very safe. #racistwall #WallofHate]]></document>
		<document><![CDATA[Remember: GOP leadership wanted ACA repeal on POTUS' desk by Jan 27. That's not happening, in no small part thanks to public outcry. #resist]]></document>
		<document><![CDATA[Oh hey look, you now get an emoji when you say that #IStandWithPP]]></document>
		<document><![CDATA[@LipstickEcon That's generally the kind of press release you'd see from a campaign, not the White House.]]></document>
		<document><![CDATA[@imillhiser I think we generally do, right?]]></document>
		<document><![CDATA[Or even provide referrals or information about abortion. https://t.co/z6SlM3v98Z]]></document>
		<document><![CDATA[Watching @CecileRichards perform onstage with Sleater-Kinney was one of my favorite moments so far. https://t.co/gXYQ0BydE1]]></document>
		<document><![CDATA[Now they're just totally trolling us: Donald Trump signs anti-abortion executive order surrounded by men https://t.co/0jWqvjZ5VO #GlobalGag]]></document>
		<document><![CDATA[President @BarackObama reclaimed patriotism from bigotry, fear, and hate. I will not give that up, no matter what happens.]]></document>
		<document><![CDATA[I love this country, and my patriotism is rooted in the idea that equity and justice ARE American values--ones we never stop fighting for.]]></document>
		<document><![CDATA[#IDefy the idea that sexism or racism have any place in American values @PPFA https://t.co/c6nteqUgTn https://t.co/uu7s5mU6jV]]></document>
		<document><![CDATA[@Carrie_Rachel @Sleater_Kinney @PPact And when @CecileRichards joined you onstage, it was amazing.]]></document>
		<document><![CDATA[@thehill @Menendez4Texas Photo by @DaveStroup !!]]></document>
		<document><![CDATA[Millions of women &amp; men hand-knitted &amp; proudly wore hats named after a vagina today. If that's not a fucking movement I don't know what is.]]></document>
		<document><![CDATA[And here I thought I was done crying for the day. #womensmarch https://t.co/PDMyPicvZO]]></document>
		<document><![CDATA[It's just pink as far as you can see. https://t.co/JiMEdAIQtE]]></document>
		<document><![CDATA[It's literally the first amendment. https://t.co/JzT9WpIYcL]]></document>
		<document><![CDATA[@joegarden Definitely more than 500K. I've heard reports of a million, but no official count yet.]]></document>
		<document><![CDATA[Must watch (and not just because I'm awkwardly standing in the background) https://t.co/VY2z5JrlBO]]></document>
		<document><![CDATA[Thank you ScarJo. Proud that @PlPFA was able to be there for you ehttp://ew.com/news/2017/01/21/womens-march-scarlett-johansson-speech/]]></document>
		<document><![CDATA[Just wow. The crowds today were huge. #WomensMarch https://t.co/zwtZTvMK72]]></document>
		<document><![CDATA[Fave photo of the day. https://t.co/4TqsH36kFl]]></document>
		<document><![CDATA[@maggieNYT I was legit shocked that anyone would think this was a good idea. If anything, it's making the marches today MORE of a story.]]></document>
		<document><![CDATA[@Zac_Petkanas And it's day...2]]></document>
		<document><![CDATA[Well THAT was the weirdest / worst press conference I've ever seen.]]></document>
		<document><![CDATA[The view from the stage earlier. Literally couldn't see the end of the crowd in any direction--front, back and side… https://t.co/Z2oRXH99Mn]]></document>
		<document><![CDATA[Women's march takes over DC https://t.co/6HZuQGp2Iw #womensmarch #istandwithPP]]></document>
		<document><![CDATA[@jess_mc at least, though I'd guess today was closer to a million.]]></document>
		<document><![CDATA[The #WomensMarch crowd filled up the entire March route--there was nowhere left to march! https://t.co/TBM0Pc3RHr]]></document>
		<document><![CDATA[It is fully packed all around the stage #womensmarch https://t.co/9PhKRPvr96]]></document>
		<document><![CDATA[Cheers of "love trumps hate" are roaring through this crowd right now #WomensMarch #istandwithpp]]></document>
		<document><![CDATA[Today is the first time in two months that I've cried happy tears #WomensMarch #IStandWithPP]]></document>
		<document><![CDATA[Roads around the capitol are essentially closed because of the crowds of people headed to the March #WomensMarch #IStandWithPP]]></document>
		<document><![CDATA[The energy today feels like the Obama inaug -- people excited and cheering each other as they pass on the street. #WomensMarch]]></document>
		<document><![CDATA[There is a full-on sea of pink hats on the way to the mall this morning. #IStandWithPP https://t.co/m1HTu8sKTl]]></document>
		<document><![CDATA[@Karoli Apparently no one knows....]]></document>
		<document><![CDATA[Super surreal split screen on CNN right now https://t.co/jsbSArabId]]></document>
		<document><![CDATA[@elizacollins1 I will be honest, I was waiting for a Rick Roll there.]]></document>
		<document><![CDATA[@DaveStroup too real]]></document>
		<document><![CDATA[Is @SenSchumer filibustering the inauguration right now?]]></document>
		<document><![CDATA[I feel like this inauguration crowd is the whitest I've ever seen on the mall -- at least at the ones I've attended.]]></document>
		<document><![CDATA[Today and always, still working for the day this T-shirt says "from the present" @HillaryClinton https://t.co/ayzahN1Dpx]]></document>
		<document><![CDATA[Maybe they have to dance their way in https://t.co/moiShISpH7]]></document>
		<document><![CDATA[@elisefoley I've seen at least three women in "pussy hats" already]]></document>
		<document><![CDATA[@JoshDStewart everyone is sheltering in place]]></document>
		<document><![CDATA[“On behalf of Planned Parenthood’s 2.5 million patients and our 9.5 million supporters, thank you, President Obama.… https://t.co/LJztgZh9Pt]]></document>
		<document><![CDATA[The NEA will be eliminated entirely. As will community policing, clean energy, and violence against women programs https://t.co/XY4D6rIFsL]]></document>
		<document><![CDATA[So glad to join the Sit and Spin Room with @LOLGOP &amp; @Eclectablog and talk attacks on reproductive health care. https://t.co/qioTGNfOXU]]></document>
		<document><![CDATA[If you haven't seen it yet: watch @CecileRichards on The #DailyShow with Trevor Noah last night: https://t.co/MrINYkbiHF]]></document>
		<document><![CDATA["If more members of Congress could get pregnant, we wouldn't be fighting about birth control." @CecileRichards   https://t.co/MrINYkbiHF]]></document>
		<document><![CDATA[This is a very good article https://t.co/ABh0CHFzRZ]]></document>
		<document><![CDATA[Guttmacher Institute report: No really, if you defund Planned Parenthood, women won't have any other place to go https://t.co/4cgtwt0oSQ]]></document>
		<document><![CDATA[NEW POLL (but no surprise): A vote to defund Planned Parenthood hurts vulnerable Senate Republicans   https://t.co/lVwr8Oh0eK]]></document>
		<document><![CDATA[Because people are terrified they're going to lose their health care. https://t.co/JwLcWnX8as]]></document>
		<document><![CDATA[Is it terrifying that Trump, who owns and runs hotels, is warning everyone that hotels regularly have secret cameras in them?]]></document>
		<document><![CDATA[We are all Malia tonight #ThanksObama]]></document>
		<document><![CDATA[So sad to not be in Chicago tonight. #ThanksObama for being the most incredible president of my lifetime.]]></document>
		<document><![CDATA[Holy.....Intel chiefs presented Trump with claims of Russian efforts to compromise him @CNNPolitics https://t.co/jdA7vurxQa]]></document>
		<document><![CDATA[How much do we need Obamacare? Just take a sad tour of GoFundMe https://t.co/0VXgalf4va via @fusion]]></document>
		<document><![CDATA[Yay welcome @SenatorHassan -- proud to have a champion like you in the Senate. https://t.co/WMNcMVkghY]]></document>
		<document><![CDATA[Don't be fooled by the term "defunding"  https://t.co/A6wIsXmS1B #IStandWithPP]]></document>
		<document><![CDATA[#PaulRyanSoScared, He Sent SIX Security Guards to Block Planned Parenthood Volunteers https://t.co/YxyBSmfNUq #IStandWithPP]]></document>
		<document><![CDATA[We fight back: 50 Planned Parenthood volunteers to Deliver 80,000 Petitions to Paul Ryan today https://t.co/isQSVJpiEY #IStandWithPP]]></document>
		<document><![CDATA[Tell @SpeakerRyan that you will not stand for attacks on Planned Parenthood: https://t.co/v7S6sR8aa0 #istandwithpp]]></document>
	</documents>
</author>