<author lang="en">
	<documents>
		<document><![CDATA[@johnsalmond @Forthleft2 Mildly annoyed of Moonee Ponds]]></document>
		<document><![CDATA[#honesthistory 1892-1942 Americans did Bellamy salute to US flag; Charles Lindbergh of America First demonstrates.… https://t.co/5Djo6hN7nV]]></document>
		<document><![CDATA[@ggreeneva Bet Mr Boente never said that at all]]></document>
		<document><![CDATA[@SteveStricklan6 @daveyk317 Bet he doesn't last beyond early 2019]]></document>
		<document><![CDATA[@InsightsNCL thanks for follow; browse https://t.co/A4hNQRs5WT]]></document>
		<document><![CDATA[@britishscholar thanks for follow; browse https://t.co/A4hNQRs5WT]]></document>
		<document><![CDATA[A huge mouth and no anus – this could be our earliest known ancestor https://t.co/iwMF5jJh2O All the clever jokes have been done; bummer!]]></document>
		<document><![CDATA[@randlight @smh Caption for this pic and the Turnbull story: Big Ears and Noddy]]></document>
		<document><![CDATA[#Twistory Russians whack Turks on Eastern Front: West Australian 31.1.1917 https://t.co/rzTrBt4zyu]]></document>
		<document><![CDATA[12 people followed me and one person unfollowed me // automatically checked by https://t.co/VV7xHJ71ZM]]></document>
		<document><![CDATA[@johnsalmond Added another piece on Bannon]]></document>
		<document><![CDATA[How Steve Bannon Took Charge Of The Trump Administration https://t.co/oZOllyEEmQ via @carrasquillo Look out!]]></document>
		<document><![CDATA[#honesthistory HH Book,https://t.co/2ZGJgEiIva, stressing the importance of evidence, has become even more relevant since @realDonaldTrump]]></document>
		<document><![CDATA[Five recent pieces of direct relevance to Australia – and the rest of the world  https://t.co/7ifqF8hk5y Keeping up with the world]]></document>
		<document><![CDATA[#honesthistory The Honest History Book: https://t.co/2ZGJgEiIva Pre-order https://t.co/BGlKxPDbmg]]></document>
		<document><![CDATA[#honesthistory HH elves lashing out: corrected proofs of The HH Book go to @newsouthbook tomorrow https://t.co/ewzPh47bvO]]></document>
		<document><![CDATA[@mrbenjaminlaw @JohnWren1950 @nytimes Probably don't the full stop between Trump and Nuts]]></document>
		<document><![CDATA[#honesthistory Julie Bishop Pres Johnson 1963-68 thought of Australia as 'the next rectangular shaped state west of El Paso'. Still the same]]></document>
		<document><![CDATA[#honesthistory If @realDonaldTrump was elected by powerless how can they hold him to account when he fails to deliver? Wall St only winners.]]></document>
		<document><![CDATA[#Twistory Deluge and floods at Clermont, Qld: Adelaide Journal 30.1.1917 https://t.co/fsmkmiskhy]]></document>
		<document><![CDATA[@waynebernard763 thanks for follow; browse https://t.co/A4hNQRs5WT]]></document>
		<document><![CDATA[@AmericanRCJ thanks for follow; browse https://t.co/A4hNQRs5WT]]></document>
		<document><![CDATA[@Hethers100 thanks for follow; browse https://t.co/A4hNQRs5WT]]></document>
		<document><![CDATA[@Michael99908062 As the post shows, Frankfurt took a look at Trump in 2016 and pinged him both as a liar and a bullshitter.]]></document>
		<document><![CDATA[#honesthistory Caught up with our modest collection on bullshit and lying in politics? https://t.co/eOlT5ZI103]]></document>
		<document><![CDATA[@greensinspa @brucerossbrc @1306Chomley Alison Broinowski' s chapter in The Honest History Book discusses the issue: https://t.co/2ZGJgEiIva]]></document>
		<document><![CDATA[No president cares more about size – so let’s show Trump how many of us oppose him https://t.co/kYBi0VBaRL]]></document>
		<document><![CDATA[@honesthistory1 @smh And just for balance here is Bolt https://t.co/g3XV7uQiac]]></document>
		<document><![CDATA[Donald Trump's Muslim ban excludes countries in which he has business ties https://t.co/IVIuQCjssE via @smh Trumpet this far and wide RT RT]]></document>
		<document><![CDATA[#Twistory Kitchener, Hughes and aspirin, all in the one advert from a chemist: Orange Leader (appropriate) 29.1.1917 https://t.co/1MDwN5B1jn]]></document>
		<document><![CDATA[@genea_maureen thanks for follow; browse https://t.co/A4hNQRs5WT]]></document>
		<document><![CDATA[@kristenauthor @Stanleyhistory @SigmundMarx Pre-order at https://t.co/BGlKxPDbmg though note we are still fiddling with cover!]]></document>
		<document><![CDATA[@ScreechingCash @Gatorau I love these vampire memes ... No, wait ...]]></document>
		<document><![CDATA[#honesthistory Nice piece from Pearls and Irritations blog by HH distinguished supporter, Richard Butler: https://t.co/GDk9SwCVQf]]></document>
		<document><![CDATA[#honesthistory Added a couple of new links to our material on lying, bullshit and the political process: https://t.co/eOlT5ZI103]]></document>
		<document><![CDATA[#honesthistory Is @TurnbullMalcolm today like once-great Shakespearian actor reduced to minor role on Days of Our Lives or Home and Away?]]></document>
		<document><![CDATA[Does Donald Trump's Personality Make Him Dangerous? | The Report | US News https://t.co/5R0ByD0YN1 Be worried.]]></document>
		<document><![CDATA[#Twistory Lord Northcliffe writes in Syd Sun 28.1.1917 about splendid physique of New Zealand soldiers: https://t.co/GrWlrUSLJH]]></document>
		<document><![CDATA[2 people followed me // automatically checked by https://t.co/VV7xHJ71ZM]]></document>
		<document><![CDATA[@SydneyDemocracy thanks for follow; browse https://t.co/A4hNQRs5WT]]></document>
		<document><![CDATA[@_As_Ruby thanks for follow; browse https://t.co/A4hNQRs5WT ; write for us; feature on ABC HH spot; admin@honesthistory.net.au]]></document>
		<document><![CDATA[#honesthistory HH elves final slog today on index of The HH Book https://t.co/2ZGJgEiIva Heigh ho! heigh ho!]]></document>
		<document><![CDATA[#Twistory Pet Jersey cow of Mr Kable of Killarney dies lonely death in a deserted cottage: Bega Sthn Star 27.1.1917 https://t.co/AO9rCPL9nw]]></document>
		<document><![CDATA[#honesthistory Nearly finished the index of The Honest History Book https://t.co/2ZGJgEiIva]]></document>
		<document><![CDATA[#honesthistory Added some 'Australia Day' links to our regular feature https://t.co/Qz39IVgeTM Including a picture quiz @historyben]]></document>
		<document><![CDATA[@TISM_Root @GuidoTresoldi Same time Anzac Day went same way. The Honest History Book coming soon nails it https://t.co/2ZGJgEiIva]]></document>
		<document><![CDATA[TRANSCRIPT: ABC News Anchor David Muir Interviews President Trump - ABC News - https://t.co/uvR2Y0Jm8y via @ABC Read the transcript; aaagh!]]></document>
		<document><![CDATA[@historyben Yep. Have heard a Wills descendant speak of this at length on radio (Australia All Over) with not a mention of Indigenous deaths]]></document>
		<document><![CDATA[Trump’s Voter Fraud Example? A Troubled Tale With Bernhard Langer https://t.co/riqunoI5hj Could @realDonaldTrump actually be senile?]]></document>
		<document><![CDATA[#honesthistory Well done to all winners of Australia Day awards and honours including Australian historian Pat Grimshaw AO]]></document>
		<document><![CDATA[#honesthistory Added more to small collection on Oz Day https://t.co/61jRE8zMRu Now back to indexing The HH Book https://t.co/2ZGJgEiIva]]></document>
		<document><![CDATA[White Australians Celebrate, Aboriginal People Mourn https://t.co/1D4yMNU5Cv Amy McQuire from New Matilda in op ed in NYT]]></document>
		<document><![CDATA[#Twistory Swimmer says to Nhill (VIC) Free Press 26.1.1917 aquatic sports be held on lake for money for Red Cross https://t.co/b96K7YcQwK]]></document>
		<document><![CDATA[#honesthistory Right on https://t.co/zSk0uFRmtB]]></document>
		<document><![CDATA[California's governor just blasted Trump's "alternate universe of non-facts" https://t.co/lB1eUSEQRs via @MotherJones Go Jerry!]]></document>
		<document><![CDATA[#honesthistory Book launch Canberra, 2 Feb, The Trials of Justice Murphy, by Stephen Walmsley; https://t.co/VEbBeuGplj]]></document>
		<document><![CDATA[#honesthistory Another comment added to our piece on redating Australia Day https://t.co/v8JZdvU1Fm Why bother until we are independent?]]></document>
		<document><![CDATA[@StephenClarkeNZ @AfterTheWar_RSA @Te_Papa @Designworking spread it far and wide]]></document>
		<document><![CDATA[@USARedOrchestra Not enough just to tick them off; question is how much of each. Most nations have some of these characteristics.]]></document>
		<document><![CDATA[Donald Trump still holds baseless belief that millions voted illegally https://t.co/0I9KTTBbDF Fraud does not lie with the voters]]></document>
		<document><![CDATA[#honesthistory Kind of feel sorry for Sean Spicer: if @realDonaldTrump spouts bullshit, Spicer is obliged to repeat it; until story changes]]></document>
		<document><![CDATA[#Twistory Union leaders not doing their bit for war effort: Maitland Mercury 25.1.1917 https://t.co/zZVwJUWwC5]]></document>
		<document><![CDATA[7 people followed me and one person unfollowed me // automatically checked by https://t.co/VV7xHJ71ZM]]></document>
		<document><![CDATA[#honesthistory https://t.co/5WxVLTrBte Seen this from Humphrey McQueen with long comment from Don Garden of UniMelb]]></document>
		<document><![CDATA[@business @LizDolphinfluff Expression on face of@realDonaldTrump is not that of a man who knows what he is doing]]></document>
		<document><![CDATA[Former Acting Director Told Cheering For Trump Didn't Come From The CIA via @politicususa https://t.co/4peOXvJOCB Uh Huh]]></document>
		<document><![CDATA[#honesthistory Buckling in for the ride but will just leave this here - links to lots of stuff on @realDonaldTrump https://t.co/eOlT5ZI103]]></document>
		<document><![CDATA[@LizDolphinfluff @abccanberra More coming this year plus The HH Book in April https://t.co/2ZGJgEiIva]]></document>
		<document><![CDATA[#honesthistory Popular this week: analysis of bullshit, relevant to @realDonaldTrump ; Australia Day alternatives: https://t.co/A4hNQRs5WT]]></document>
		<document><![CDATA[#Twistory 'Always a smile' from Australian soldiers in France: SMH 24.1.1917 https://t.co/NvUqBvdkvD]]></document>
		<document><![CDATA[@LizDolphinfluff thanks for follow; browse https://t.co/A4hNQRs5WT]]></document>
		<document><![CDATA[#honesthistory Posted this for Australia Day https://t.co/61jRE8zMRu Comments welcome]]></document>
		<document><![CDATA[#honesthistory We'll just leave this here - on the history of the America First concept https://t.co/mIZCYrySZp Lindbergh not just a fly-boy]]></document>
		<document><![CDATA[@shauncrowe Bullshitting could be worse than lying https://t.co/eOlT5ZI103]]></document>
		<document><![CDATA[#Twistory Win the War League established: Queanbeyan Age 23.1.1917 https://t.co/MwmKv69em5]]></document>
		<document><![CDATA[@GuidoTresoldi Some resources on fascism are here https://t.co/gEihnDCPcJ ; easy to make a check list; point is how much of each feature?]]></document>
		<document><![CDATA[#honesthistory Look under our thumbnails at https://t.co/A4hNQRs5WT e.g. &gt;18 months of reports on Inequality; time to act not report?]]></document>
		<document><![CDATA[#honesthistory #SeanSpicer: https://t.co/4vLiqh5C15 Editors &amp; journalists expected to follow mandates &amp; instructions handed down by ministry]]></document>
		<document><![CDATA[@AugustSpringtym thanks for follow; browse https://t.co/A4hNQRs5WT]]></document>
		<document><![CDATA[#honesthistory '[A bullshitter] does not care whether the things he says describe reality correctly.' https://t.co/eOlT5ZI103]]></document>
		<document><![CDATA[#honesthistory This has been very popular since posted on Friday: https://t.co/eOlT5ZI103 On lying and bullshit; weight of evidence growing!]]></document>
		<document><![CDATA[@IvankaTrump what about for your country?]]></document>
		<document><![CDATA[@YourAnonCentral His Wikipedia entry briefly said 'professional liar' but was amended; pity]]></document>
		<document><![CDATA[@artbylynettag Just briefly his Wikipedia entry said 'professional liar' but someone fixed it]]></document>
		<document><![CDATA[#honesthistory 'Sean Michael Spicer (born September 23, 1971) is an American professional liar ...'    https://t.co/22s21vmQRJ (now fixed)]]></document>
		<document><![CDATA[@DuncanWatson8 @ERN_Malleyscrub I see Trump's businesses have been bankrupt a few times; can presidencies be declared bankrupt, I wonder?]]></document>
		<document><![CDATA[White House press sec attacks media for accurately reporting inauguration crowds https://t.co/wV9x1q7YZJ via @CNNMoney This gent not sharp!]]></document>
		<document><![CDATA[Armando Iannucci on Donald Trump: 'This is the best moment, isn't it?' https://t.co/QhpvOUb4mr]]></document>
		<document><![CDATA[@ChrisDaniels5 @PressSec Ranting of the first order; where do they get these people from?]]></document>
		<document><![CDATA[#honesthistory #InaugurationDay Trump might be a 'useful idiot' https://t.co/IzkFIP8kkb but in whose cause, Wall Street or Moscow?]]></document>
		<document><![CDATA[@deech @djp1974 reversed though?]]></document>
		<document><![CDATA[#honesthistory Thought guy taking oath looked more like Alec Baldwin than Alec Baldwin; could there have been a switch? #InaugurationDay]]></document>
		<document><![CDATA[#Twistory Allies doing well in Mesopotamia (Iraq to you): Syd Sun 22.1.1917 https://t.co/sYTN10tmaZ]]></document>
		<document><![CDATA[#honesthistory Is bullshit the same as lying? Popular item on HH discusses https://t.co/eOlT5ZI103 Not an easy read but worth it. No bull!]]></document>
		<document><![CDATA[one person followed me // automatically checked by https://t.co/VV7xHJ71ZM]]></document>
		<document><![CDATA[@TonyLomas @MikeCarlton01 and something wrong with US voting system too]]></document>
		<document><![CDATA[@DrDreHistorian Nah, two years max. Internal contradictions.]]></document>
		<document><![CDATA[@johnsalmond @OutbackEco Bullshitters don't have to worry about facts https://t.co/eOlT5Zqq8v]]></document>
		<document><![CDATA[#honesthistory One of those nasty elitist experts nailing the concept of bullshit and identifying an exponent https://t.co/eOlT5Zqq8v]]></document>
		<document><![CDATA[#Twistory Plain tales of child slavery from unprejudiced police: Brisbane Truth 21.1.1917 https://t.co/tXgwBkVHLT]]></document>
	</documents>
</author>