<author lang="en">
	<documents>
		<document><![CDATA[@johnycassidy Did you catch my Foxy email? https://t.co/LEMHSL4XbH]]></document>
		<document><![CDATA[@TicketmasterCS @HamiltonWestEnd OR, and please do consider this for a second. HAVE A SYSTEM THAT WORKS. https://t.co/jFnBeMTdS6]]></document>
		<document><![CDATA[@HO_Wrestling I don't care who fixed it I'm eternally grateful https://t.co/qAKdvhWHxb]]></document>
		<document><![CDATA[@HO_Wrestling can you sort out the sound delay? #London]]></document>
		<document><![CDATA[@HO_Wrestling thanks https://t.co/90hTieELNQ]]></document>
		<document><![CDATA[@HO_Wrestling can you play the DX and Run DMC - Kings in London? #yesyesyes]]></document>
		<document><![CDATA[.@WWEGraves has a real @JesseVentura_ about his commentary and it's just the best.]]></document>
		<document><![CDATA[I mean, that's literally the most boring song in history. We ain't getting a single point. #youdecide #EurovisionYouDecide]]></document>
		<document><![CDATA[@RemiRough Dropped you an email mate, would love to chat today!]]></document>
		<document><![CDATA[Who's your Royal Rumble pick @Scroobiuspipyo ? https://t.co/Aga11mbeaR]]></document>
		<document><![CDATA[Incredible. Put this on the 4th plinth. https://t.co/p1JWsH23Sd]]></document>
		<document><![CDATA[@ChloeScottM Dont suppose you could give us a follow, got a fun food story for you x]]></document>
		<document><![CDATA[.@Kimmy_Allain @realDonaldTrump  #Trump45  #trumpcrowds #InaugurationDay https://t.co/OHWVxhOpwR]]></document>
		<document><![CDATA[@S_Strickland my kinda place! Where is this?]]></document>
		<document><![CDATA[@realDonaldTrump "with the millions... *pauses*...*raises one eyebrow*  ...ANND MILLIONS"]]></document>
		<document><![CDATA[In the words of the mormons themselves: switch it off. #Inauguration]]></document>
		<document><![CDATA[Just spotted @Linda_McMahon at the #Inauguration but no @VinceMcMahon @StephMcMahon @shanemcmahon or @TripleH]]></document>
		<document><![CDATA[We're giving away #wetjanuary tequila to followers of the @TalkerTailor account. So follow it for PR ramblings and… https://t.co/SSxIlcVVPb]]></document>
		<document><![CDATA[Congrats @Tyler_Bate on becoming the youngest EVER WWE champion!! 
( he takes the spot from René Duprée ) #WWEUKCT]]></document>
		<document><![CDATA[The belts so big he looks naked 😅😅😅 #WWEUKCT]]></document>
		<document><![CDATA[@ProWrestlingMag they did in 2015 https://t.co/xqwy0O1q4I]]></document>
		<document><![CDATA[I haven't been this invested in a show for years #WWEUKCT]]></document>
		<document><![CDATA[Slightly annoying seeing a completely edited VT with just the winners moments after they've won. #kayfabe anyone? #WWEUKCT]]></document>
		<document><![CDATA[It's incredible seeing @Tyler_Bate , @MandrewsJunior  &amp; @PeteDunneYxB literally change their lives]]></document>
		<document><![CDATA["Shit @FinnBalor , you're just a shit finn balor, you're just a shit finn balor" #WWEUKCT 😅😇😅]]></document>
		<document><![CDATA[Wow, not seen a moonsault like that since #bambambigelow @WolfgangYoung #WWEUKCT]]></document>
		<document><![CDATA[Rip #superfly Jimmy Snuka - shame about the murders and stuff but an innovator in his industry none the less.]]></document>
		<document><![CDATA[Time to fly! ! ! #WWEUKCT @MandrewsJunior]]></document>
		<document><![CDATA[Kudos to @McGuinnessNigel - really natural commentary tonight. V good first WWE gig #WWEUKCT]]></document>
		<document><![CDATA[Are any of the UK promoters aware that Vince is about to do here, what he did to the territories back in the 80s? #WWEUKCT]]></document>
		<document><![CDATA[C'mon @MandrewsJunior ! Time to shine butt   #wweuk #WWEUKChampionship]]></document>
		<document><![CDATA[#letitshine must be so offensive to anyone who's studied musical theatre. Why are we seeing plumbers who want to be popstars audition?]]></document>
		<document><![CDATA[@Kimmy_Allain we were doing number 17 - the #SpreadEagle https://t.co/yS9lDbovEu]]></document>
		<document><![CDATA[@OhHiRalphJones @Markgatiss Months? I'd happily enjoy reading these for longer ;)]]></document>
		<document><![CDATA[I'm going. Race you there. 
https://t.co/PefXWjIORQ]]></document>
		<document><![CDATA[Settle the biggest disagreement our relationship has faced: which is better? 
cc:@alexcoady]]></document>
		<document><![CDATA[.@consumersupremo 😅😅  do you mean a staple of the high street?]]></document>
		<document><![CDATA[Gone pussy grabbin' @ Sink the Pink https://t.co/0EerX9OyoG]]></document>
		<document><![CDATA[How has there never been a film about Vasili Arkhipov? https://t.co/zuhwVQngAh]]></document>
		<document><![CDATA[I see the feature now: "@joshcharles_21 visits YAAS" https://t.co/TvyP7U5ZVn]]></document>
		<document><![CDATA[@episode2480 Absolutely! Have a good hols, let me know when you're back :D]]></document>
		<document><![CDATA[@episode2480 you're welcome, can I ask a few burning questions? Happy to DM to avoid spoilers ;)]]></document>
		<document><![CDATA[👏 👏 👏 👏 👏 @episode2480 Great writing mate!]]></document>
		<document><![CDATA[Just binged #Barracuda in one night. Its incredible. Its like a swimming Billy Elliot but it all goes to shit. @benjaminkindon is incredible]]></document>
		<document><![CDATA[@JAYFABPAGE @RichardHammond @HuffPostUKEnt get on with what?]]></document>
		<document><![CDATA[.@RichardHammond read this before you even think about apologising. https://t.co/9gZc4Wes6o?]]></document>
		<document><![CDATA[Very impressed with the customer service @redbubble #happyshopper]]></document>
		<document><![CDATA[@MrSpecialK_ I hear you but they took the ICW champ so they could have taken Grado..]]></document>
		<document><![CDATA[Shame there's no @gradowrestling @WillOspreay or @MandrewsTNA BUT still v good news, thanks @TripleH #WWEUK #UKClassic]]></document>
		<document><![CDATA[The only thing shocking about @Channel4News @JDsportsfashion report was that there wasn't a JD spokesperson invited to defend the brand]]></document>
		<document><![CDATA[@JasonPWills could you follow back, I have a quick Q : )]]></document>
		<document><![CDATA[. @realDonaldTrump  appoints @Linda_McMahon to his cabinet, does that mean the US is now going to have its own Attitude Era?]]></document>
		<document><![CDATA[Loved @SeanHayes doing his best @tyleroakley dancing for #HairsprayLive]]></document>
		<document><![CDATA[@DauraDamm can you follow me so I can dm you?]]></document>
		<document><![CDATA[Dayum, @DauraDamm is the best beer I've ever tasted https://t.co/w8cy3B9U3t]]></document>
		<document><![CDATA[And I'm Joe, to you]]></document>
		<document><![CDATA[If anyone knows someone secretly returning home to their family for Christmas please let me know! (UK based)]]></document>
		<document><![CDATA[@JosieGurneyRead Don't suppose you could follow back so I could DM you a story?]]></document>
		<document><![CDATA[@alexcoady Which is which though? https://t.co/SiCpcOfoXV]]></document>
		<document><![CDATA[V exciting to be in #rome during the #italyreferendum , I'm watching the news and pretending to know what they're saying #tuttdelafruit]]></document>
		<document><![CDATA[@joshcharles_21 @johnlewisretail she's not worth the oxygen you inhaled whilst writing this. Don't feed the desperate trolls]]></document>
		<document><![CDATA[Dear people stood outside @JerseyBoysUK  the #Piccadilly power cut has done you a favor.]]></document>
		<document><![CDATA[Anyone know why #kingscross has been evacuated? #ldnunderground]]></document>
		<document><![CDATA[@marcashdown I have big story re: Online tutoring, interested? Follow for deets https://t.co/PEkZtHv3DJ]]></document>
		<document><![CDATA[@joshcharles_21 #FatAnt is a thing]]></document>
		<document><![CDATA[If people tweeted about a female presenter the way their talking about Ant, they'd be slammed #antanddec]]></document>
		<document><![CDATA[What's the new biz @gordonsmart? #intrigued https://t.co/CcJ6CvxxVF]]></document>
		<document><![CDATA[@joshcharles_21 so this is what Anne Frank was doing with her time in that attic.]]></document>
		<document><![CDATA[@satonme @CalumMcSwiggan @YouTube Secretly, huh? 🤐]]></document>
		<document><![CDATA[@joshcharles_21 It means its very possible we can undo the clusterfuck. There has to be another vote by MPs. If it doesn't pass, we remain.]]></document>
		<document><![CDATA[@louisedonovan_ Fancy meeting actual Father Christmas? https://t.co/vdP2gxiFD6]]></document>
		<document><![CDATA[@ChrisWaywell1 In a, just googled #GAY kinda way...but not specifically restricted to just your mum.]]></document>
		<document><![CDATA[. @chriswaywell1 #rupaul lot perform at Heaven, not old Compton GAY. This is like your mum trying to be cool. https://t.co/q4fyzhNZ1j]]></document>
		<document><![CDATA[There's no doubt, @BrunoMars is the best performer of this generation]]></document>
		<document><![CDATA[@CalumMcSwiggan Can you tweet me my page please 😨]]></document>
		<document><![CDATA[@SundayBrunchC4 @TomDaley1994 H/t for the incredible make up by @ElectraSnow and styling by @CalumMcSwiggan 🎃 🎃]]></document>
		<document><![CDATA[@TomDaley1994 Cheers for the RT 😁]]></document>
		<document><![CDATA[@laura_kleinman @TomDaley1994 @SundayBrunchC4 Thanks 😁 https://t.co/zNxh7CqFXf]]></document>
		<document><![CDATA[@SundayBrunchC4 last night I went as "Tom Deadly" @TomDaley1994 https://t.co/hBtcdnmoav]]></document>
		<document><![CDATA[This is Halloween https://t.co/mDP5O0LMok]]></document>
		<document><![CDATA[@steve_dinneen For the love of god! I promise I'm not trying to bump you off. https://t.co/Tgz4lZjdWN It's a CLIENT.]]></document>
		<document><![CDATA[@steve_dinneen Do you  believe in Father Christmas? If you do, I've got tix to Lapland with your name on em. Follow… https://t.co/v33fZsMmTy]]></document>
		<document><![CDATA[@sterosenthal Hi Stephen, can you Follow me back i need to DM you re: something: )]]></document>
		<document><![CDATA[When the #cookies know you search for "Drag race" once a week but still get it so wrong #AllStars https://t.co/PBAhpYsgQh]]></document>
		<document><![CDATA[@steve_dinneen I've emailed... https://t.co/8wtuHsO4Mr]]></document>
		<document><![CDATA[@steve_dinneen for clarity, it's a genuine invite and I can almost certainly guarantee you wont die.]]></document>
		<document><![CDATA[@steve_dinneen This could be true... https://t.co/YWjDyLcARW]]></document>
		<document><![CDATA[@steve_dinneen Ill tell you in DM if you can follow me https://t.co/JVPtXwFaKq]]></document>
		<document><![CDATA[@steve_dinneen in Jan you said the food was "garbage" - now we have a brand new menu. Fancy coming to dinner with our CEO tmrw? DM for deets]]></document>
		<document><![CDATA[@prendergast @joshcharles_21 It was not. And it's mot my place to reveal who it actually was. https://t.co/xBKmIAaftz]]></document>
		<document><![CDATA[Nat has herpes]]></document>
		<document><![CDATA[@sean_hansford got a quick job that I'd like to offer, could you follow so i can DM : )]]></document>
		<document><![CDATA[If I could unplug whatever is keeping those old women alive that asked "what is article 50?", I would. #Gogglebox]]></document>
		<document><![CDATA[#Glamourshotgame https://t.co/f9wxiEyYvE]]></document>
		<document><![CDATA[@lenaomi Did ya know next week there's £21.8million Christmas rail savings available? Let me know if you wanna know more?]]></document>
		<document><![CDATA[@marcshoffman would love to talk gift cards with you, can you look out for my email : ) https://t.co/gLobOvSvcu]]></document>
		<document><![CDATA[Genuinely mad at the creators of @TwoDots for  level 70 though.]]></document>
		<document><![CDATA[Are you ready for another @CalumMcSwiggan and #jcubed video because it's coming soom! #groundedhorse #diligentchimp]]></document>
		<document><![CDATA[. @mercatometropol &amp; @BackyardCinemas are both super cool, would recommend]]></document>
		<document><![CDATA[@alexcoady he knows what he's doing]]></document>
	</documents>
</author>