<author lang="en">
	<documents>
		<document><![CDATA[No surprises here 😐 https://t.co/nTw2lWbL1E]]></document>
		<document><![CDATA[Great episode! And #Elvis ...oooophhh! MY HERO! Or is he a villain? Love #LukePasqualino in his #Skins 😉😁 #OurGirl https://t.co/DOmVfJXGAb]]></document>
		<document><![CDATA[@TVONENZ  "The mathematics of probability.."🤔 Hahaha...God I love you #Holmes!]]></document>
		<document><![CDATA[@YoungArtistAwds @NBCThisisUs BIG CONGRATULATIONS @LonnieChavis!!! You deserve it. Am hoping you win it too! 👏😊 Good luck!]]></document>
		<document><![CDATA[@muamuav Awwwww! A cousin of mine posted this not long ago... &amp; I immediately thought of you! #Wellington7s… https://t.co/mRlGwqTBiS]]></document>
		<document><![CDATA[@muamuav @tweet4porirua I hear ya. #SkySports coverage is good. And you won't have to put up with the wind and/or rain! #Wellington7s 😁]]></document>
		<document><![CDATA[@muamuav @tweet4porirua You should go now. We thought last year's #Wellington7s was the last due to low attendances. 😐😁 #BetterLateThanNever]]></document>
		<document><![CDATA[@jdecuypere yeah it was. And yes, will do!
M4.0 quake causing light shaking near Wellington https://t.co/v6fDGkRR5x]]></document>
		<document><![CDATA[@jdecuypere @philipwinchestr @TheCarlWeathers @monicabarbaro @JonSeda @Joelle_Carter @YouTube Excited for this! 💓😊 #ChicagoJustice #LetsGo]]></document>
		<document><![CDATA[Is just me.. or was that a quick shake? (About 2 mins ago) #Wellington #shakingasusual]]></document>
		<document><![CDATA[@lenovo 😀😂😂😂😂😂 That's awesome! #IFixedIt]]></document>
		<document><![CDATA[@marcuslush ANTI- whaaaaa?!? 🤔 Where the heck did you find that?]]></document>
		<document><![CDATA[@TVONENZ Sooooo good to see #Blindspot back!!! 😀 #Season2 #FINALLY]]></document>
		<document><![CDATA[I'm not surprised to be honest. But still disappointed 😐 #DakotaAccessPipeline #TrumpGivesGoAhead https://t.co/TgJA587vK5]]></document>
		<document><![CDATA[@omaze 😀 COOOOOOL!!! Well then! ✈#ImIn 🙌]]></document>
		<document><![CDATA[@0liDavis7 Really?🤔😕 Maybe it's alerting you to see a doctor?😁]]></document>
		<document><![CDATA[https://t.co/mSO6VSIUl3 So... same as always 😐 #WhereDidSummerGo #OverThis]]></document>
		<document><![CDATA[@ThisIsUs_Fans_ @MiloVentimiglia @etnow @jonhuertas ..hmmmmm...I'll take your word for it 😐 But one thing I won't do... I WON'T turn off!]]></document>
		<document><![CDATA[@Breakfaston1 @Hilary_Barry @DanielFaitaua @brodiekane nice to see you back! 😍😁 Hey @jacktame how come your Twitter Account ain't verified?]]></document>
		<document><![CDATA[@idreamofsully I never use it. My family use iphones so can't transfer anything. And I don't use my laptop anymore. Just me &amp; my phone 😁]]></document>
		<document><![CDATA[@TVONENZ aaaaaahhhh, so good to have @800words (&amp; the Turner family) back again 😊❤]]></document>
		<document><![CDATA[@UkweliRoach @TheVulcanSalute @BrianWFoster 🤔😂😂😂😂 You guys are weird!]]></document>
		<document><![CDATA[@idreamofsully I have 1 too. Love it❤ 😊]]></document>
		<document><![CDATA[@rogerfederer @GrigorDimitrov @TommyHaas13 Peter Cetera must be loving this 😀😂😂😂 Love it!]]></document>
		<document><![CDATA[@NBCBlindspot it's funny what a little lipstick can do 😊]]></document>
		<document><![CDATA[@Microsoft @Azure that is REALLY COOL! 😀💕]]></document>
		<document><![CDATA[@NewshubSport silly boy!😐]]></document>
		<document><![CDATA[@ChrisEvans @omaze wishing I could enter! It's a bit difficult, flying out from Wellington #NZ 😁]]></document>
		<document><![CDATA[@stapleton20016 funny seeing people tweeting you, like your Sully!🤔 You should make a compilation &amp; post it to Sully's Instagram account 😁😂]]></document>
		<document><![CDATA[@BarackObama have fun and a good rest, the both of you 😊 Love from #NZ]]></document>
		<document><![CDATA[@TV2NZ Loving the repeat of #ThisIsUs, ahead of Season 2. (Just wish I had another box of tissues) 😢😁]]></document>
		<document><![CDATA[@jonlovett WOW!😮 Was expecting this. But then seeing it..complete shock!]]></document>
		<document><![CDATA[@BearGrylls Amen to that!👍]]></document>
		<document><![CDATA[@ABCSharkTank @michaelkcpang awwww WOW! Deal! Congratulations to the couple. I LOVE the dolls. I swear one of them looks like me!😀😁]]></document>
		<document><![CDATA[@ClaireDESPLAT @martingero @YouTube Noooooooo!😮 @BlindspotRoom are just messing with us. Surely?!? #Weller]]></document>
		<document><![CDATA[@SalaNimarota @NZStuff from #BoysIIMen 😐 Don't know whether to laugh or cry? (I really like their music! 😁)]]></document>
		<document><![CDATA[@SalaNimarota @NZStuff there should be. Some of them aren't 'youths' at all. But grown men!]]></document>
		<document><![CDATA[@ThisIsUs_Fans_ @skelechiwatson @peopleschoice @NBCThisisUs U were a winner frm 1st Ep! Congratulations! Lots of ❤ &amp; used tissues frm #NZ 🙌]]></document>
		<document><![CDATA[@SalaNimarota @NZStuff Noticed the Creek boys work in packs. U avoid them by going to another shop. Surprise, surprise their buddies waiting]]></document>
		<document><![CDATA[@SalaNimarota @NZStuff not only that. the SAME guys would turn up in Wellington at lunch time doing the same thing! #YouAgain #NoShame 😐]]></document>
		<document><![CDATA[@SalaNimarota @NZStuff YES. I gave to a beggar thinking it would be a 1-off. He was there again everyday &amp; used the $$ to buy ciggies!😠]]></document>
		<document><![CDATA[#LegoBatmanMovie has a new twist. Robin is Batman's adopted son! Sooooo...I think #13EzprezzoBar might need a new s… https://t.co/LbVZrzl9xp]]></document>
		<document><![CDATA[@HaydenPaddon Spectators know the risks. He gambled with his life &amp; unfortunately lost. My condolences to you, John &amp; the man's family 😐]]></document>
		<document><![CDATA[@SalaNimarota I know right. It's raining on and off like a tap in Wellington too 😐 #WhereDidSummerGo #OverThis]]></document>
		<document><![CDATA[@Dan_Fogelman I actually look forward to #ThisIsUs for the crying! It releases all the built up angst during the week. Such a relief! 😂]]></document>
		<document><![CDATA[@Single4JordanK @ThisIsUsFanCrew Loved him on that too! 'Rick' was a Vietnam War Vet so it didn't surprise me when he became #MajorDad 😊]]></document>
		<document><![CDATA[@ThisIsUsFanCrew I remember him on Simon &amp; Simon. 'Rick' The Cowboy! It's how I always him 😀😂😂😂 #ThisIsUs #DrK]]></document>
		<document><![CDATA[@SalaNimarota because it is 😐 Those people are everywhere and it's really starting to bug me!]]></document>
		<document><![CDATA[@TVONENZ Your bringing #Blindspot back to the box?!?😀 YESSSS! And THANK YOU! Season...2?]]></document>
		<document><![CDATA[@philipwinchestr he recently said the only complaints he had, were not being able to swear &amp; having to do 'steamy scenes' with clothes on! 😂]]></document>
		<document><![CDATA[Mums never seen @NBCBlindspot so we binged S1. Her angry face &amp; question "who the hell is she?" at the end. U think she's hooked?🤔😂 #Jeller]]></document>
		<document><![CDATA[@AstroKatie @EricHolthaus I was thinking the same 😐]]></document>
		<document><![CDATA[@LukeMitchell__ you should have taken Sully with ya.. He'd LOVE IT!!! 😁🍾🍷]]></document>
		<document><![CDATA[@ClaireDESPLAT @logan2_smith @brighouse1971 @kacisue10 @SereRenasArmy @_Lee_Slater_ Cool!😀 So your filming something for... #Blindspot?🤔]]></document>
		<document><![CDATA[@ClaireDESPLAT @michaeljbassett come again??? Joe Fiennes..as Michael Jackson?!? 😱]]></document>
		<document><![CDATA[@RealRonHoward you must be soooo proud! 😊👏]]></document>
		<document><![CDATA[@SalaNimarota @Schwarzenegger @TV3nz I'm laughing already!😀😂 #YouAreTerminated #TheApprentice]]></document>
		<document><![CDATA[@ABC @SalaNimarota awww... such a bittersweet moment 😢😭😭😭 #ThankYouObama]]></document>
		<document><![CDATA[@KevinRahm @LethalWeaponFOX oooooh about time! 😁😂]]></document>
		<document><![CDATA[@NBCBlindspot I miss #DamienScott. Have you ever done a reading and thought.. "woah! There should be a 'f#@* me' slipped in here" Hahaha 😁😂]]></document>
		<document><![CDATA[@jdecuypere great interview. Funny how all 3 pics are from #StrikeBack and not from #Blindspot. Or am I mistaken? 🤔 #SullivanStapleton]]></document>
		<document><![CDATA[@HaydenPaddon When the going gets tough, the tough get the jandals! 😁😂😂😂😂 #Kiwisandtheirjandals]]></document>
		<document><![CDATA[@marcuslush either. It gets wet anyway!]]></document>
		<document><![CDATA[@0liDavis7 morning! 🤗]]></document>
		<document><![CDATA[@SalaNimarota can't wait for it to open.. the road works up there is a pain in the a##! 😡 #Porirua #Aotea #CountdownSupermarket]]></document>
		<document><![CDATA[@SalaNimarota I've NEVER liked the nickname 'P'Town because of the drug 'P'. But Pyjama-Town? Since when? 🤔😁 https://t.co/hU8DrO3iNg]]></document>
		<document><![CDATA[@NBCNewYork 😀😂😂😂😂 oooh my stomach hurts! Poor Polar bear (poor guy)!]]></document>
		<document><![CDATA[@wassernixlein I remember. Even then I  wondered but it was so good it didn't matter. But I notice it now. Older &amp; wiser I guess 😂 #MacGyver]]></document>
		<document><![CDATA[@MacGyverCBS I laugh how Jack would name everyone by 1st &amp; last names..but never Macgyvers! Saying #Angus is just..too..hard? 🤔😂😂]]></document>
		<document><![CDATA[@PLenkov are you surprised? It's a really good show!😁 https://t.co/F8WMz1GCw0]]></document>
		<document><![CDATA[@StephenAmell So we can expect a more curvaceous profile of your butt next season? #Bumbumbumbuuuuum 😍😂😂😂 #Arrow]]></document>
		<document><![CDATA[@NBCThisisUs No! But can't wait!😢 #TobyInTrouble #TissuesonStandby #ThisIsUs]]></document>
		<document><![CDATA[@theblackpanther WOW! 2017 is already hotting up ya @sterlingkb1 CONGRATULATIONS!!! 😀👏]]></document>
		<document><![CDATA[@SalaNimarota that's really cool! Glad to see the old hall #WhitiTeRa is in good use 👍😊 #PoriruaCollege]]></document>
		<document><![CDATA[@BecEBreeds @LukeMitchell__ Happy Anniversary Ruby and Romeo 😉😊]]></document>
		<document><![CDATA[@idreamofsully @stapleton20016 U don't have 2 explain. Your profile starts with "I'm Barbara..." Some ppl are jst DUMB! 😂😂😂 #SullyImposters]]></document>
		<document><![CDATA[@stapleton20016 @idreamofsully no idea. But he's deluded! Disappointed the Followers he conned can't tell the difference 😐 #SullyImposter]]></document>
		<document><![CDATA[@stapleton20016 @idreamofsully man..these idiots! 😡 #SullyImposters]]></document>
		<document><![CDATA[@SlingshotNZ The latest tv ad.. great use of #IoT and hilarious! 👏😂]]></document>
		<document><![CDATA[@IainJohnstone4 @JimHarris @climatecouncil @ClimateReality @ClimateRealityA @Reality_Canada @350 bummer! 🤔😐]]></document>
		<document><![CDATA[Sylvester Stallone to direct Adam Driver in Tough as They Come https://t.co/SDY9xIyalB]]></document>
		<document><![CDATA[@SalaNimarota aaaah.. I didn't think you liked Orchestral music🤔 Are you going? #SymphonyattheLagoon #Porirua]]></document>
		<document><![CDATA[@0liDavis7 wow! 😃 Beautiful, but yeah...be careful all. And have a great day  too 😊]]></document>
		<document><![CDATA[@TaylorGoodwin__ I see why. The Aussies must loooove him! 😂]]></document>
		<document><![CDATA[@SalaNimarota Whatever rocks your boat my friend 😁💇]]></document>
		<document><![CDATA[@SalaNimarota wow! That's really short!😯😁]]></document>
		<document><![CDATA[@logan2_smith @LSTalent @AthanSporek @Cormacullinane @TimRBoardman @JadenWaldman1 Hi from #NZ Alex 😊🖐 Hope you guys have a great day.]]></document>
		<document><![CDATA[@0liDavis7 @BBCNews that's awful 🙁 I lived in Oldham and know that road well &amp; I have questions. My condolences to the girls families.]]></document>
		<document><![CDATA[@sdwmiller1 @F1 @ScuderiaFerrari I was thinking the same 😊]]></document>
		<document><![CDATA[@TheMarshallBell 'and Arybas was my father, a man who rolled in wealth.'
😊 #NewYearsResolution #FinishReading #TheOddysey]]></document>
		<document><![CDATA[@logan2_smith @kacisue10 @ClaireDESPLAT @brighouse1971 @SereRenasArmy Horray for Hunter!🙌😁]]></document>
		<document><![CDATA[@phil500 It's 10mins after midnight here.  Happy New Year my friend. Lots of love and best wishes for #2017, from NZ 😊🙌🍾🍻]]></document>
		<document><![CDATA[I couldn't agree more! 😁 #LiveLaughLove #BeYou https://t.co/W9GwEYHXUz]]></document>
		<document><![CDATA[@Johnmck419 I agree. But the look on her face..thats hard to take. Even for fans. She's appeared in WWE already. Would be a nice transition.]]></document>
		<document><![CDATA[@Johnmck419 what the hell?!? I think now..she should stick to movies 😯  #rouseyvsnunes #UFC207]]></document>
		<document><![CDATA[According to the test I'm a MAN! So if I stopped discussing Politics and eating in bed, that would make me more of… https://t.co/NXxH2sgHrc]]></document>
		<document><![CDATA[@SARugbyChick Thats a lot of stats and figures. But I'm more impressed with #38 Jamie Cudmores' age. The Grandaddy of Rugby! Amazing!😀😁]]></document>
		<document><![CDATA[@GeorgeBakhos Wooooow! 😀THAT was impressive! 😎👍]]></document>
		<document><![CDATA[@AnnaKendrick47 @YouTube totally agree!😍😊]]></document>
		<document><![CDATA[Wasn't expecting that! 😯 https://t.co/uYCEUhpUgB]]></document>
	</documents>
</author>