<author lang="en">
	<documents>
		<document><![CDATA[Not again? Why Greece could be on track for another bailout https://t.co/GIGBCqWrS3]]></document>
		<document><![CDATA[In 1950, the top country of birth among U.S. immigrants in South Carolina was Greece. https://t.co/dyDt9gwmVW]]></document>
		<document><![CDATA[#MVP #WayneTrain https://t.co/OCU8CX3mbn]]></document>
		<document><![CDATA[Parliaments of Israel, Cyprus and Greece committed to securing tangible results https://t.co/eqgAzTC8dG]]></document>
		<document><![CDATA[Thrilled @GNordlinger is with the @GSPMgwu program! https://t.co/xvqAfN2Rp7]]></document>
		<document><![CDATA[@ChrisOttoLNP Can we start the Cesar Hernandez to TB (pick your choice of promising SP) rumors?]]></document>
		<document><![CDATA[Future of Cyprus talks unclear via @in_cyprus https://t.co/t178RLhQOX #Cyprustalks]]></document>
		<document><![CDATA[Important response from @RealBenCarson. Thanks to @SenSherrodBrown for raising affordable senior housing for the re… https://t.co/VMAaQhMjwO]]></document>
		<document><![CDATA[@davpresto Especially because it's a home game!]]></document>
		<document><![CDATA[By voice vote, @RealBenCarson voted favorably out of Senate Banking Committee.]]></document>
		<document><![CDATA[Greek American Liveris, Pres/CEO, Dow, attended today's meeting with @POTUS. https://t.co/pZekgwmFij]]></document>
		<document><![CDATA[More on this from Bloomberg. | Greece Gets Year-Round U.S. Flights for First Time Since Crisis https://t.co/a54n24sJMo via @business]]></document>
		<document><![CDATA[Greece's participation at Normany also cited by the @WWIImuseum: https://t.co/7xaR7rbQH3]]></document>
		<document><![CDATA[Many folks don't know the Greeks participated at Normandy.  Six #Hellenic Navy ships participated that day. #allies]]></document>
		<document><![CDATA[RIP. | Last Greek hero of Normandy landing dies at age 95 https://t.co/fKPpLChZg5]]></document>
		<document><![CDATA[Fate of Turkish troops who fled to Greece to be decided this week https://t.co/Lfqt8NWvKo via @Reuters]]></document>
		<document><![CDATA[Good news. Emirates to Launch Year-Round Non-Stop Service Between Athens and Newark https://t.co/81yCPt0y2b]]></document>
		<document><![CDATA[Very sad...another young, electric arm lost to tragedy. RIP. https://t.co/jZeDhP13t7]]></document>
		<document><![CDATA[@BaseballGuys I hear ya on inflation. Hard to explain here, but ours only kicks in once-prior to last contract year. Thank u for your time!]]></document>
		<document><![CDATA[@BaseballGuys Other 6 kprs: Correa $1, Bryant 6, Archer 11, Hendricks 4, Miller 6, Britton $6. B/t Ramirz, Pollack 15, Braun 25, Freeman 26]]></document>
		<document><![CDATA[@BaseballGuys Am eager to read your player profile on J. Ramirez. Am considering him as 1 of my 7 keepers in 5x5 roto. Have him for $1.]]></document>
		<document><![CDATA[I learned a lot from Professor Russell my senior year at @NewhouseSU. This is great news &amp; well-deserved! Congratul… https://t.co/MxM4SNfayC]]></document>
		<document><![CDATA[I'm encouraged by this move. Previous mgmt would have overlooked him &amp; made him available in Rule 5. This instills… https://t.co/5Q099aexWC]]></document>
		<document><![CDATA[@RepGusBilirakis Congratulations!]]></document>
		<document><![CDATA[That's right. https://t.co/8oJaH6gvBA]]></document>
		<document><![CDATA["Discussions to thrash out a single, compromise map will be scheduled for a later date, government spokesman Nicos… https://t.co/S5o2muvWSd]]></document>
		<document><![CDATA[Rep. Hal Rogers takes over State/ForOps Subcmte. | Frelinghuysen Names Appropriations ‘Cardinals’ for 115th Congress https://t.co/owGmojaaE6]]></document>
		<document><![CDATA[Breakaway Senate Republicans Push to Delay Obamacare Repeal https://t.co/QLTcqe0ANV]]></document>
		<document><![CDATA[A good analysis of the #Cyprus talks this week. | Turkey holds key at last-ditch Cyprus talks https://t.co/LB5K5h68qp]]></document>
		<document><![CDATA[A good look at what's to come this week in Geneva | Cyprus leaders seek deal in 'historic opportunity' for peace https://t.co/isNN2VtU7m]]></document>
		<document><![CDATA[I know I'm late on this, but really a helluva tourney by #TeamUSA in the @HC_WJC #WorldJuniors to win gold. Just saw a recap on @NHLNetwork]]></document>
		<document><![CDATA[Nice piece of reporting by @Menhad. https://t.co/Cbrb42KM78]]></document>
		<document><![CDATA[For Greece and Turkey, an Old Rivalry Flares https://t.co/qItAYvtC5p]]></document>
		<document><![CDATA[It's all coming together. The Wentz bromance and now this. |  https://t.co/ncfJPnOdgZ cc: @RealGlenMacnow @ryanlawrence21 @JSalisburyCSN]]></document>
		<document><![CDATA[Confirmation hearing next week for Tillerson. https://t.co/Hh75244P8H]]></document>
		<document><![CDATA[How the Bucks made Giannis Antetokounmpo the most intriguing point guard in NBA history https://t.co/n3n2I2rvA3 via @FoxSports]]></document>
		<document><![CDATA[.@POTUS and Erdogan discussed #Cyprus and hope that upcoming settlement talks will lead to an agreement to reunify… https://t.co/SqUFim1I6e]]></document>
		<document><![CDATA[Thank you, @LoudounNow | Loudoun’s Greek Orthodox Parish Marks 10 Years with a New Name https://t.co/D7fCKpQoav via @Crunchify]]></document>
		<document><![CDATA[Belated thanks to @LTMnews for coverage of Holy Apostles name change, working to establish permanent home Page 21. | https://t.co/iKhlaUdpsi]]></document>
		<document><![CDATA['Patients who should live are dying': Greece's public health meltdown https://t.co/Ahvc9J5WTH]]></document>
		<document><![CDATA[@RealGlenMacnow Yes, agree, was thinking the same thing. Also, can the Eagles draft Clemson's entire receiving corps?]]></document>
		<document><![CDATA[Here's to a good start to conference play. #LetsGoOrange https://t.co/DJD4cntYvu]]></document>
		<document><![CDATA[@BaseballGuys Belated thnx for ’16. Had my best showing, 3rd, 12tm roto. Bought ’17 guidebook. Looking forward to the Oracle’s sage advice.]]></document>
		<document><![CDATA[Villanova/Creighton should be a nationally-televised game. #NCAAHoops]]></document>
		<document><![CDATA[Ankara stalls on leaders’ bilateral Cyprus meeting https://t.co/JBjXKD5UDL]]></document>
		<document><![CDATA[Hrysikos said he would donate the money raised to the Spartanburg Little Theatre. https://t.co/GLjlWFMA1m]]></document>
		<document><![CDATA[Greece: The Game Is On Again via @forbes https://t.co/dI8VvFuJAa]]></document>
		<document><![CDATA[Not kidding that Michael's #LastChristmas was playing on @washfm when we heard he passed away.]]></document>
		<document><![CDATA[Happy Hanukkah, Merry Christmas, and all the best in 2017!]]></document>
		<document><![CDATA[I'm equally dumbfounded. | Syracuse Basketball: Wait, what? https://t.co/EY7TnN5of3 via @NunesMagician]]></document>
		<document><![CDATA[@LeesburgMag Thank you!]]></document>
		<document><![CDATA[Hierarch Bestows Loudoun’s Greek Orthodox Parish w/ a Name Marking Its 10-year Anniversary | https://t.co/eyS3gQlpfr cc: @BarbaraComstock]]></document>
		<document><![CDATA[.@LTMnews Hierarch Bestows #Loudoun’s #GreekOrthodox Parish with a Name Marking Parish’s 10-year Anniversary https://t.co/eyS3gQlpfr]]></document>
		<document><![CDATA[Hierarch Bestows Loudoun’s #GreekOrthodox Parish w/ Name Marking Parish’s 10-year Anniversary https://t.co/eyS3gQlpfr cc: @HellenicnewsofA]]></document>
		<document><![CDATA[Is there a reason why the #Eagles have not run the ball like this all year?]]></document>
		<document><![CDATA[@apostolosz Thank you!]]></document>
		<document><![CDATA[Hierarch Bestows Loudoun’s Greek Orthodox Parish with a Name Marking Parish’s 10-year Anniversary https://t.co/eyS3gQlpfr cc: @apostolosz]]></document>
		<document><![CDATA[Hierarch Bestows Loudoun’s Greek Orthodox Parish w/ a Name Marking Parish’s 10-year Anniversary https://t.co/eyS3gQlpfr cc: @NationalHerald]]></document>
		<document><![CDATA[@Southfive He was a great Philhellene. May his memory be eternal.]]></document>
		<document><![CDATA[Sweet. Where can I buy one? https://t.co/vAIq42wLBa]]></document>
		<document><![CDATA[.@LoudounVANews Thought might be interested. | Loudoun's 1st Greek Orthodox church marked 10 years, gets formal name https://t.co/SQ4EbXVgV1]]></document>
		<document><![CDATA[.@LeesburgMag Thought might be interested. | Loudoun's 1st Greek Orthodox church marked 10 years, gets formal name https://t.co/SQ4EbXVgV1]]></document>
		<document><![CDATA[.@leesburgtoday Thought might be interested. | Loudoun's 1st Greek Orthodox church marked 10 years, gets formal name https://t.co/SQ4EbXVgV1]]></document>
		<document><![CDATA[Saddened to learn of his passing. He put up quite a fight.  RIP, Craig Sager. https://t.co/rY1XlQ7jGo]]></document>
		<document><![CDATA[Greece needs fair, growth-friendly budget, not more austerity: IMF https://t.co/Dou1u3w2wF via @Reuters]]></document>
		<document><![CDATA[Spat erupts between Greece and IMF over austerity https://t.co/wQdtxTcmuk]]></document>
		<document><![CDATA[Nomination hearing will be in early January, according to Senate Foreign Relations Chair Sen. Bob Corker. https://t.co/SMbyeXX32N]]></document>
		<document><![CDATA[This is impressive. https://t.co/EVKtWhZi5l]]></document>
		<document><![CDATA[#Greece #Cyprus #Israel https://t.co/dO1h92I3ZE]]></document>
		<document><![CDATA[Trump names Dow Chemical CEO Liveris to head Manufacturing Council https://t.co/KSC5DRzULz via @Reuters]]></document>
		<document><![CDATA[@kenvogel Providing him with an offensive line and WRs would help.]]></document>
		<document><![CDATA[@MatthewMcClusky Same jerk who went after Celek]]></document>
		<document><![CDATA[Nice profile piece on Amb. Lalacos. | “From Athens to Washington — A Global Perspective” by @michelebendall https://t.co/PQT5Gux6A2]]></document>
		<document><![CDATA[Good CR table provided here by @RollCall CQ | Threat of Government Shutdown Appears Lifted https://t.co/CZCjKrXJMl via @RollCall]]></document>
		<document><![CDATA[Greek energy company Energean to invest $1b in Israeli gas fields: https://t.co/Pa0HhM6CGg | via @GlobesEnglish #natgas #easternMed]]></document>
		<document><![CDATA[Israel, Greece, Cyprus agree on European gas pipeline: https://t.co/JReqJ8JSoz | via @GlobesEnglish #natgas #easternMed]]></document>
		<document><![CDATA[7 wins in a row!  #Flyguys are on fire! https://t.co/hZfXNf3nhN]]></document>
		<document><![CDATA[@daviddpearce And Philhellene: https://t.co/mDPZhkYGzN]]></document>
		<document><![CDATA[Rest in peace, American Hero. https://t.co/aRmjGOIc25]]></document>
		<document><![CDATA[Feels like the last day of school on the Hill.  Members shopping in gift shop, in line for ice cream.]]></document>
		<document><![CDATA[Heartfelt &amp; genuine tributes to @VP from both sides of the aisle. https://t.co/NYDYXiO7NJ  cc: @SUAlums]]></document>
		<document><![CDATA[Today is National Pearl Harbor Remembrance Day and 75th anniversary of the attack on Pearl Harbor. https://t.co/5QFJcQbgaL #pearlharbor75]]></document>
		<document><![CDATA[CR through to April 28.  House vote expected Thurs.; Senate Friday. https://t.co/VntUTeOY13]]></document>
		<document><![CDATA[Good signing. | Phillies, Benoit Agree To One-Year Deal https://t.co/OU25gKDI4D]]></document>
		<document><![CDATA[Let's Go Orange! #BeatUconn]]></document>
		<document><![CDATA[All set for Christmas. @NHLFlyers @28CGiroux #Flyers #Captain https://t.co/kRikdMF7fY]]></document>
		<document><![CDATA[Bad News for Rest of N.B.A.: Giannis Antetokounmpo Just Keeps Improving https://t.co/XGr88MjpN2]]></document>
		<document><![CDATA[Disabled Greeks protest as more austerity looms   https://t.co/AF5dX3fUBt]]></document>
		<document><![CDATA[President Anastasiades announces resumption of Cyprus talks https://t.co/aQBWo74qEO]]></document>
		<document><![CDATA[Recognition of family caregivers' needs/resources by Congress is imperative. I believe it starts with passing the bipartisan RAISE Act.]]></document>
		<document><![CDATA[Attending a critical discussion on family caregivers for an aging America hosted by @AARPpolicy. New reports by @theNASEM &amp; @AARPpolicy.]]></document>
		<document><![CDATA[Thank you, everyone, for your kind and thoughtful Name Day wishes! And Happy Name Day to all celebrating today! https://t.co/X8T11qjbnW]]></document>
		<document><![CDATA[The Greek American/AHEPA/OSS Greek Battalion story is a fascinating one and one that should not be forgotten or los… https://t.co/dF3F9FGjSg]]></document>
		<document><![CDATA[@NunesMagician That said, I also believe this depth will pay off.  Just a matter of time.]]></document>
		<document><![CDATA[@NunesMagician Picking up on your last sentence, I believe it's clear the team is struggling to find chemistry amid 3 transfers, 2 freshmen.]]></document>
		<document><![CDATA[Am curious to see how @Cuse_MBB responds coming off bad loss Saturday. Let's Go Orange! #BeatWisconsin #CuseMode]]></document>
		<document><![CDATA[CR next week. https://t.co/gGbDOxBoBm]]></document>
		<document><![CDATA[UN envoy: shuttle diplomacy to restart Cyprus peace talks https://t.co/a6CNWlERIP]]></document>
		<document><![CDATA[Substantive interview w/ US ambassador | Geoffrey Pyatt: Greece-USA cooperation closest it has been for a long time https://t.co/7UDZzde38Q]]></document>
		<document><![CDATA[Happy Thanksgiving, Tweeps! Lots for which to be thankful!]]></document>
	</documents>
</author>