<author lang="en">
	<documents>
		<document><![CDATA[@mathieuschreyer Great set tonight. Making my early morning rise well worth it.]]></document>
		<document><![CDATA[U.S. eases restrictions on cyber-security sales to Russian spy agency - https://t.co/u3ySP8erTZ https://t.co/65CmUQeAwe]]></document>
		<document><![CDATA[@rrhoover @FT @nytimes @business, AAPL's news app, @vsco, and @Flipboard]]></document>
		<document><![CDATA[@ChaseMit Tell me this is #fakenews. This can't be real. Donald can't be that much of a buffoon? Haha. I forgot to whom I'm referencing.]]></document>
		<document><![CDATA[Good call / catch @daringfireball. Analyst too often get this stuff wrong and lose a lot of money for the average investor.]]></document>
		<document><![CDATA[@Uber's service continues to be a huge disappointment. The drivers rely on a map program that doesn't work &amp; they don't know the city.]]></document>
		<document><![CDATA[Trump's next executive order looks to re-vamp H-1B and other visa programs - https://t.co/28tNda1cg9 https://t.co/CniaALoT7I]]></document>
		<document><![CDATA[I didn't know @realDonaldTrump was a doctor. When did that happen? Why is he talking about drug testing and approval?]]></document>
		<document><![CDATA[@gillesbertaux @rrhoover haha. same here. Took a few seconds to figure out what was going on.]]></document>
		<document><![CDATA[@markscott82 Have you seen this article? https://t.co/60ANi5g79D]]></document>
		<document><![CDATA[@NewsHour @PressSec Sadly, even if the administration is telling the truth. I don't believe them.]]></document>
		<document><![CDATA[Former #ACA administrator sounds off on the GOP’'s "unpatriotic" attempted #Obamacare “sabotage." -… https://t.co/V0p7JUW7TX]]></document>
		<document><![CDATA[@SneakyPeteTV Where can they take this plot? I'm so excited to see what the team has come up with.]]></document>
		<document><![CDATA[#NAFTA and other trade deals have not gutted American manufacturing — period - https://t.co/5pCrQjCVsS https://t.co/33UeqXN6pI]]></document>
		<document><![CDATA[One couldn't help but feel @Venuseswilliams excitement. I can't wait to see the sisters in the #ausopen final.… https://t.co/7meWIvU8KU]]></document>
		<document><![CDATA[@Anthony No, because the white house tech can provide the whatever setup he wants. State dept seemingly couldn't or wouldn't for Hillary.]]></document>
		<document><![CDATA[#Mumbai: Airport plan flies into trouble - https://t.co/zaHWcWWTbu #india https://t.co/s8H14fmZqf]]></document>
		<document><![CDATA[@IBM bets on the #blockchain to keep your medical data safe - https://t.co/77RKuBwCKK https://t.co/eGWhbov041]]></document>
		<document><![CDATA[Rise of Powerful Women at #Davos Belies Coming Job Destruction - https://t.co/34GB1J3LB8 https://t.co/LYSlWX7nS1]]></document>
		<document><![CDATA[#California Governor (@JerryBrownGov) to Trump: 'California is not turning back. Not now, not ever' -… https://t.co/Ec9Z2tIgax]]></document>
		<document><![CDATA[The 2017 #DucatiScrambler Desert Sled Will Exceed Your Expectations
- https://t.co/mMvC1QhZcC #ducati #motorcycles https://t.co/mwwYC6cRWK]]></document>
		<document><![CDATA[Another great night of music discovery. Thx @kcrwkramer.]]></document>
		<document><![CDATA[@JenGranholm Have you read any part of the #TPP? If so, what parts were bad for U.S. jobs? Was there anything good parts?]]></document>
		<document><![CDATA[Online security 101: Tips for protecting your privacy from hackers and spies https://t.co/9aIHoYZJZf]]></document>
		<document><![CDATA[According to Mozilla Foundations Director, Mark Surman, the internet is unhealthy and urgently needs your help -… https://t.co/pqpW4E5cmJ]]></document>
		<document><![CDATA[The Trump administration just lied about the balooning size of the federal workforce
 - https://t.co/A5vwdhh0cM… https://t.co/irTzkGHRjh]]></document>
		<document><![CDATA[Good job Bloomberg (@business) team on the new iOS app. Initial impressions are impressive.]]></document>
		<document><![CDATA[Exactly! https://t.co/R9gkYe1Pvi]]></document>
		<document><![CDATA[@MartinDiCaro Thank you! :)]]></document>
		<document><![CDATA[Tech firm (@tradingwebsite) creates Trump monitor for stock markets - https://t.co/jLntKWhCwi https://t.co/YwwnrxkQjW]]></document>
		<document><![CDATA[This just made my morning. #coffeeup https://t.co/5S4rG7AUjJ]]></document>
		<document><![CDATA[Dear @realDonaldTrump, we do care about your tax returns. You promised the American people. It is now time to live up to that promise.]]></document>
		<document><![CDATA[@MartinDiCaro @wamu885 What was the busiest day?]]></document>
		<document><![CDATA[More importantly is how @serenawilliams defended the talent of @luciesafarova. The reporter was rude to Williams an… https://t.co/x5r6BojLjd]]></document>
		<document><![CDATA[Yes. I'm not Tim Cook. https://t.co/nhShOoToIk]]></document>
		<document><![CDATA[Dear @Foursquare, I don’t want something. I want somewhere. #iwantsomewhere #contest https://t.co/ZScliJvGq2]]></document>
		<document><![CDATA[Y'all need to check out Shia LaBeouf, the rapper. Who knew? Skills! https://t.co/nOtjqxBW70]]></document>
		<document><![CDATA[Actually China has been befriending Mexico for over a decade. The U.S.A. is too preoccupied to see what's happening… https://t.co/MTXf1RCNCv]]></document>
		<document><![CDATA[Amazon just launched a cashier-free convenience store called @AmazonGo - https://t.co/1Pm1Aq8FQJ https://t.co/67YcDKO4R8]]></document>
		<document><![CDATA[SHAME! // Trump advisors aim to privatize oil-rich Indian reservations - https://t.co/EPnRoCA1rm https://t.co/8k3cq2oQoo]]></document>
		<document><![CDATA[What do you consider progress? https://t.co/rvBkohu9nQ]]></document>
		<document><![CDATA[Stop the Donald Trump myth-making machine; the Carrier deal is the same old corporate welfare 
 -… https://t.co/AULglFBdNu]]></document>
		<document><![CDATA[What a great way to engage and give back! Congratulations @zachklein. https://t.co/CZO3yAU6n2]]></document>
		<document><![CDATA[Hey @twitter low hanging fruit. Have a search field like FB to search just my followers. Boom! You can have that one for free.]]></document>
		<document><![CDATA[Donald Trump will be president thanks to 80,000 people in three states - https://t.co/mviOgvTEH1 https://t.co/9y3UKFJ6ot]]></document>
		<document><![CDATA[Laisseze-faire is showing signs of strain. "Swedish angst grows over tensions in public-private model
" -… https://t.co/niQWlV7QYJ]]></document>
		<document><![CDATA[@brycecovert @jwilcox79 What's the giveaway?]]></document>
		<document><![CDATA[Part 2/2 Ones purchasing power making $50K in San Fran, NYC, AK, or ID is dramatically different. Even in the same… https://t.co/gJJWsVAXRU]]></document>
		<document><![CDATA[This is so old think. We should and can have a flexible wage and tax system based on where one resides. Part 1 of 2. https://t.co/7mJsPB8vA5]]></document>
		<document><![CDATA['Alt-right’ online poison nearly turned me into a racist - https://t.co/BFy8jFFjII https://t.co/06vkOSlpDf]]></document>
		<document><![CDATA[Hi @BloombergTV, how can one turn off close captioning? The ccing isn't even accurate. This release isn't ready for production.]]></document>
		<document><![CDATA[Use the DOJs web form. Under topic, I choose 'other' and used the '2016 Vote Audit' in the first line.… https://t.co/jZONKCWQvR]]></document>
		<document><![CDATA[Are you serious @BetzArthur? A one page free trade agreement? Do you know how ridiculous that sounds?]]></document>
		<document><![CDATA[@dhh Forget my initial comment. I understand your point now.]]></document>
		<document><![CDATA[Easier said than done, no? https://t.co/ZoAkLyaaIn]]></document>
		<document><![CDATA[Matrix Runs on Windows XP - https://t.co/RocFlkDecG https://t.co/yVhZVbw484]]></document>
		<document><![CDATA[Jon Stewart's First Post-Election Interview Isn't Funny -- It's Important - https://t.co/H5uBZtwh2r https://t.co/7gk4TeHA5s]]></document>
		<document><![CDATA[This is upsetting. @Apple's routers are the most stable and easy to use. I also heard that $AAPL is getting rid of… https://t.co/iml52BZErc]]></document>
		<document><![CDATA[Obama Reckons with a Trump Presidency by @DrunkRemnick - https://t.co/WSpYf1vEp9 https://t.co/U3Bm9rnKzu]]></document>
		<document><![CDATA[@TomSteyer How can we move to sway members of the electoral college to vote for anyone else than Trump? Any thoughts?]]></document>
		<document><![CDATA["There are no bad pictures; that's just how your face looks sometimes." ~ Abraham Lincoln #fotoweekdc]]></document>
		<document><![CDATA[Apple Could Make an #iPhone in the U.S.A., But it Would Double the Price - https://t.co/EjGQcl2yWq https://t.co/KZYfUe1jXH]]></document>
		<document><![CDATA[@Stammy Why?]]></document>
		<document><![CDATA[Why the White Working Class Voted for Trump via @HarvardBiz - https://t.co/fESdRTiqYk https://t.co/s7SYqhyYRA]]></document>
		<document><![CDATA[The Data Dilemma

Using #bigdata to tailor ads can backfire with customers. 

https://t.co/SKuac1bwNs https://t.co/V7BGhD5TzR]]></document>
		<document><![CDATA[@leebroom What brand of hi-tops shoes are you wearing in the @htsi piece?]]></document>
		<document><![CDATA[@FotoWeekDC No worries. i created a complete list of events in Google calendar. That way ppl can pick and choose what they want to attend.]]></document>
		<document><![CDATA[The Referendum by Numbers: The Cost of EU Membership - https://t.co/nrIBErBYU7 #brexit https://t.co/pPA9byayeN]]></document>
		<document><![CDATA[A Pro Video Editor's Look at the New Macbook Pro @homasgcarter - https://t.co/BjQVrVAWJZ https://t.co/TbCiZldQYp]]></document>
		<document><![CDATA[@FotoWeekDC Do you have a Google calendar of all of your events?]]></document>
		<document><![CDATA[How #BigData Increases Inequality and Threatens Democracy via @mathbabedotorg - https://t.co/5lxxM36OAh https://t.co/XSLsujPQVX]]></document>
		<document><![CDATA[⚡️ “SNL goes for tears over laughs with tribute to Clinton and Cohen”

https://t.co/ZSnSAPJ2VP]]></document>
		<document><![CDATA[@umairh Sometimes one gets tired of fighting when people don't seem to care that you are getting beaten up.]]></document>
		<document><![CDATA[How biblical. https://t.co/n4MtJVx7a5]]></document>
		<document><![CDATA[@jonathonmorgan @wilfredchan looking forward to some good bedtime reading.]]></document>
		<document><![CDATA[Really? Since when? https://t.co/Z2dSPhPSsa]]></document>
		<document><![CDATA[Wow! This speaks volumes. Even Trump knows this is a complete disaster. https://t.co/zBI7IdHhzB]]></document>
		<document><![CDATA[Get out the vote! Prove them wrong. We make our own destiny, our own path. Don't let it be determined for you.… https://t.co/YfPJlfLfiv]]></document>
		<document><![CDATA[@portugaltheman Live on @KCRW - https://t.co/42ZF4R1XVO https://t.co/W4T5WXYVBF]]></document>
		<document><![CDATA[We Are Democrats - https://t.co/xURGPd6gXD @imwithher #election2016 #MAGA #wearedemocrats https://t.co/QOmDWLoWei]]></document>
		<document><![CDATA[@Anthony @Slate Well, If one took the time to read the article, it makes sense, but the title is total clickbait.]]></document>
		<document><![CDATA[@Anthony Got it. Thx.]]></document>
		<document><![CDATA[@Anthony Ugh! Typical @Slate journalistic malaise. The title allows for multiple interpretations. Geez!]]></document>
		<document><![CDATA[@HillaryClinton is NOT corrupt. You know better @Anthony! Let's stop this shoot-from-the-hip responses and journali… https://t.co/p9IJlhoImu]]></document>
		<document><![CDATA[Hey @twitter, I'm sure I am not the only one but a 'save' feature would be appreciated to read links later.]]></document>
		<document><![CDATA[@anildash Most people use their laptops as laptops and not desktops, no.]]></document>
		<document><![CDATA[#BlackLivesMatter activist @deray endorses Clinton - https://t.co/gJC3aeiV1V #imwithher]]></document>
		<document><![CDATA[Discussion with Muhammad Yunnus founder of Grameem Bank and Nobel Peace Prize Laureate. (@ Lisner Auditorium) https://t.co/tGcsVo6fRB]]></document>
		<document><![CDATA[Impressed with what I've 'seen' of Microsoft's Surface Studio PC - https://t.co/4pnhsexumI]]></document>
		<document><![CDATA[@Snapchat Seeks to Raise as Much as $4 Billion in IPO ~ https://t.co/OyKyQnADaJ $$]]></document>
		<document><![CDATA[it's not the end of the world but def a UI/UX issues that's an easy fix. https://t.co/7rgH2Dba3o]]></document>
		<document><![CDATA[The problem is a lot of offices/desk are getting rid of phones and that is a real problem. How do you actually talk… https://t.co/oLWqxFUoqV]]></document>
		<document><![CDATA[True, but it's deeper than just him. https://t.co/G6kYuhbi05]]></document>
		<document><![CDATA[$TWTR $$ https://t.co/pBMzYQv7p1]]></document>
		<document><![CDATA[Good article, "AT&amp;T Is Buying Time Warner Because the Future is Google" by @klintron, but @AOL bought TW. https://t.co/G8akOJxs8n]]></document>
		<document><![CDATA[$12M really?!?! Really?!?! Unbelievable. I'm so tired of American news agencies. So much spin &amp; hot air, but no sub… https://t.co/2WQI7kDEge]]></document>
		<document><![CDATA[Irresponsible journalism @dhh. Where's the smoking gun? The news &amp; journalist shouldn't go around flaming conspiracy theories w/o proof.]]></document>
		<document><![CDATA[Very telling if this is remotely true. https://t.co/C98NF8H9wT]]></document>
		<document><![CDATA[@brianstelter How much video do you really watch on your mobile device?]]></document>
		<document><![CDATA[@SwedeninUSA What's the current wait time? The line is very long.]]></document>
	</documents>
</author>