<author lang="en">
	<documents>
		<document><![CDATA[Seem pretty accurate! Let's go Saturday! https://t.co/SyDkrYIQet]]></document>
		<document><![CDATA[Do you need a Logo and a Business Card Design for your business? Fret no more! We have a package… https://t.co/7ps6lWHzg3]]></document>
		<document><![CDATA[If HOT graphics is what you need? HOT graphics is what you'll get!! Rates starting $20 +paypal… https://t.co/fhLvAc5Ttx]]></document>
		<document><![CDATA[We heard your request and so we are making it happen. new Package Deals coming soon!… https://t.co/978k4DE5IP]]></document>
		<document><![CDATA[Okay okay I can't hold it anymore!!! E-ssential Assistant Services, LLC IS MOVING INTO IT OWN… https://t.co/viyfqYhuEp]]></document>
		<document><![CDATA[Once day or Day one?! YOU DECIDE! Happy Friday! https://t.co/wldghFNFV5]]></document>
		<document><![CDATA[Oprah Gail Winfrey is an African American entrepreneur, TV show host, actress, producer, and… https://t.co/TpwHsX7kY6]]></document>
		<document><![CDATA[Valid Question for Thursday morning, Don't you agree?! ...Good morning Thursday! https://t.co/5UI2f0HpaF]]></document>
		<document><![CDATA[EAS honors black history Month!! We not only celebrate the African American Culture but in… https://t.co/gtE9y1xaXP]]></document>
		<document><![CDATA[A SETBACK is a SET-UP for a COMEBACK!-unknown..GOOD MORNING! https://t.co/unRI50hB46]]></document>
		<document><![CDATA[We have a package deal  for you! Get a Pro Logo, Business card design and Email Signature design… https://t.co/tA9JZ5jQdG]]></document>
		<document><![CDATA[We have a package deal  for you! Get a basic Logo, Business card design and Email Signature… https://t.co/31dHxl0AMt]]></document>
		<document><![CDATA[Someone needed it today including myself! Good morning Tuesday!! https://t.co/D6PTikX89y]]></document>
		<document><![CDATA[Do you need a Logo and a Business Card Design for your business? Fret no more! We have a package… https://t.co/mg8Wz2Z71C]]></document>
		<document><![CDATA[Do you need a Logo and a Business Card Design for your business? Fret no more! We have a package… https://t.co/9r9JfJhb4g]]></document>
		<document><![CDATA[Good morning Monday! The last Monday in January! Make it GREAT! https://t.co/aexQHMEhCd]]></document>
		<document><![CDATA[NEED FLYER DESIGNS FOR YOUR BUSINESS OR AN EVENT?? E-flyers (Web based ads only)-$20; 
Web and… https://t.co/hFFEBJREHX]]></document>
		<document><![CDATA[TODAY ONLY!!!! FLASH DEAL FRIDAY!!!! Get your E-flyer/Social Ads for $10!!!!!!!!!!! TODAY… https://t.co/TwXLM6rMIi]]></document>
		<document><![CDATA[Good morning! HAPPY Friday! https://t.co/Szre2WwitN]]></document>
		<document><![CDATA[E-ssential Assistant Services,LLC is looking for dependable CREATIVE intern(S) with STRONG… https://t.co/OhYavg7Jja]]></document>
		<document><![CDATA[E-ssentialAssistant Services, LLC.
"Absolutely. Necessary. "

We specialize in Business… https://t.co/OdV3EBeu2r]]></document>
		<document><![CDATA[I am my only competition because I only compete with the best!-Stacey B. https://t.co/nvYBVPjCYa]]></document>
		<document><![CDATA[If HOT graphics is what you need? HOT graphics is what you'll get!! Rates starting $20 +paypal… https://t.co/Px8AnUWKfI]]></document>
		<document><![CDATA[Advance your brand just one step further! It's "Absolutely. Necessary."

For more information,… https://t.co/M4hnjlxtJz]]></document>
		<document><![CDATA[QOTD: which would you choose? https://t.co/fRNnCbQw3U]]></document>
		<document><![CDATA[Be A Bossed or Be Bossed! Your choice?! https://t.co/nmMPAG9sK6]]></document>
		<document><![CDATA[E-ssential Assistant Services,LLC is looking for dependable CREATIVE intern(S) with STRONG… https://t.co/et8VKSqGcf]]></document>
		<document><![CDATA[Advance your brand just one step further! It's "Absolutely. Necessary."

For more information,… https://t.co/lxSBXCCUuP]]></document>
		<document><![CDATA[Good morning! Happy Monday! https://t.co/S4XBdT8wMg]]></document>
		<document><![CDATA[If HOT graphics is what you need? HOT graphics is what you'll get!! Rates starting $20 +paypal… https://t.co/EfyjZ7wKRn]]></document>
		<document><![CDATA[Networking Friday!! 

Share your business, products or services along with links 
to your pages… https://t.co/kv2t9AW5cE]]></document>
		<document><![CDATA[We don't want you to go but before you do we want to say "Thank You President Barack &amp; First… https://t.co/jbuJW0IPiH]]></document>
		<document><![CDATA[Good Morning! https://t.co/txI88rzWc1]]></document>
		<document><![CDATA[Before they called me Boss, they use to call me Baby! ❤️❤️ #tbt https://t.co/yXAzfetbaM]]></document>
		<document><![CDATA[Good morning! Happy Mistake Day! 😉 https://t.co/lMbrnXG6cs]]></document>
		<document><![CDATA[Advance your brand just one step further! It's "Absolutely. Necessary." For more information,… https://t.co/Jm5aVKeV5E]]></document>
		<document><![CDATA[Advance your brand just one step further! It's "Absolutely. Necessary." For more information,… https://t.co/mdxgZXZzpj]]></document>
		<document><![CDATA[Hey Wednesday 👋🏾! Good morning! https://t.co/y8JoMhKR7C]]></document>
		<document><![CDATA[Advance your brand just one step further! It's "Absolutely. Necessary." For more information,… https://t.co/mUEMU5PsYY]]></document>
		<document><![CDATA[Advance your brand just one step further! It's "Absolutely. Necessary." For more information,… https://t.co/9GEmm37rot]]></document>
		<document><![CDATA[THE E-SSENTIAL SHIELD! Our new Logo! What do you think?! https://t.co/LDY283SgiA]]></document>
		<document><![CDATA[Advance your brand just one step further! It's "Absolutely. Necessary." For more information,… https://t.co/iFgNJXKTE0]]></document>
		<document><![CDATA[Advance your brand just one step further! It's "Absolutely. Necessary." For more information,… https://t.co/yeHucIda8O]]></document>
		<document><![CDATA[We Had a dream like Dr. King and decided to give our clients 15% off ALL GRAPHIC SERVICES! Today… https://t.co/C9ewrCRawV]]></document>
		<document><![CDATA[I Believe and Declare! 🙌🏾 Good morning ! https://t.co/wcL7dn7QLv]]></document>
		<document><![CDATA[We Had a dream like Dr. King and decided to give our clients 15% off ALL GRAPHIC SERVICES for… https://t.co/zLlZScoOvl]]></document>
		<document><![CDATA[Want a one of a kind business card design for you business? 

Advance your brand just one step… https://t.co/81vYZiv53x]]></document>
		<document><![CDATA["FIRST IMPRESSION ARE LASTING IMPRESSION." Build your Brand correctly.

Get your Logo Designs… https://t.co/XTYFJPb7rT]]></document>
		<document><![CDATA[Good morning Thursday. https://t.co/gYDFygRqa6]]></document>
		<document><![CDATA[My answer is :FACEBOOK https://t.co/mdjEZJlUSp]]></document>
		<document><![CDATA[My answer is :FACEBOOK https://t.co/5FrzJnapYb]]></document>
		<document><![CDATA[Morning! https://t.co/76ajGWxEdZ]]></document>
		<document><![CDATA[WAKE UP!!! Good morning! https://t.co/pAZHr0gxvH]]></document>
		<document><![CDATA[Do you need Graphics for your business or events? We can help you with that! Reasonable prices… https://t.co/KGKpmuTmKX]]></document>
		<document><![CDATA[Don't forget about our VA Services! EAS is your one stop shop!!

Advance your brand just one… https://t.co/xjmLgBhBRr]]></document>
		<document><![CDATA[Satisfaction Guaranteed! If you need Social Ads or Flyers to promote your business or event?… https://t.co/vt7OcgTrow]]></document>
		<document><![CDATA[Changed locations to get some free wi-for and got a free cup of coffee also! How nice! Thanks… https://t.co/htFwzJZlgX]]></document>
		<document><![CDATA[Decided work remotely today! Somewhere in D.C.! Needed a new scenery😉 https://t.co/xZZTdy3Vpt]]></document>
		<document><![CDATA[NEED FLYER DESIGNS FOR YOUR BUSINESS OR AN EVENT??  E-flyers (Web based ads only)-$20; 
Web and… https://t.co/mv5fezRcyN]]></document>
		<document><![CDATA[Advance your brand just one step further! It's "Absolutely. Necessary." For more information,… https://t.co/mr4fhzdMEW]]></document>
		<document><![CDATA[Good Morning U! Happy Monday! https://t.co/V79HSiZzvE]]></document>
		<document><![CDATA[Good Morning U! Happy Monday! https://t.co/r28XBNjijT]]></document>
		<document><![CDATA[Your Logo is the face of your Brand! This is how your clients identify who you are for the… https://t.co/qCzqXP99VE]]></document>
		<document><![CDATA[When our clients are happy so are we!  Need Flyers for your business or an upcoming… https://t.co/F5qXGjMceL]]></document>
		<document><![CDATA[TODAY ONLY!!!! FLASH DEAL FRIDAY!!!! Get your E-flyer/Social Ads for $10!!!!!!!!!!!  TODAY… https://t.co/u0V8QhuzIl]]></document>
		<document><![CDATA[Good morning!!! The word of today kids is: https://t.co/3uvoOwBkvU]]></document>
		<document><![CDATA[🖥 🎨....what are you doing?! https://t.co/PfHB7OlbWa]]></document>
		<document><![CDATA[Do you need to get marketing material designed and printed for your business?! 

✔Yard… https://t.co/6H4vMK4N6k]]></document>
		<document><![CDATA[Hello Thursday! https://t.co/l2rz6vNcOU]]></document>
		<document><![CDATA[HELLO 2017! Just know that your business will NEVER be the same! Especially once your advance… https://t.co/DKOQacIzhn]]></document>
		<document><![CDATA[HELLO 2017! Just know that your business will NEVER be the same! Especially once your advance… https://t.co/N43HfPKCfQ]]></document>
		<document><![CDATA[NEED PROMOTIONAL DESIGNS FOR YOUR BUSINESS OR AN EVENT?? 
✔️T-Shirts✔Logos✔Flyers… https://t.co/LKJcQGiGwD]]></document>
		<document><![CDATA[Good morning! Happy Tuesday! https://t.co/1m9zhfnnPE]]></document>
		<document><![CDATA[Your Logo is the face of your Brand! This is how your clients identify who you are for the… https://t.co/A1jiYiBD16]]></document>
		<document><![CDATA[Happy New Year 2017!!! Let's go! 💋 https://t.co/8hqxVe1YRJ]]></document>
		<document><![CDATA[HELLO 2017! Just know that your business will NEVER be the same! Especially once your advance… https://t.co/zydQYk6tlJ]]></document>
		<document><![CDATA[Better late than never!!! Happy New Year!!! https://t.co/Bpj28laQem]]></document>
		<document><![CDATA[Today starts page 1 of your next 365. How will you help God write it?!  Here's your chance to… https://t.co/MI88QKrfxB]]></document>
		<document><![CDATA[HAPPY NEW YEAR!!!!! From the EAS family!  May God continue to bless you! https://t.co/p1ZeJHZyQQ]]></document>
		<document><![CDATA[Happy New Year from the E-ssential Assistant Services, LLC team https://t.co/jdp7cUX1EB]]></document>
		<document><![CDATA[Work so hard that your Doubters ask for your autograph and your haters claim they know you! 😘😜… https://t.co/wdFxJYHzuC]]></document>
		<document><![CDATA[Work so hard, Your Doubters ask for your autograph! https://t.co/wdFxJYHzuC]]></document>
		<document><![CDATA[To see the whole video, please visit:https://t.co/wMQA9ko1d7 

NEED PROMOTIONAL DESIGNS FOR… https://t.co/Hfw5fFOIpg]]></document>
		<document><![CDATA[We are headed into the New Year and I know you are tired of being turned down and DENIED for… https://t.co/yfTEGT8sHv]]></document>
		<document><![CDATA[My only Resolution I have for 2017 is to start getting up at 430a to start my day. Everything… https://t.co/g121WKcbd6]]></document>
		<document><![CDATA[Your Logo is the face of your Brand! This is how your clients identify who you are for the… https://t.co/7nt3VkgA3K]]></document>
		<document><![CDATA[We are entering into an E-ssential New Year!!!Go bye 2016!!! HELLO 2017! Just know that your… https://t.co/qWnAYNXZnT]]></document>
		<document><![CDATA[Awk-ward...! #EpisodeDoesPLL https://t.co/YC2Pu6BWjP cutie  https://t.co/yK3JnWDydr https://t.co/Zqvu9Eq67w]]></document>
		<document><![CDATA[Merry Christmas &amp; Happy Holidays from the Eas2Lc family! https://t.co/VWHS2OWUi9]]></document>
		<document><![CDATA[Looking to spruce up your resume? *100% hiring rate* 

Advance your brand just one step further!… https://t.co/I10n1ZXHKH]]></document>
		<document><![CDATA[Are you looking to promote your business through a short video? Take your brand to the next… https://t.co/0s1vygq2g9]]></document>
		<document><![CDATA[We are entering into an E-ssential New Year!!!Go bye 2016!!! HELLO 2017! Just know that your… https://t.co/04uNtkcTkL]]></document>
		<document><![CDATA[We are entering into an E-ssential New Year!!!Go bye 2016!!! HELLO 2017! Just know that your… https://t.co/9LlUv0DgcF]]></document>
		<document><![CDATA[The story of my life! GM Thursday! https://t.co/bUappyeSkY]]></document>
		<document><![CDATA[NEED PROMOTIONAL DESIGNS FOR YOUR BUSINESS OR AN EVENT?? 
✔️T-Shirts✔Logos✔Flyers… https://t.co/jw6cQTdkbA]]></document>
		<document><![CDATA[We would like to say Thank you to all our past, present and future clients at E-ssenti Assistant Services. Happy Ho… https://t.co/kpQEqfL6xC]]></document>
		<document><![CDATA[Are you in need of T-shirts or other apparel for business or upcoming events? We got you! Get… https://t.co/ag9JIWlfrl]]></document>
		<document><![CDATA[Wisdom Wednesday.. Good morning!! https://t.co/22FFrkHyJZ]]></document>
		<document><![CDATA[We are entering into an E-ssential New Year!!!Go bye 2016!!! HELLO 2017! Just know that your… https://t.co/fO0986kdFP]]></document>
		<document><![CDATA[Advance your brand just one step further! It's "Absolutely. Necessary." For more information,… https://t.co/GSy10qoe2w]]></document>
	</documents>
</author>