<author lang="en">
	<documents>
		<document><![CDATA[you know what it is • @wayward_to tonight • txt 416.220.3531 or DM to RSVP https://t.co/aNIqVQCacC https://t.co/M7VTk8w6tU]]></document>
		<document><![CDATA[lost in the sauce • @lost577 tonight • txt 426.220.3531 or DM to RSVP https://t.co/gUk7USAhYF https://t.co/9xde5yuUas]]></document>
		<document><![CDATA[#stayclassy • #overheard https://t.co/CqoBfhOv5p https://t.co/YVUrdDdzwH]]></document>
		<document><![CDATA[#bae • #overheard https://t.co/DXkEnAN8MY https://t.co/wyXt0opVR5]]></document>
		<document><![CDATA[@wayward_to behaviour • txt 416.220.3531 or DM to RSVP https://t.co/bKKwzw5Nnp https://t.co/1M5LZcNsHp]]></document>
		<document><![CDATA["where are you tonight?" " @wayward_to , roll through! " • txt 416.220.3531 or DM to RSVP https://t.co/lKPY3NBAm6 https://t.co/f6zXsdqxku]]></document>
		<document><![CDATA[@wayward_to behaviour • txt 416.220.3531 or DM to RSVP https://t.co/as8G8P90P6 https://t.co/ixwoeCOHDB]]></document>
		<document><![CDATA[back in town in time to celebrate @gerardxjoseph • @lost577 tonight • txt 416.220.3531 to … https://t.co/1U99crDaya https://t.co/1ABVXNzN5Z]]></document>
		<document><![CDATA[@wayward_to behaviour • join me tonight • DM or txt 416.220.3531 to RSVP https://t.co/GoY9hF7fFC https://t.co/xUbDnbbUvj]]></document>
		<document><![CDATA[when you're serious about putting your back into it • @wayward_to tonight • DM or TXT 416.… https://t.co/GSYkNaQT6S https://t.co/13hUbzpImZ]]></document>
		<document><![CDATA[oh saturday. • @wayward_to tonight • DM or txt 416.220.3531 to RSVP https://t.co/FyB3q4Sm1z https://t.co/MffoBxJrID]]></document>
		<document><![CDATA[it's a @lost577 thing • last minute reservations - DM or txt 416.220.3531 to RSVP https://t.co/DgKNsNmas6 https://t.co/8gZ15kr9ug]]></document>
		<document><![CDATA[is there any other way? • #overheard https://t.co/y2I901RY8l https://t.co/rHJSVd69eJ]]></document>
		<document><![CDATA[of the Lin variety • #overheard https://t.co/1T1GGFaNUT https://t.co/dQ1WijFrBH]]></document>
		<document><![CDATA[views • join me tonight at @wayward_to • DM or TXT 416.220.3531 to RSVP https://t.co/twajld7aRt https://t.co/lD3ThJFH06]]></document>
		<document><![CDATA[views • join me tonight at @wayward_to • DM or TXT 416.220.3531 to RSVP https://t.co/2rue5WpKTE https://t.co/zkZaIgoL49]]></document>
		<document><![CDATA[views • join me tonight at @wayward_to • DM or TXT 416.220.3531 to RSVP https://t.co/INbCCSI4gv https://t.co/Du6KV04gRV]]></document>
		<document><![CDATA[☕️🐸• #overheard https://t.co/4cjbEMBu5S https://t.co/vjjyJx3CVe]]></document>
		<document><![CDATA[yes I'm still alive. Yes I'm doing a round two • @wayward_to • txt 416.220.3531 or DM to j… https://t.co/0rcUzdtdvC https://t.co/D5RbeRqMXj]]></document>
		<document><![CDATA[the celebrations continue inside @wayward_to tonight • txt 416.220.3531 or DM for guest li… https://t.co/mMvbWN7cg8 https://t.co/Tw1nPyA9NQ]]></document>
		<document><![CDATA[the celebrations continue inside @wayward_to tonight • txt 416.220.3531 or DM for guest li… https://t.co/3TWGj2YnbP https://t.co/mxe5VkbV0a]]></document>
		<document><![CDATA[no. • celebrate my lack of sleep ways tonight at @lost577 • txt 416.220.3531 or DM for res… https://t.co/WYKE5XNqoW https://t.co/XlmcMQzGLg]]></document>
		<document><![CDATA[Just be happy that I do • #overheard • celebrating another year tonight https://t.co/FV9lmp144P https://t.co/m2rmX3txp6]]></document>
		<document><![CDATA[it's a thing • txt 416.220.351 or DM if you're celebrating with me tomorrow • bottle servi… https://t.co/Rmi1f7CIG2 https://t.co/JB6JGLOODZ]]></document>
		<document><![CDATA[a new day • 📷: @brychong https://t.co/RncncpwaSr https://t.co/gUf9vjhlh8]]></document>
		<document><![CDATA[a new day • 📷: @brychong https://t.co/il5R4n9ldX https://t.co/HOpGAqVBBl]]></document>
		<document><![CDATA[for those asking. https://t.co/vFNw6Igo2S https://t.co/t3VOYojCCR]]></document>
		<document><![CDATA[a send off or a celebration? • txt 416.220.3531 or DM for info on #NYE at @wayward_to https://t.co/MtBBg72cHy https://t.co/erXc1ST8oA]]></document>
		<document><![CDATA[a send off or a celebration? • txt 416.220.3531 or DM for info on #NYE at @wayward_to https://t.co/NrPxUgPL4M https://t.co/UEquLkj46w]]></document>
		<document><![CDATA[where will you be? • txt 416.220.3531 or DM for @wayward_to #NYE tickets https://t.co/Ikno6Rt8wD https://t.co/4MgX0mt4i3]]></document>
		<document><![CDATA[#NYE planning. Get on it. • tickets and bottle service reservations available for @wayward… https://t.co/2HBHQHDPtW https://t.co/2ytsSxmzjm]]></document>
		<document><![CDATA[when you come enough to learn the wifi • #overheard https://t.co/gsUKzSRNCn https://t.co/VFxau2avcu]]></document>
		<document><![CDATA[when fashion goes wrong • #overheard https://t.co/isbATMVfBH https://t.co/RHkOhfCDY0]]></document>
		<document><![CDATA[#NYE is fast approaching • txt 416.220.3531 or DM for tickets or bottle service • @wayward… https://t.co/gpMnwFRf5N https://t.co/JZSfcCapnd]]></document>
		<document><![CDATA[It's a lituation • tonight at @lost577 • txt 416.220.3531 or DM to RSVP https://t.co/jSDLnULchh https://t.co/dkdDPfJRX5]]></document>
		<document><![CDATA[@lost577 has great lighting... obviously • check it out tonight - txt 416.220.3531 or DM t… https://t.co/SRTX1zVGIi https://t.co/rWaPs5tO7m]]></document>
		<document><![CDATA[straight forward definition if you ask me • let's celebrate tonight at @lost577 • txt 416.… https://t.co/XoANvQEuSh https://t.co/A0pSTkVi4q]]></document>
		<document><![CDATA[celebrating all things lit tonight at @lost577 • txt 416.220.3531 or DM to RSVP https://t.co/2weKO9NQpv https://t.co/LmydczKtV3]]></document>
		<document><![CDATA[well then... • #overheard https://t.co/GZUJx6eOsn https://t.co/4oDLgxbCJI]]></document>
		<document><![CDATA[obviously a voice of an angel • #overheard https://t.co/eXzz9SrSW1 https://t.co/R1t9smT9aL]]></document>
		<document><![CDATA[@wayward_to behaviour tonight • txt 416.220.3531 or DM to RSVP https://t.co/I6C4oLt2lk https://t.co/o5paqeC55j]]></document>
		<document><![CDATA[@wayward_to behaviour tonight • txt 416.220.3531 or DM to RSVP https://t.co/cwTxCIk25p https://t.co/SLObGTV5ms]]></document>
		<document><![CDATA[the motto for the night • @wayward_to • txt 416.220.3531 or DM if you're joining the debau… https://t.co/NaV38JPnnN https://t.co/5PxMA9ZRpH]]></document>
		<document><![CDATA[🙏🏾Friday • join me tonight at @lost577 • txt 416.220.3531 or DM to Bottle Service or info https://t.co/M1W8n5Owza https://t.co/SXutdcO4RE]]></document>
		<document><![CDATA[🙏🏾Friday • join me tonight at @lost577 • txt 416.220.3531 or DM to Bottle Service or info https://t.co/NdftpLLdzf https://t.co/5FIKD5JEh7]]></document>
		<document><![CDATA[🙏🏾Friday • join me tonight at @lost577 • txt 416.220.3531 or DM to Bottle Service or info https://t.co/9i0IoCVx62 https://t.co/mG5pZB7VCZ]]></document>
		<document><![CDATA[#torontolife with @a___part • 📷@brychong https://t.co/sYBlPHw2FR https://t.co/UoYRc2EAlh]]></document>
		<document><![CDATA[#torontolife with @a___part • 📷@brychong https://t.co/6VsfabHuco https://t.co/VBIAPPeJIF]]></document>
		<document><![CDATA[mood: billionaire status • #torontolife with @a___part • 📷@brychong https://t.co/aSaetTqYs7 https://t.co/l0RgzRD5nF]]></document>
		<document><![CDATA[@a___part travels • 📷: @brychong | more travels and adventures on the page https://t.co/r6mPeoDfoE https://t.co/X0vMjzSRAi]]></document>
		<document><![CDATA[@a___part travels • 📷: @brychong | more travels and adventures on the page https://t.co/Y6UFatlHRr https://t.co/fVTo7SWKdh]]></document>
		<document><![CDATA[@a___part travels • 📷: @brychong | more travels and adventures on the page https://t.co/woKJodhM56 https://t.co/cWVhn0s019]]></document>
		<document><![CDATA[@a___part travels • 📷: @brychong | more travels and adventures on the page https://t.co/9AiSlHoony https://t.co/uCnv7bxIfX]]></document>
		<document><![CDATA[@a___part travels • 📷: @brychong | more travels and adventures on the page https://t.co/zChcROXoF3 https://t.co/O4Qmt3bFCy]]></document>
		<document><![CDATA[@a___part travels • 📷: @brychong | more travels and adventures on the page https://t.co/QoTDwxlkyz https://t.co/7bozquN31T]]></document>
		<document><![CDATA[☕️🐸 • #overheard https://t.co/mTdSnQB8cO https://t.co/lWxiVEgYZX]]></document>
		<document><![CDATA[Et tu technology?! Et tu?! • #overheard https://t.co/6DxormJUm5 https://t.co/81taEMQFB9]]></document>
		<document><![CDATA[the people make the party • join me tonight at @wayward_to • txt 416.220.3531 to RSVP https://t.co/RLl3u2jgVS https://t.co/TWOhAMqpnm]]></document>
		<document><![CDATA[either there or dancing on a couch • @wayward_to tonight • txt 416.220.3531 or DM to RSVP https://t.co/ayURLJ3hQQ https://t.co/5yIbQyGAS2]]></document>
		<document><![CDATA[I obviously dress up to get down • join me tonight at @wayward_to • txt 416.220.3531 or DM… https://t.co/4HaZlEaNwl https://t.co/JoI7U2zrNJ]]></document>
		<document><![CDATA[it a @lost577 thing • join me tonight • txt 416.220.3531 or DM to RSVP https://t.co/2PYDeci94n https://t.co/NnrIyMNPO0]]></document>
		<document><![CDATA[champagne? • @lost577 tonight • txt 416.220.3531 or DM to RSVP https://t.co/Y0DoyoqjL5 https://t.co/G8BUjePFPV]]></document>
		<document><![CDATA[champagne? • @lost577 tonight • txt 416.220.3531 or DM to RSVP https://t.co/wpuvnpvdcV https://t.co/7AX6LCNtpV]]></document>
		<document><![CDATA[been up, all the way up https://t.co/g2rHT4yaoy https://t.co/0MI0yLPCbQ]]></document>
		<document><![CDATA[been up, all the way up https://t.co/ygTem38uKQ https://t.co/Nb7w2pPFFD]]></document>
		<document><![CDATA[been up, all the way up https://t.co/dynbeVM8ka https://t.co/7p0VVCr0sH]]></document>
		<document><![CDATA[keep in mind the big picture • the grid tells the tale | 📷: @brychong https://t.co/cReVb12iG2 https://t.co/TnClj8X2LK]]></document>
		<document><![CDATA[keep in mind the big picture • the grid tells the tale | 📷: @brychong https://t.co/wOSM5flIlu https://t.co/PqsQWbQyB6]]></document>
		<document><![CDATA[keep in mind the big picture • the grid tells the tale | 📷: @brychong https://t.co/TZw9bGTNWc https://t.co/0972rNPuD7]]></document>
		<document><![CDATA[keep in mind the big picture • the grid tells the tale | 📷: @brychong https://t.co/MAkrnLWqWn https://t.co/apfRJA3U28]]></document>
		<document><![CDATA[keep in mind the big picture • the grid tells the tale | 📷: @brychong https://t.co/NouWHpvfJJ https://t.co/OVOvDZB3Kc]]></document>
		<document><![CDATA[keep in mind the big picture • the grid tells the tale | 📷: @brychong https://t.co/bgfBMdy4jM https://t.co/pG6hLSXt00]]></document>
		<document><![CDATA[sometimes 50 timbits are just needed • #overheard https://t.co/J0j1cv12uy https://t.co/rTP3Ucfmio]]></document>
		<document><![CDATA[it's a thing • @wayward_to tonight • txt 416.220.3531 or DM to RSVP https://t.co/LWSU4TDlpX https://t.co/IG8IvTuQmX]]></document>
		<document><![CDATA[a #tb to the party planning sessions • #overheard https://t.co/1V1DvqzsyY https://t.co/sH3kOA0DFO]]></document>
		<document><![CDATA[for those asking, last nights food was provided by @thegoodson_to https://t.co/LARNFUpikt https://t.co/3ky3I208TX]]></document>
		<document><![CDATA[thank you to the folks at @adparlor #Toronto for allowing me to help coordinate and host t… https://t.co/ivcS35mdBN https://t.co/kRAp3PO7r7]]></document>
		<document><![CDATA[setting the #squadgoals standard • #overheard https://t.co/gWmSX2xeDB https://t.co/8882c42S0g]]></document>
		<document><![CDATA[#deuces to the haters - good vibes only tonight • txt 416.220.3531 or DM to RSVP for @wayw… https://t.co/byTv3D504H https://t.co/EQuWDgB2PR]]></document>
		<document><![CDATA[excuse me miss • txt 416.220.3531 or DM to RSVP for @wayward_to tonight https://t.co/DM1dPILtGQ https://t.co/R97YQF5ydY]]></document>
		<document><![CDATA[@wayward_to tonight, because you'll never be as young as you are today • txt 416.220.3531 … https://t.co/J7vq2WHunF https://t.co/frTvvnRBBV]]></document>
		<document><![CDATA[link in bio soon.. for now just link me • @lost577 tonight • txt 416.220.3531 or DM to RSVP https://t.co/S5MFm38P3b https://t.co/wLPVBGcXox]]></document>
		<document><![CDATA[wayne brady-ing • @lost577 tonight • dm or txt 416.220.3531 to RSVP https://t.co/u5igLASW92 https://t.co/6mscY8RsTY]]></document>
		<document><![CDATA[for those who say I don't show my face or smile • see it in person at @lost577 tonight. Oh… https://t.co/1lJM153cRi https://t.co/cMxqDptspJ]]></document>
		<document><![CDATA[shine through https://t.co/KYLF7fwUzh https://t.co/bp3kAZmeR6]]></document>
		<document><![CDATA[living in the fog in #Toronto | 📷: @brychong https://t.co/DT6PKCDzqx https://t.co/JYZoXcYDMC]]></document>
		<document><![CDATA[living in the fog in #Toronto | 📷: @brychong https://t.co/xSygGKRHTw https://t.co/DdFD2FQjze]]></document>
		<document><![CDATA[most of us live in a fog https://t.co/vQuuwpoIji https://t.co/PWh1JuZSaq]]></document>
		<document><![CDATA[living in the fog in #Toronto https://t.co/lOMxtwF1Oj https://t.co/H7ceo2gOGR]]></document>
		<document><![CDATA[living in the fog in #Toronto | 📷: @brychong https://t.co/Dh0uHoE5ys https://t.co/sS7vUr8BUH]]></document>
		<document><![CDATA[Friday • @lost577 • hosted by @belly and special guests • txt 416.220.3531 or DM to RSVP l… https://t.co/tp0oNoIOuh https://t.co/3VTnhzQQrg]]></document>
		<document><![CDATA[#travel with me https://t.co/PtwIlVxfih https://t.co/zXadNX69rC]]></document>
		<document><![CDATA[#travel with me https://t.co/pfjS5rMYhL https://t.co/T67sxeVyeY]]></document>
		<document><![CDATA[#travel with me https://t.co/zL3RLi75bv https://t.co/pXpO2SppzA]]></document>
		<document><![CDATA[travel with me. https://t.co/W2iaYqZ3zh https://t.co/2CZLgQA40c]]></document>
		<document><![CDATA[travel with me. https://t.co/ABdrMdpUaV https://t.co/ZX6MnNzP7u]]></document>
		<document><![CDATA[travel with me. https://t.co/hnKdZW15xw https://t.co/VWgxWChKnQ]]></document>
		<document><![CDATA[feeding the people • #overheard https://t.co/Xb4fM0z94X https://t.co/gEqwA8CEJd]]></document>
		<document><![CDATA[#sorrynotsorry • #overheard https://t.co/rmBND0brBN https://t.co/q7QwY8hB8H]]></document>
		<document><![CDATA[calling all crowd pleasers • @wayward_to tonight • txt 416.220.3531 or DM to RSVP https://t.co/KgVexOelmi https://t.co/2hjzgZRegk]]></document>
	</documents>
</author>