<author lang="en">
	<documents>
		<document><![CDATA[rasheem summed up my entire existence in one msg... i'm gagged https://t.co/gI6GyGIu3C]]></document>
		<document><![CDATA[if you don't know my love for @Ameriie, then you don't know me]]></document>
		<document><![CDATA[ayto: i demand justice for tyranny]]></document>
		<document><![CDATA[FAITH HILL LMFAO IM SCREAAAAMING https://t.co/0yrGONER3U]]></document>
		<document><![CDATA[dev hynes.... if u don't stop creating MAGIC! https://t.co/NNUH9yH7xo]]></document>
		<document><![CDATA[these songs!!! this ep!!!! @ravynlenae did that!!!!! https://t.co/smX3z7wjrb]]></document>
		<document><![CDATA[i just want to thank @Kehlani for everything is yours. miss parrish, you did THAT™]]></document>
		<document><![CDATA[can u believe kehlani made the sexiest song of 2017 thus far with everything is yours]]></document>
		<document><![CDATA[aint nobody got time for that! tahaha! aint nobody got time fot that! TAHAHA! aint nobody got ti—AINT NOBODY GOT TIME FOR THAT SHIT!]]></document>
		<document><![CDATA["pay attention"
"i am" 
"then what did i just say?" https://t.co/rKjBhu44C1]]></document>
		<document><![CDATA[tamar braxton workin with darkchild? https://t.co/CqEqUginJ5]]></document>
		<document><![CDATA[if u need a good laugh, just play 8 ball w/ cc]]></document>
		<document><![CDATA[news flash: i thought might just be brandy's best song]]></document>
		<document><![CDATA[this build up... fantasia did that https://t.co/3ACWrjtnd4]]></document>
		<document><![CDATA[honestly... mood https://t.co/aiAYhmyRqX]]></document>
		<document><![CDATA[qotd: will i ever not lose a pair of pants?]]></document>
		<document><![CDATA[do it again by @kelelam is really THAT song]]></document>
		<document><![CDATA[@tseyoned you wasn't gon help me! u was just in shock]]></document>
		<document><![CDATA[ok but alex is a ride or die]]></document>
		<document><![CDATA[https://t.co/J8BNXVcDDd a shame this album wasn't released]]></document>
		<document><![CDATA[can amerie come out with a new album.... i need an i just died pt. 2]]></document>
		<document><![CDATA[i need to know... where's y'all's duet at? @ErynAllenKane @torikelly https://t.co/6GCJgl9m7A]]></document>
		<document><![CDATA[where was this funny? don't u have a vine to make.... or like a job to find.... https://t.co/zXKCjCOnnh]]></document>
		<document><![CDATA[i'd go in debt for coachella 2017..... this lineup is killer]]></document>
		<document><![CDATA[i bet this patron make you feel nice and comfortable]]></document>
		<document><![CDATA[nights you roll over and introduce yourself]]></document>
		<document><![CDATA[name a sexier song.... i'll wait https://t.co/ocqpibWGoU]]></document>
		<document><![CDATA[in 2017 can my head shrink? shit's too big]]></document>
		<document><![CDATA[in 2017 i want cece to actually answer my texts.... i'm tired of this mess]]></document>
		<document><![CDATA[https://t.co/Eok6uGgjfc WHO COMES UP WITH THIS STUFF?!]]></document>
		<document><![CDATA[name a show crazier than jane the virgin........ i'll wait]]></document>
		<document><![CDATA[billie lourd lost her mother and grandmother in 48 hours.....this is so tragic]]></document>
		<document><![CDATA[that's my girl😜 https://t.co/hnvX5ELCnT]]></document>
		<document><![CDATA[thinking of my wife https://t.co/SPXbjCzGwb]]></document>
		<document><![CDATA[update: i now live on my phone and have stopped watching buzzfeed https://t.co/2oyROMXaGj]]></document>
		<document><![CDATA[oh wow i forgot about pose]]></document>
		<document><![CDATA[i still can't believe miss fenty did that with sex with me]]></document>
		<document><![CDATA[i need real love like princess nokia and her man]]></document>
		<document><![CDATA[rasheem really needa stop comin' for me and focus on his fanfic career]]></document>
		<document><![CDATA[what's messier? my life or my edges? (answer: both) https://t.co/2yvkB6z3kC]]></document>
		<document><![CDATA[ok but that toni braxton and michelle impersonation was on point https://t.co/ib3olT0QAS]]></document>
		<document><![CDATA[a true anthem of loyalty]]></document>
		<document><![CDATA[good moning! melody thornton was paid dust in PCD!]]></document>
		<document><![CDATA[ok but don't know how by PND has my hips movin' some typa way]]></document>
		<document><![CDATA[@_omegs i hate you for this and im mad i don't have it saved]]></document>
		<document><![CDATA[@tseyoned the show.... this entire show is psycho]]></document>
		<document><![CDATA[why is jane the virgin literally insane]]></document>
		<document><![CDATA[https://t.co/X7ct3UAwyn OKAY GO 'HEAD MICHELLE]]></document>
		<document><![CDATA[https://t.co/D6j0TnmxuN thank u dev hynes and carly slae]]></document>
		<document><![CDATA[i wonder what fashion icon, miss north west, is doing right now...]]></document>
		<document><![CDATA[good afternoon. just a reminder that @FKAtwigs did THAT with give up!]]></document>
		<document><![CDATA[https://t.co/YKV6DY26X8 a (long) very interrsting read]]></document>
		<document><![CDATA[scared of how little i care]]></document>
		<document><![CDATA[the first 10 seconds alone will scalp you https://t.co/GVC0nHkWNm]]></document>
		<document><![CDATA[tonight i drank cuervo with no chaser https://t.co/6cPUYdUyS4]]></document>
		<document><![CDATA[she. betta. SANG!!!!!!! https://t.co/32mOYzywCX]]></document>
		<document><![CDATA[@rasheemjamar @alunvrro ur reach wasn't about touch, it was about 5H being better https://t.co/wCND4pw7pn]]></document>
		<document><![CDATA[cece about to kill me https://t.co/3o8lcWcrXN]]></document>
		<document><![CDATA[water is apparently wet https://t.co/KWQjgaDdYh]]></document>
		<document><![CDATA[a sad day for my people :-( https://t.co/JMa9mHNeAU]]></document>
		<document><![CDATA[the lonely night discloses just a passing breeze filled with memories]]></document>
		<document><![CDATA[i will NOT accept eriam sisters slander!!!!!]]></document>
		<document><![CDATA[oh! corinne's vocals was SMOOTH! https://t.co/FG8ZFzfYB5]]></document>
		<document><![CDATA[i think about this photo daily... so many questions... so little answers... https://t.co/BCp85Arveu]]></document>
		<document><![CDATA[excuse me mister, but can you please turn down the lights?]]></document>
		<document><![CDATA[waltz me to the grave
waltz me into sleep that wont wake]]></document>
		<document><![CDATA[imaan hammam is not real, there's no way]]></document>
		<document><![CDATA[@iamjojo the melody structure is so similar how did i not realize from the get go]]></document>
		<document><![CDATA[me realizing @iamjojo made like that pt 2 with like this https://t.co/TrztYKAyKQ]]></document>
		<document><![CDATA[amy lee: queen of breath control https://t.co/i6obsjEp7G]]></document>
		<document><![CDATA[me going back on social media after a huge mental breakdown https://t.co/x3A8PWa6cg]]></document>
		<document><![CDATA[how is he as dense as heavy whipping cream i don't understand https://t.co/2R89EaVN9X]]></document>
		<document><![CDATA[@rasheemjamar me on the right]]></document>
		<document><![CDATA[someone pass me a cheesy gordita crunch https://t.co/XovIRJo6YD]]></document>
		<document><![CDATA[wheneverwhereverwhatever]]></document>
		<document><![CDATA[trump AND pence can both choke]]></document>
		<document><![CDATA[how to: impeach trump when BOTH the house and senate are republican? asking for a friend]]></document>
		<document><![CDATA[i can tell they didn't get past high school. i can also tell they all smell like wet dog and fritos. https://t.co/4Zix09hfiy]]></document>
		<document><![CDATA[i'm still ASTONISHED that GROWN ASS ADULTS can be so fucking DENSE!]]></document>
		<document><![CDATA[y'all really put the fate of your country in the hands of millions of geezers with no more than a high school/colle… https://t.co/jsBZwrnAW8]]></document>
		<document><![CDATA[only USA could get a homophobic, racist reality tv star, w/ no political/military background &amp; rape charges, endorsed by the KKK in office👍🏽]]></document>
		<document><![CDATA[me trying to sleep, knowing there are over 54 million homophobic, women-hating racists alive and well in the states https://t.co/jh44yOQRyi]]></document>
		<document><![CDATA[y'all third party voters really had to make a statement tonight, didn't you? https://t.co/7ouArD8lhn]]></document>
		<document><![CDATA[third party voters: i hope your ego is satisfied. a vote for your party is a vote for trump. thank you SO much for your arrogance🤗]]></document>
		<document><![CDATA[we thought no way in hell trump would win, but it's scary to see how racist and misogynistic america still is... that's sad, huh?]]></document>
		<document><![CDATA[can sade go on tour so i can give them all my coins?]]></document>
		<document><![CDATA[@Tinashe you really gon make me pick? every song is a 10/10, my girl.]]></document>
		<document><![CDATA[@TINASHE GIVING ME IMOGEN HEAP WITH THIS NEW VERSION OF COMPANY! THATS MY GIRL!]]></document>
		<document><![CDATA[wendy williams really outdid herself https://t.co/X3TleuHNyi]]></document>
		<document><![CDATA[today i am thanking the lord for amy lee's/eryn allen kane's/mitch grassi's vocals https://t.co/EZY41Oi0KO]]></document>
		<document><![CDATA[me: *eats fruit bi-weekly and eats salad once a month*
also me: why is my skin betraying me like this? @ god why?]]></document>
		<document><![CDATA[i can't believe i'm glo'ing down... that's sad, huh?]]></document>
		<document><![CDATA[WHAT DID RASHEEM FEED ME?!  im really bout to die im off the shits™ and i wanted to share this meme https://t.co/pVCRqmp47f]]></document>
		<document><![CDATA[MY HEART! https://t.co/R6Nc9ePd9Q]]></document>
		<document><![CDATA[@melissaatavares because she is an icon]]></document>
		<document><![CDATA[me @ the function https://t.co/bVhmgJlqG5 #RIPVine]]></document>
		<document><![CDATA[CHICKEN GREASE https://t.co/Xqetkajqd6 #RIPvine]]></document>
		<document><![CDATA[step it up could never https://t.co/4qfeQ8t02J #RIPVine]]></document>
		<document><![CDATA[I'M CRYING!!! https://t.co/ja7TPYTOS1 #RIPVine]]></document>
		<document><![CDATA[cedrick :'-((((( #RIPvine https://t.co/XxnQXm3x5g]]></document>
	</documents>
</author>