<author lang="en">
	<documents>
		<document><![CDATA[To reiterate: the Sec of Ed nominee is a plagiarist. That alone should disqualify her. https://t.co/KV23jwtAmt]]></document>
		<document><![CDATA[@RadioFreeTom It ended 12 days ago, &amp; GOP hypocrisy re: SCOTUS nom is in full swing. But, sure.]]></document>
		<document><![CDATA[These people. https://t.co/KlhLBZ1vpJ]]></document>
		<document><![CDATA[Thread. https://t.co/TW1ftF0je3]]></document>
		<document><![CDATA[The Republican Fausts https://t.co/TlIZFkn3sp]]></document>
		<document><![CDATA[@RadioFreeTom You might be right. I'm just tired of Dems being expected to be "reasonable" while Repubs seem free to stonewall.]]></document>
		<document><![CDATA[Important to remember that a lot of conservatives are fine with what Trump is doing, they're just critical of how he's doing it.]]></document>
		<document><![CDATA[If true, devastating and horrible. Inhuman. https://t.co/cvS3ufcEH7]]></document>
		<document><![CDATA[Holy shit. https://t.co/2CDhuOGadV]]></document>
		<document><![CDATA[@misskubelik @Ebonyteach @sparkymonster The whole house elf thing really bothers me in HP. Like, their emancipation is a hot topic.]]></document>
		<document><![CDATA[I think it is a mistake to write Bannon off as stupid. https://t.co/DEkrn1RYZv]]></document>
		<document><![CDATA[@SethAMandel @JazzShaw Since autocrats should be believed when they say things, I'm going with the rabidly anti-abortion guy.]]></document>
		<document><![CDATA[Brace yourself for the @Scotus pick. Whoever it is, it will be awful.]]></document>
		<document><![CDATA[How to Build an Autocracy https://t.co/lF7EvZ8PdA]]></document>
		<document><![CDATA[Hey look, another white guy joins the Trump administration. That's unusual. https://t.co/Xo4MUMqEIz]]></document>
		<document><![CDATA[13 years old. So proud of her. #MuslimBan https://t.co/GGKhg8Mh5y]]></document>
		<document><![CDATA[@RuthHHopkins One argument I saw was that the intent is to sow confusion, chaos, &amp; anger to cause "resistance fatigue." Legality irrelevant.]]></document>
		<document><![CDATA[@adamdeutsch bringing truth to class. https://t.co/GeKh3tndYG]]></document>
		<document><![CDATA[My heart is sick today as we watch a fascist administration assert dominance before our eyes. We must #resist.]]></document>
		<document><![CDATA[We have to ensure that this administration is the last hurrah of white supremacy.]]></document>
		<document><![CDATA[@J_Hilton3 About to teach, but please DM me with details.]]></document>
		<document><![CDATA[@ClintSmithIII I have a different challenge -- I teach in a fairly conservative area. A lot of my students voted for Trump.]]></document>
		<document><![CDATA[@SamSykesSwears This is for sure a dog. Promise. https://t.co/SoGyAxyybK]]></document>
		<document><![CDATA[Witness the depths of this president's petty vindictiveness. https://t.co/HmLo60j8Lg]]></document>
		<document><![CDATA[LA, Boston, NYC, Chicago, and now Fresno. https://t.co/WEMcD9ilOs]]></document>
		<document><![CDATA[Buying a latte this week! https://t.co/rKGvGJBKDV]]></document>
		<document><![CDATA[@Ebonyteach Dems are remarkable for eating their own; however, while the GOP abjures members who are off message, Dems encourage debate.]]></document>
		<document><![CDATA[Also, you know, it's immoral and all. https://t.co/NtfJg0FAWV]]></document>
		<document><![CDATA[Important read. I keep RTing conservatives because country supersedes party--and the writers I'm sharing know that,… https://t.co/h83dXetMlP]]></document>
		<document><![CDATA[Thread. Brace yourself. https://t.co/EBtMdzoViN]]></document>
		<document><![CDATA[@SethAMandel You say barometer, I say canary in the coal mine.]]></document>
		<document><![CDATA[@Ebonyteach IIRC there were Muslim African slaves on that first ship into Jamestown in 1619...]]></document>
		<document><![CDATA[“Trump, Breitbart, and the Rejection of Multicultural Democracy” by @kreissdaniel https://t.co/zt8qgYS6Nu]]></document>
		<document><![CDATA[Press secretary of world's most powerful leader joking (?) about spreading lies. https://t.co/qgBKoXlnni]]></document>
		<document><![CDATA[Commentary from an intelligence expert. https://t.co/OES8Mc1eUP]]></document>
		<document><![CDATA[@andyjte Pretty much.]]></document>
		<document><![CDATA[Meanwhile, in the Land of Alternative Facts... https://t.co/3L4Rmx3MQ7]]></document>
		<document><![CDATA[Important for understanding what happened today re: #MuslimBan https://t.co/OgMmocxsga]]></document>
		<document><![CDATA[Oh, good. We're holding you to it, @SpeakerRyan. https://t.co/02PgJkqJoL]]></document>
		<document><![CDATA[@RadioFreeTom With BLM it's by design---leaders from the Civil Rights era were targeted, surveilled, imprisoned, killed.]]></document>
		<document><![CDATA[Probably dinner. https://t.co/o3XnXqGiY2]]></document>
		<document><![CDATA[If Rogue POTUS Staff is legit, the sitting president is okay with states leaving the union if he can make it a poli… https://t.co/JRjhQo1Yyw]]></document>
		<document><![CDATA[@Ebonyteach My semester starts Monday &amp; I'm feeling like I did Nov. 9th: How do I even? Where to begin? Where to go from there?]]></document>
		<document><![CDATA[A majority of whites voted for him. We need to own that and do better. https://t.co/2EJX3nG2Vk]]></document>
		<document><![CDATA[I say we stop using the term "climate change", which was created by science denialists anyway, and go back to "global warming."]]></document>
		<document><![CDATA[@PaulRieckhoff @TananariveDue @JLAathome I served in the 90s. Can I join?]]></document>
		<document><![CDATA[George Washington. https://t.co/zxqFqGimEj]]></document>
		<document><![CDATA[@ChrisWarcraft @sheeraf Yes, but extremists in America want a war as much as they do.]]></document>
		<document><![CDATA[Lost in news of the #muslimban, but related and important. https://t.co/Vkn2vZi9Jz]]></document>
		<document><![CDATA[Important. White pushback against multiculturalism, diversity, &amp; social justice. https://t.co/Av3DnUgwl8]]></document>
		<document><![CDATA[Black women, who went for HRC by 93%, get to say "Ya'll" rather than "we." https://t.co/9YRDhh3qrL]]></document>
		<document><![CDATA[@RadioFreeTom My advanced comp students are reading your Federalist article to start the term. Looking forward to reading the full book.]]></document>
		<document><![CDATA[This is fucked up and unjust. It displays a profound lack of empathy on the president's part. https://t.co/Izjb6OgsWs]]></document>
		<document><![CDATA[Kid doesn't want to take a shower. 
Do it, we say.
It'll dry out my skin, she says.
Do it, we say.
THIS IS A HEALTH CONCERN FOR ME.]]></document>
		<document><![CDATA[I've been saying this a lot lately, but Jesus fucking Christ. https://t.co/YEcvT3K7uU]]></document>
		<document><![CDATA[@aayoub Is anyone reporting on this?]]></document>
		<document><![CDATA[@xorhearts @Nnedi crewed]]></document>
		<document><![CDATA[The president is a terrible person. https://t.co/hLkY120ytZ]]></document>
		<document><![CDATA[RIP John Hurt. What great films you made. https://t.co/vRVmM0bVuL]]></document>
		<document><![CDATA[This motherfucker loves to sign his name. https://t.co/eo7mVRMEJ7]]></document>
		<document><![CDATA[Every refugee turned away and then murdered by Assad or ISIS? We'll be similarly held to account by history. https://t.co/miC4h8cxsP]]></document>
		<document><![CDATA[Love this. https://t.co/QXENBDc8vX]]></document>
		<document><![CDATA[Yesssssssssssssssssssssssssssss.
//
BLACK PANTHER Begins Filming, Confirms Cast &amp; Filming Locations https://t.co/45e2zLMqfw via @Newsarama]]></document>
		<document><![CDATA[You cannot be pro-life and anti-immigrant. #March4Life]]></document>
		<document><![CDATA[Things .@GOP won't fund:
*healthcare
*public education
*infrastructure
*science

Things they will fund:
*A stupid fucking wall]]></document>
		<document><![CDATA[Worth remembering that Nixon created the EPA that Trump is currently dismantling. https://t.co/UDvPexvCpq]]></document>
		<document><![CDATA[In this scenario, I gasp as Captain America swoops in and rescues my baby with blazing patriotic speed. https://t.co/pYKlXzRY57]]></document>
		<document><![CDATA[@cameronMstewart There is. Google 25th Amendment, Sec. 4.]]></document>
		<document><![CDATA[Reading Literary Fiction Improves Empathy: https://t.co/jqJkpEs3R3 https://t.co/xwEWT4wFWb]]></document>
		<document><![CDATA["...the tale left its mark on Mr. Trump, who is known to act on anecdote..."

Good Christ.]]></document>
		<document><![CDATA["...for a president whose fact-gathering owes more to the oral tradition than the written word."

Oral tradition, @nytimes? Really?]]></document>
		<document><![CDATA["...the story was a memorable example...of how an off-the-cuff yarn — unverifiable and of confusing origin — became a prime policy mover..."]]></document>
		<document><![CDATA[In the flurry, it's worth remembering that an executive order is not a royal decree, and is not a law.]]></document>
		<document><![CDATA[Seriously, why the fuck would a foreign country consent to paying for a politician's batshit campaign promise? It's beyond crazy.]]></document>
		<document><![CDATA[That moment when you are reminded that your parents likely voted for Trump, because they have hated Clinton since y… https://t.co/BVFndVNZiv]]></document>
		<document><![CDATA[If you don't know your history, President Jackson was responsible for the Indian Removal Act that led to forced rem… https://t.co/ejconQH3Ce]]></document>
		<document><![CDATA[The internet is out and there are mice  in the office. Yep, staying home to work in my PJs.#spring2017]]></document>
		<document><![CDATA[Horrible. https://t.co/p6PUBmRmAf]]></document>
		<document><![CDATA[I just called. It takes less than a minute to voice your support for Senator @KamalaHarris. Do it. https://t.co/Xqm9sum7Vd]]></document>
		<document><![CDATA[Thread. https://t.co/1Ns5zDejuj]]></document>
		<document><![CDATA[It turns out most folks just root for their team. https://t.co/8Q2RCr3hN8]]></document>
		<document><![CDATA[@FourOfFiveWits Do it. I'm close, too.]]></document>
		<document><![CDATA[Here it is. Happening Thursday. https://t.co/SXwjt27i9U]]></document>
		<document><![CDATA[In which @FoxNews seeks to delegitimize Dan Rather to support purveyors of lies, fake news, &amp; alternative facts. https://t.co/d6Au1gA3E8]]></document>
		<document><![CDATA[America is arresting journalists now. Fascism moves quickly. https://t.co/KXSXasY8p8]]></document>
		<document><![CDATA[Thread. https://t.co/RoE5x5a7YO]]></document>
		<document><![CDATA[If you want to understand what is happening, follow @sarahkendzior https://t.co/pN85uYjuMj]]></document>
		<document><![CDATA[Remember that Republicans refused for a year to give Merrick Garland a hearing. https://t.co/wZl1TrL2uv]]></document>
		<document><![CDATA[Heart wrenching. https://t.co/Ufsx5ytD71]]></document>
		<document><![CDATA[@RadioFreeTom This film terrified me as a kid. I watched on TV as a group of refugees walked to MY LITTLE HOMETOWN. Nightmares for years.]]></document>
		<document><![CDATA[@RadioFreeTom To be fair, McCarthy never specifies in the novel, either.]]></document>
		<document><![CDATA[Prediction: After leaving TPP to negotiate "individual deals," Trump will find himself dealing w/a united Asia/Paci… https://t.co/NKheJ5u4U3]]></document>
		<document><![CDATA[@jpodhoretz If the man is so easily distracted by TV &amp; social media, I can't imagine he plays close attention to what his aides do.]]></document>
		<document><![CDATA[(Psst. Making a claim you don't know to be true is lying.) https://t.co/2DiCh53oKs]]></document>
		<document><![CDATA[@Marjoriedenise @prof_carrington per @prisonculture, she's still not free &amp; her family must pay the costs of treatment. =/]]></document>
		<document><![CDATA[Thread. https://t.co/azyeOZILUL]]></document>
		<document><![CDATA[EPIC subtweet. Bravo. https://t.co/jZh6mHpNsL]]></document>
		<document><![CDATA[@StephenAmell It's you, isn't it?]]></document>
		<document><![CDATA[@Popehat Here's a screenshot of the website: https://t.co/jj1GSFnIry]]></document>
		<document><![CDATA[@Popehat It's posted on https://t.co/YH8Uq5lYXu. https://t.co/RY1yllRJT6]]></document>
	</documents>
</author>