<author lang="en">
	<documents>
		<document><![CDATA[@AlexandraK_ @spin1038 @graham_otoole @Nathan_TallMan Never!! King sandwiches shouldn't be toasted!!! https://t.co/tIBG0cVCqT]]></document>
		<document><![CDATA[@AlexandraK_ @spin1038 @graham_otoole @Nathan_TallMan Alex you make sandwiches for a living so your confession is extra shocking! King only!]]></document>
		<document><![CDATA[@spin1038 @graham_otoole @Nathan_TallMan Toasting it?? Controversial!!]]></document>
		<document><![CDATA['We loved you then, we love you now'.

#FlowersOfManchester #MUFC]]></document>
		<document><![CDATA[Disappointed not to get a trailer for #TheLastJedi last night!]]></document>
		<document><![CDATA[A broken plane
A broken dream
A broken heart
A broken team
No word said
A silent vow
We loved you then
We love you… https://t.co/JX7anRFQbl]]></document>
		<document><![CDATA[Just seen the trailer for #PatriotDay. Based on the Boston Marathon bombings, looks really good!]]></document>
		<document><![CDATA[A big win is needed today. Clubs are dropping points and advantage needs to be taken!! #MUFC #LEIMUN]]></document>
		<document><![CDATA[The amount of greys I'm getting in another year I'll look like Phillip fucking Schofield #SilverFox]]></document>
		<document><![CDATA[Lads....what's going on with Jamie Heaslip's hair? #SCOvIRE]]></document>
		<document><![CDATA[David Beckham could take shit on your dinner table and still be more respected than Piers Morgan or anyone in The Sun.]]></document>
		<document><![CDATA[@GNev2 ooh shots fired!!]]></document>
		<document><![CDATA[@KellieKearns @AlexandraK_ Don't forget your Kings of Leon tickets next Friday!]]></document>
		<document><![CDATA[Didn't win the lotto. Shit. Plus I still haven't had me burrito]]></document>
		<document><![CDATA[@AlexandraK_ @KellieKearns Get on that shiz!!]]></document>
		<document><![CDATA[Wow I am in a serious amount of pain today #Ouch]]></document>
		<document><![CDATA[Always the touts getting the tickets, never the fans. Something dodgy going on somewhere. Same story with every gig these days #EdSheeran]]></document>
		<document><![CDATA[And now to dream about what I'd do if I won tonight's lotto]]></document>
		<document><![CDATA[Regular as clockwork 😂😂😂]]></document>
		<document><![CDATA[I want a burrito 🌯 nothing funny about it or anything I just really want a burrito]]></document>
		<document><![CDATA[@marion_russell ha ha I new it was Tallaght, when it appeared on the show I thought it looked like balrothery.Didnt think it was up that way]]></document>
		<document><![CDATA[@marion_russell where abouts is it?]]></document>
		<document><![CDATA[Can't believe there's no more #RepublicOfTelly. Been in the audience so many times and it was such a great night out every time]]></document>
		<document><![CDATA[At least the mornings are brighter]]></document>
		<document><![CDATA[Some people have waaaaay too much time on their hands]]></document>
		<document><![CDATA[Robbie Brady is back in the Premier League!!]]></document>
		<document><![CDATA[Well it's about damn time!! I think this is the only reason people by celebrations https://t.co/p37UBeIFxw]]></document>
		<document><![CDATA[When it's 5pm and you realise you've forgotten to eat today #BusyBee]]></document>
		<document><![CDATA[It's cup final day!! #LetsGoCeltics #GreenShoots #GreenMachine #HulaHoopsCup @LiffeyCelticsBC https://t.co/TBGDA3GBUQ]]></document>
		<document><![CDATA[2017 picking up where 2016 left off. #RipJohnHurt]]></document>
		<document><![CDATA[If Bus Eireann needs to cut back in order for the company to continue existing, is the staff striking the best option?]]></document>
		<document><![CDATA[@AlexandraK_ welcome to adulthood]]></document>
		<document><![CDATA[Facebook really weren't joking when they said they were going to copy snapchat]]></document>
		<document><![CDATA[Facebook own Instagram, but rather than let them be their own apps, Insta copied stories from snapchat which now they've put into Facebook..]]></document>
		<document><![CDATA[@ToriWalkerr any idea how it started?]]></document>
		<document><![CDATA[@spin1038 Ed Sheeran!!]]></document>
		<document><![CDATA[4 more sleeps till Sunday's #HulaHoopsCup Final in the arena 😆😆🏀]]></document>
		<document><![CDATA[Another stroll out by Dun Laoghaire (and maybe a cheeky Scrumdiddlys) soon me thinks https://t.co/J8dN1VuIqP]]></document>
		<document><![CDATA[Christmas was a month ago....feels like it was 6 months ago!]]></document>
		<document><![CDATA[@98FM You mean what a difference money makes!]]></document>
		<document><![CDATA[Can't wait for Galway next month 😆😆]]></document>
		<document><![CDATA[The Halifax ad's with scooby and the Flinstones are getting really annoying now]]></document>
		<document><![CDATA[Can't believe someone in Ireland is going to bed 88 million euro richer!!]]></document>
		<document><![CDATA[#AvengersInfinityWar started filming today!]]></document>
		<document><![CDATA[@AlexandraK_ the shorter shifts do!]]></document>
		<document><![CDATA[Ditching the yellow letters for red in #EpisodeVIII....wonder if it means anything. #TheLastJedi]]></document>
		<document><![CDATA[Great to hear Ryan Mason is in a stable condition after today's match!]]></document>
		<document><![CDATA[@paddypower odds on Ranieri being sacked this season? #SOULEI]]></document>
		<document><![CDATA[He goes by the name of...Wayne #Rooney]]></document>
		<document><![CDATA[Bollocks!! We need to stop dropping points!! We need to pull this back #MUFC #STKMUN]]></document>
		<document><![CDATA[Why is every pair of men's bottoms tight at the ankle these day 😠]]></document>
		<document><![CDATA[@Independent_ie not surprised at all she was a psycho on first dates]]></document>
		<document><![CDATA[There is nobody lining the streets of #PresidentTrumps parade #Inauguration]]></document>
		<document><![CDATA[Jesus they're setting fire to cars and everything in Washington out of protest #Inauguration]]></document>
		<document><![CDATA[Can you guess the days I was in work? Green = 10,000 steps. #Bollocksed #Tired https://t.co/tl7AwqgWwp]]></document>
		<document><![CDATA[Barack Obama is not the President of the United States]]></document>
		<document><![CDATA[@KellieKearns he probably saw how much ya spend everyday and thought he'd give ya a break! Ha ha]]></document>
		<document><![CDATA[@kathysynnott ah I thought you ment 8 wasn't enough. I was like whaaat]]></document>
		<document><![CDATA[@kathysynnott Why is 8 max a joke? Some concerts it's 4 max.]]></document>
		<document><![CDATA[What's the craic with everyone getting their lips done lately??]]></document>
		<document><![CDATA[Who scored the better overhead? #Rooney #Carroll #MUFC #WHUFC]]></document>
		<document><![CDATA[No matter what #MUFC will be 6th the end of the day. We need teams to be dropping points. Hopefully Everton can help us out #MNULIV #EVEMCI]]></document>
		<document><![CDATA[Went into Smyth's today and seem the new #PowerRangersMovie morpher....it's awesome....and I was excited. #ItsMorphingTime]]></document>
		<document><![CDATA[Does the girl in the vodafone ad know she's dressed like a minion?]]></document>
		<document><![CDATA[Can't believe they actually dubbed Jurgen Klopp' voice in the Opel ad]]></document>
		<document><![CDATA[@micscr it's probably lack of interest with West Ham's overall performance this season]]></document>
		<document><![CDATA[Sad to hear Graham Taylor has passed. A great character in football]]></document>
		<document><![CDATA[@micscr Exactly. Although I've never understood clubs thinking they get a rock bottom price when only a short time left. You pay for quality]]></document>
		<document><![CDATA[Horrible to see players trapped at clubs they don't want to be at.Imagine being told by your employer, 'no you can't leave. #Payet #WestHam]]></document>
		<document><![CDATA[#SexUpOldSchoolToys Fuckeroo]]></document>
		<document><![CDATA[I cannot fucking stand Kevin Bacon in those EE ads]]></document>
		<document><![CDATA[1000 loyalty points means free foot long sub tomorrow 😆]]></document>
		<document><![CDATA[#AerialIreland on #be3 was a great watch. If you've a spare hour I'd definitely check it out on 3player if I were you!!]]></document>
		<document><![CDATA[@AlexandraK_ and what's your political opinion? 😂]]></document>
		<document><![CDATA[Watching Sherlock and thinking Mr Smith reminds you of Jimmy Saville]]></document>
		<document><![CDATA[@miss_imdb you're everywhere ha ha]]></document>
		<document><![CDATA[Debris on the road, breakdowns and crashes, what could make traffic worse on the M50? Let's set up a checkpoint in the middle of it!]]></document>
		<document><![CDATA[@corleydavid this was confirmed to me by someone on the M50]]></document>
		<document><![CDATA[@aaroadwatch is there really a checkpoint on the M50 north on top of the accident and debris, or is it just rumour?]]></document>
		<document><![CDATA[Has @GardaTraffic really set up a checkpoint on the M50 during Monday rush hour, or is it just rumour?I know there was debris causing delays]]></document>
		<document><![CDATA[I've seen Oasis and Noel Gallagher both live, great to see he's gonna support in Croke Park, however I wouldn't go see U2 play in my garden]]></document>
		<document><![CDATA[@LiffeyCelticsBC -v- @GlanmireBBall, #HulaHoopsCup Women's Final, National Basketball Arena, Sunday 29th of Jan, 5:15pm.]]></document>
		<document><![CDATA[Could they not have put Graham Norton's autocue closer to the camera for the big red chair special, so he's not looking away from the camera]]></document>
		<document><![CDATA[@nfogartychan where abouts?]]></document>
		<document><![CDATA[Audrey and Daisy really opens up your mind to what the youth of today can get up to]]></document>
		<document><![CDATA[Will be checking my emails every 15 minutes tomorrow]]></document>
		<document><![CDATA[Great win for @LiffeyCelticsBC in the #HulaHoopsCup Semi Final yesterday in Cork! Will be a great final against @GlanmireBBall in the Arena]]></document>
		<document><![CDATA[Hopefully hard work isn't made of today's #FACup match! I've a feeling Rooney could be on the score sheet today! #MUFC #MNUREA]]></document>
		<document><![CDATA[Cork here we come!! #LiffeyCeltics #HulaHoopsCup]]></document>
		<document><![CDATA[A 15 year has been arrested for the stabbing of a 17 year old in Jobstown yesterday, after handing himself in at Tallaght garda station.]]></document>
		<document><![CDATA[How the hell did I miss the news that Andy Murray had been knighted???]]></document>
		<document><![CDATA[A good way to highlight that you don't know who you or maybe your kids are talking to. https://t.co/qWDyLbXAAK]]></document>
		<document><![CDATA[@Independent_ie oh God poor lad. Why was he on the M50? Or was it....intentional?]]></document>
		<document><![CDATA[And the first 171 car I see is.......a Skoda Octavia]]></document>
		<document><![CDATA[Big changes and the year is only 4 days old]]></document>
		<document><![CDATA[Sunderland reject 6mill for Defoe from West Ham. West Ham respond with 'name your price'. Could Sunderland be tempted to sell??]]></document>
		<document><![CDATA[@spin1038 spot on yeah]]></document>
		<document><![CDATA[If Mariah Carey hasn't a note in her head and needs to lip sync to get through gigs, how is she still getting bookings??]]></document>
		<document><![CDATA[What exactly is arsenal fan tv?]]></document>
		<document><![CDATA[Delighted that knob who thought it'd be smart to punch a man through his car window in an act of roadrage in Carrickmines got slapped around]]></document>
	</documents>
</author>