<author lang="en">
	<documents>
		<document><![CDATA[@mr_slappy_ @RealKidPoker are you kidding? This is an absolutely thing!]]></document>
		<document><![CDATA[@TheFoodLab give it to me NOW! 😡😦]]></document>
		<document><![CDATA[@immaterialevent @TheFoodLab @thebravetart I think he's trying to fail a drug test]]></document>
		<document><![CDATA[@nicreations this dystopian hellscape has been brought to you by a Swift development conference, apparently.]]></document>
		<document><![CDATA[Wow! @RepKevinYoder care to explain why you're blocking your constituents, or do you want to just add me to that li… https://t.co/TNk6Wh5Jvz]]></document>
		<document><![CDATA[Federal judge stays deportations under Trump Muslim country travel ban

https://t.co/rbOnMCPOy8]]></document>
		<document><![CDATA[I think my body is physically rejecting the Trump administration 😷 🤒 #manflu #plssendsoup]]></document>
		<document><![CDATA[Really. @POTUS has the smallest of penises. https://t.co/80psnY29Ar]]></document>
		<document><![CDATA[@TheFoodLab but is it a sandwich?]]></document>
		<document><![CDATA[I agree with Mike Pence. https://t.co/DmVO6W6tB3]]></document>
		<document><![CDATA[Who's more trustworthy, the White House press secretary or literally any rando on Twitter? No, I'm seriously asking. https://t.co/9pHbJtdd3Q]]></document>
		<document><![CDATA[. @AltNatParkSer @PressSec "you can tell he's lying because his lips are moving" has never been more literally true.]]></document>
		<document><![CDATA[What was hiding under the mountain of kale you ask? Why @TheFoodLab's Caldo Verde of course! #SundaySupper #Soup https://t.co/XiT2si8ceI]]></document>
		<document><![CDATA[Cooking with leafy greens be like... #SundaySupper https://t.co/jatyfUOTSX]]></document>
		<document><![CDATA[https://t.co/ghYouR4Wey "This was the largest audience to ever witness an inauguration period" Spicer said, contradicting all available data]]></document>
		<document><![CDATA[Writing a script to control my lightbulbs because no existing program does what I want but testing means lights keep going on and off]]></document>
		<document><![CDATA[Rescued a '30s Griswold skillet from my parent's basement over Xmas. Scoured it, seasoned it, and broke it in with… https://t.co/uJJvmnYjMe]]></document>
		<document><![CDATA[@TheFoodLab @MarkArpaia tbf this is basically never bad advice]]></document>
		<document><![CDATA[Noticed 50% of the emails in my inbox from this week were "sent with High importance" 🤔]]></document>
		<document><![CDATA[@nicreations moccamaster is love, life. Cold brew is new hotness. Cuisinart is for normies 😂]]></document>
		<document><![CDATA[Does Chipotle actually have any chipotle in it? #ungoogleablequestions @ChipotleTweets]]></document>
		<document><![CDATA[Got my car back from the tire store with new tires and a new CEL! Yes, it's a Volkswagen, no that wasn't there before, yes I'm sure, shut up]]></document>
		<document><![CDATA[@SearsAuto little late there, maybe next time 😊]]></document>
		<document><![CDATA["0 degree Monday morning, more like flat tire time, LOL!" - My car, apparently.]]></document>
		<document><![CDATA[Woah easy there Strava, year's not over over yet! Also I've logged (1.676e-4)% of the world's total miles this year https://t.co/159U48iuRQ]]></document>
		<document><![CDATA[#Preview #Testpie #Friendsgiving #DoIHaveToEatAllOfThisMyself #OhNo #Hashtags https://t.co/2Rv9QMi5q4]]></document>
		<document><![CDATA[Having a cold is a terrible time to make a new recipe. Was it good? Who knows? Would you make it again? Sure, I'd like to know how it tastes]]></document>
		<document><![CDATA[Teach the controversy https://t.co/56jJcLzmRf]]></document>
		<document><![CDATA[They say don't get groceries hungry &lt;chomps cheese curds&gt; but why else would you buy food? &lt;Shoves Oreos into face&gt; Went pretty well imo.]]></document>
		<document><![CDATA[So, like, can we see the tax returns NOW or... ?]]></document>
		<document><![CDATA[@TheFoodLab @bureau_13 That's... not how I usually see that gif used XD]]></document>
		<document><![CDATA[@nicreations heck of a line! How long did it take?]]></document>
		<document><![CDATA[Earthquake again! Fracking Oklahoma, man...]]></document>
		<document><![CDATA[Filled out my ballot. 3rd presidential election I've been eligible to vote in and still haven't voted for a white guy #JustMillenialThings]]></document>
		<document><![CDATA[After strenuous physical activity, what's the perfect recovery drink? No, you're wrong, it's eggnog.]]></document>
		<document><![CDATA[@nicreations Not sure how to take that one...]]></document>
		<document><![CDATA[@TheFoodLab https://t.co/RXWfAS0EDA all I can think of haha]]></document>
		<document><![CDATA[@nicreations noooo, it's already back to HOT coffee season! ❄]]></document>
		<document><![CDATA[#FactChecking https://t.co/zrggZvYoE3]]></document>
		<document><![CDATA[During a debate, don't argue with moderators, don't complain about how much time you get. Even if you're right, it's NEVER a good look]]></document>
		<document><![CDATA[@greaterevilgame expansion packs!]]></document>
		<document><![CDATA[If you don't set off the smoke alarm, you might not be making Saturday brunch correctly https://t.co/uuxxd5C2mG]]></document>
		<document><![CDATA[@jcunningham Laptop off most of the time, turn it on "this seems like a time you don't need your computer! Reboot!" No!! Need it right now!]]></document>
		<document><![CDATA[Dear movies/TV: smartphones turn off their screens when you're on a call and put the phone to your ear. I hope we've learned something today]]></document>
		<document><![CDATA[@arishapiro the larval stage of the monster from #StrangerThings?]]></document>
		<document><![CDATA[We will rebuild! #earthquake https://t.co/U7H3Zba69n]]></document>
		<document><![CDATA[Well an earthquake is not how I expected to wake up today.]]></document>
		<document><![CDATA[When a landlord won't return your calls when you're trying to rent a place, what does that say about how they'll be when you live there?]]></document>
		<document><![CDATA[Okay well "I've never showered in a literal pig pen" is something I cannot claim anymore. "Never have I ever" opponents take note.]]></document>
		<document><![CDATA[Iowa installed some great new bike racks! They're everywhere! https://t.co/xeznUPFCOn]]></document>
		<document><![CDATA[Creston, IA: Best RAGBRAI XLIV overnight town so far. By far.]]></document>
		<document><![CDATA[Google tent for charging phones at RAGBRAI does NOT have USB C lol.]]></document>
		<document><![CDATA["Keep calm and chive on" shirt, "single as fuck" hat, I give you, the skeeziest man on RAGBRAI.]]></document>
		<document><![CDATA[Random open Wi-Fi, incorrect capitalization, chances it's stealing all my data? https://t.co/8v0avkJlI6]]></document>
		<document><![CDATA[I know my neighborhood has a lot of Pokestops, and I hope you're having fun driving slowly by, but please don't pokehit me with your car]]></document>
		<document><![CDATA[Form: "Please sign legibly on the line" Me: "Yeah sorry that's not a thing"]]></document>
		<document><![CDATA[@nestsupport Great! For reference, here's the history shown on Nest. Top good, normal day. Bottom not so good! https://t.co/DeTosriHQ6]]></document>
		<document><![CDATA[@nestsupport My A/C broke last night (and thus stuck on for hours trying to cool) - would be cool if Nest could detect this and email you!]]></document>
		<document><![CDATA[@nicreations I hadn't considered that interpretation, i was busy wondering how eggs were fed]]></document>
		<document><![CDATA[The eggs I bought are "vegetarian fed". You know, for all the vegetarianarians in your life.]]></document>
		<document><![CDATA[I'd pay like $10 for someone to deliver me a package of Oreos in the next 10 minutes because I seriously need to do a line right now]]></document>
		<document><![CDATA[Laser pointer guy returns to union station for the memorial day celebration, as is tradition #thatguy]]></document>
		<document><![CDATA[Memorial day weekend in Kansas and the heat is rapidly approaching "as balls".]]></document>
		<document><![CDATA[Should we go this way? https://t.co/RsarVNWVzt]]></document>
		<document><![CDATA[Why is the lid on my tube of thread locker so easy to unscrew?]]></document>
		<document><![CDATA[Gotta watch your step around here because it's kids everywhere day at work]]></document>
		<document><![CDATA[I really hate it when the debugger lies to me.]]></document>
		<document><![CDATA[Realized while waiting for a haircut I had an extra pair of underwear stuck in the leg of my jeans. That's how today's going.]]></document>
		<document><![CDATA[Who wrote this shit!? - *git blame* - oh right, yup that was me.]]></document>
		<document><![CDATA[@jboffer @thedailybeast this guy gets it.]]></document>
		<document><![CDATA[Oklahoma Joe's KC now has a "house made corned beef burnt end reuben." Buy if you like burnt ends and reubens. https://t.co/NdSYQccpkY]]></document>
		<document><![CDATA[@nicreations this photo has a disturbing lack of lens flare #originaljokes]]></document>
		<document><![CDATA["Use the sidewalk!!!"

On a road with a bike lane

That I'm in

At a spot where the sidewalk is closed]]></document>
		<document><![CDATA[@nicreations this is a saucy pic #sorrynotsorry]]></document>
		<document><![CDATA[@jboffer headline too high energy]]></document>
		<document><![CDATA["Now boarding group 3" "but I'm group 2 and not boarded!!" THERE ARE ASSIGNED SEATS WHY DO YOU CARE #airplanessuckandarecramped]]></document>
		<document><![CDATA[I'll never understand people's obsession with standing in line in airports. The earlier you get on, the longer you're on the plane #relax]]></document>
		<document><![CDATA[@nicreations Not that I know of]]></document>
		<document><![CDATA[Something's on fire in Olathe. Tons of smoke near I-35 north of 151st]]></document>
		<document><![CDATA[@altermavenpub I know that, I'm not playing now. I don't think the servers going down made the game easier haha.]]></document>
		<document><![CDATA[@sir_nacnud @BlizzardCS Have to be on torment difficulty before I have to start clicking? When do I need to start using the keyboard?]]></document>
		<document><![CDATA[.@BlizzardCS What happened to D3? Playing normal, killing bosses by going AFK. https://t.co/DyTy0xIb09 Did I break it? #Diablo3]]></document>
		<document><![CDATA[@zfrenchee Thanks for your instructions on sending email from google domains through gmail! Super helpful, seriously appreciated.]]></document>
		<document><![CDATA[@nicreations Caturday watch face? Can connect iq switch watch faces based on day of the week?]]></document>
		<document><![CDATA[Saturday afternoon project: making fermented pickles! https://t.co/KJiGWzly4n]]></document>
		<document><![CDATA[Oven's keep warm setting was a little hotter than I thought. Sorry new years party, no snacks from Russ. https://t.co/wkQabxlMdk]]></document>
		<document><![CDATA[And here's an uncurated dump of India photos. May contain receipts and accidental shots of my feet. https://t.co/Y0nr1q1hvO]]></document>
		<document><![CDATA[Google's auto curated album of India trip photos https://t.co/R0wQNO4QNf]]></document>
		<document><![CDATA[Sweat pants. Couch. Netflix. Chipotle. Welcome home, me.]]></document>
		<document><![CDATA[No, you can't convince me it makes any sense that a digital book costs more than a paperback. Amazon pls.]]></document>
		<document><![CDATA[@nicreations Sweet! When are we going for a ride?]]></document>
		<document><![CDATA[@nicreations no giant package, but I put it right back in the refrigerator after the pharmacy]]></document>
		<document><![CDATA[I just put live S. typhi into my body, is that weird? #yes https://t.co/zrn1HqGRAF]]></document>
		<document><![CDATA[@nicreations that's what I said! People love watching the garage construction.]]></document>
		<document><![CDATA[Windows Defender is freaking out about an ad blocking hosts file I downloaded to put on my phone. This is why I don't use antivirus.]]></document>
		<document><![CDATA[@nicreations something terrible has happened in Paris. I have no words.]]></document>
		<document><![CDATA[Multi day headaches just seem unfair. There's a limit to how long this will last right?]]></document>
		<document><![CDATA[Just watched Blade Runner for the first time. It was NOT about knife smugglers.]]></document>
		<document><![CDATA[I seriously think Comcast is secretly being run by Google Fiber's marketing department https://t.co/LCK9dwnonn]]></document>
		<document><![CDATA["A cooperative text-based horror game" https://t.co/TGnhgEnRqU]]></document>
	</documents>
</author>