<author lang="en">
	<documents>
		<document><![CDATA[Attention those of you with a BankWest offset account - this might be relevant to you! https://t.co/E6v2oSIyRh]]></document>
		<document><![CDATA[Interesting article on childcare - so glad our childcare days are behind us with our daughter starting grade one... https://t.co/ZPZE3oZUTL]]></document>
		<document><![CDATA[Credit cards declining in use? https://t.co/rl2OYMLf1u]]></document>
		<document><![CDATA[For all the mums made redundant on or around maternity leave, myself included! https://t.co/ZvzRmL4akL]]></document>
		<document><![CDATA[Why your superannuation is so important!  We are going to wait longer and longer to get the pension! https://t.co/Y4sMUAADed]]></document>
		<document><![CDATA[Not sure I could do it but it is an interesting idea! https://t.co/Upa6wqsZyl]]></document>
		<document><![CDATA[How Afterpay works.... https://t.co/VDofUgDj7Q]]></document>
		<document><![CDATA[An important read for everyone... https://t.co/s0XrypppJR]]></document>
		<document><![CDATA[If you are in financial trouble free independent financial counsellors are the best place to get help.  Go to the... https://t.co/AbcOt4WP7P]]></document>
		<document><![CDATA[Programs to boost your budget! https://t.co/KLf1BIIDAF]]></document>
		<document><![CDATA[Really important to know... Especially if you kids are considering VET training courses... https://t.co/72jy3w5M0b]]></document>
		<document><![CDATA[I totally agree - no point waiting until later!!!! https://t.co/g67U28WXZ6]]></document>
		<document><![CDATA[Something to think about at tax time! https://t.co/QtBVKasbTF]]></document>
		<document><![CDATA[Totally worth knowing about if you are in NSW! https://t.co/B6qCrrxF35]]></document>
		<document><![CDATA[Great article!  Well done Hey, little spender! https://t.co/nOfYmolvm3]]></document>
		<document><![CDATA[I really like this!  Something to keep
In mind!! https://t.co/pu7nemckLt]]></document>
		<document><![CDATA[LOL!!!!  I hate ATM fees!!! https://t.co/FxCxVD7yrM]]></document>
		<document><![CDATA[I love this!!!! https://t.co/LvJEGpcGR1]]></document>
		<document><![CDATA[I am keeping these from now on!! https://t.co/6HyWsMCnNm]]></document>
		<document><![CDATA[Something to keep in mind! https://t.co/MBpCWsg64s]]></document>
		<document><![CDATA[As expected the RBA left interest rates unchanged.  Let's see what happens next month.]]></document>
		<document><![CDATA[The RBA left interest rates unchanged at 2%.  Hopefully the banks don't raise mortgage rates independently of the... https://t.co/QS69Gs8uAW]]></document>
		<document><![CDATA[So the RBA left official interest rates at 2% this month.  Let's hope the banks don't decide to increase mortgage... https://t.co/VjKzS0yLB0]]></document>
		<document><![CDATA[So I learnt a big lesson last week.... #finlit #ausbiz https://t.co/TQCwZJ6CcO]]></document>
		<document><![CDATA[Something to always keep in mind! 󾌰 https://t.co/bWGqqSOcYd]]></document>
		<document><![CDATA[Beware debt/credit repair companies!  Everything they do you can do yourself for free! https://t.co/oxhxnWewUC]]></document>
		<document><![CDATA[Great post from Hey, little spender! https://t.co/owNwFmzUZN]]></document>
		<document><![CDATA[Check out this book on how to pay off your mortgage!  It's free today!!! https://t.co/97k0J6244g]]></document>
		<document><![CDATA[I love this! https://t.co/p8cdTX7q2Z]]></document>
		<document><![CDATA[Super scary if these numbers are even half right!!! Thanks Hey, little spender for posting... https://t.co/0W9kB0vlGf]]></document>
		<document><![CDATA[The Commonwealth Bank joined Westpac and raised home loan rates by 15 basis points yesterday :-(  I wonder which... https://t.co/k1DDWRU4Od]]></document>
		<document><![CDATA[Looking to make money from home?  Here are some tips from The Thrifty Issue! https://t.co/nNgDazW4Ff]]></document>
		<document><![CDATA[I am a bit obsessed with how crazy Australian property prices are but here is evidence!!!  I choose France!!!!... http://t.co/WOaZFviIy6]]></document>
		<document><![CDATA[Westpac increased mortgage rates by 20bps today, independently of any move by the Reserve Bank. I wonder if any... http://t.co/Ru45wI8Zpk]]></document>
		<document><![CDATA[No change in interest rates today - as expected they remain at 2%....]]></document>
		<document><![CDATA[Today the RBA make their monthly interest rate decision.   No change is expected.  I will let you know how it goes.....]]></document>
		<document><![CDATA[Watch "Kittiesmama christmas":
http://t.co/nktxTok6uc
Sent from iTubeList (http://t.co/YdSdJjMAAG).]]></document>
		<document><![CDATA[Yep!!!  Absolutely!!! http://t.co/NUVi6AOUsK]]></document>
		<document><![CDATA[Watch "bratayley and kittiesmama":
http://t.co/UB1MukuW8P
Sent from iTubeList (http://t.co/YdSdJjMAAG).]]></document>
		<document><![CDATA[Woot!!!  I am so excited!!!  I've been quoted in the Sydney Morning Herald/The Age!!!  Check it out below! http://t.co/Eg77IFlBtB]]></document>
		<document><![CDATA[Watch "DISNEY &amp; Cartoon Characters Hall":
http://t.co/TjncDyJ6h5
Sent from iTubeList (http://t.co/YdSdJjMAAG).]]></document>
		<document><![CDATA[Very true on my household! http://t.co/K2b26XzDWt]]></document>
		<document><![CDATA[So interest rates we kept the same this month but there is now talk of an interest rate cut in November!  So it... http://t.co/bgleSQM46u]]></document>
		<document><![CDATA[Good news!  The Reserve Bank kept interest rates at 2% today!  I will let you know what happens next month! #ausbiz]]></document>
		<document><![CDATA[Woot!  My article on the Federal Budget was included in Kids on the Coast Magazine's Family Finances Guide -... http://t.co/4Ovw3qiLt4]]></document>
		<document><![CDATA[Watch "Kittiesmama":
http://t.co/dLg2nMxcz5
Sent from iTubeList (http://t.co/YdSdJjMAAG).]]></document>
		<document><![CDATA[Unusual ways money! http://t.co/8Zz2cxB1cp]]></document>
		<document><![CDATA[Usual ways to save money http://t.co/WxOLsSzatM #save #ausbiz]]></document>
		<document><![CDATA[Oh dear!  It is nearly tax time again!!! http://t.co/P01FGp0KjL]]></document>
		<document><![CDATA[If you have a little one that loves Barbie like I do, pop over to Six Little Hearts and enter her awesome Barbie... http://t.co/zr4XGLwKMP]]></document>
		<document><![CDATA[No excitement with the RBA announcement of interest rates.  As expected interest rates are unchanged at 2%.]]></document>
		<document><![CDATA[Tomorrow the Reserve Bank announces its monthly interest rate decision.  No cut is expected but I will let you know how it goes....]]></document>
		<document><![CDATA[@Paula_Statham @consumer_action no worries!  Have a great night!]]></document>
		<document><![CDATA[Ever wondered about using one of those websites to save money on chores around the house?  Well this was Larissa... http://t.co/BNc0Wuwu1L]]></document>
		<document><![CDATA[Here is what you need to know about the 2015 Federal Budget and its potential impact on your family... #ausbiz http://t.co/hNFaHhkpqP]]></document>
		<document><![CDATA[Thanks @denisemooney_ so glad you found my blog useful - have a great weekend! :-)]]></document>
		<document><![CDATA[Thanks for the RT @RobboL!  I am looking forward to catching up soon!]]></document>
		<document><![CDATA[Thank @rotub - so glad you liked it!  Have a great night!]]></document>
		<document><![CDATA[It is a busy night in the Money household tonight as it is budget time.  I will let you know what it all means for you and your family.]]></document>
		<document><![CDATA[Check out this great post from Bec at Seeing the Lighter Side of Parenting on the real reason why SAHM's are not... http://t.co/XsnjJ8I8DM]]></document>
		<document><![CDATA[Watch "Barbie Life in the Dreamhouse [S":
http://t.co/FFbe5CkWlC
Sent from iTubeList (http://t.co/YdSdJjMAAG).]]></document>
		<document><![CDATA[Should you give your kids pocket money?  At what age?  How much? Should they work for it?  These are the questions... http://t.co/7sf5KTSYkv]]></document>
		<document><![CDATA[Check me out on Mamamia's parenting podcast talking pocket money with Holly Wainwright and Andrew Daddo #ausbiz http://t.co/jB0FMRXXqi]]></document>
		<document><![CDATA[.@EtairosFinance Hard to say - if the economy tanks there will be more on the way.  Doubt there will be any rate rises any time soon!]]></document>
		<document><![CDATA[Happy Mothers Day!!  A couple of weeks ago I mentioned on this page that I was going to be on Mamamia's parenting... http://t.co/tXQtSxGMVA]]></document>
		<document><![CDATA[An oldie but a goodie - one of my fave past posts #parenting http://t.co/UyoXDnmOCK]]></document>
		<document><![CDATA[I like this one!!  Thanks Maxabella loves for a good laugh on a Friday arvo! http://t.co/yFmlmlax4r]]></document>
		<document><![CDATA[The RBA cut rates to an all time low of 2% this week.  So today's post looks at what you should do with the money... http://t.co/AuIjtGtch7]]></document>
		<document><![CDATA[So the RBA cut rates - what should you do with your rate cut? #ausbiz #mortgages #rba http://t.co/M9GxKNJwLo]]></document>
		<document><![CDATA[.@EtairosFinance all good - better now the RBA have decided to cut rates :-)]]></document>
		<document><![CDATA[Ok so here is the score so far on the interest rate cut!  
* ANZ have passed on the full 25bp cut
* National... http://t.co/iyBPcBmpnw]]></document>
		<document><![CDATA[.@TaniaBMF Yes it is good news for borrowers!!! I wonder how low rates will go!]]></document>
		<document><![CDATA[So good news for mortgage holders - the RBA have cut official interest rates by 25bps to 2% - the lowest level... http://t.co/1K6SRdsubo]]></document>
		<document><![CDATA[@Finance_Lucas thanks for the RT!]]></document>
		<document><![CDATA[@TaniaBMF I agree I guess we find out today!  Have a great day!]]></document>
		<document><![CDATA[So the big new this week will be whether the RBA cuts interest rates on Tuesday.  What do you think?]]></document>
		<document><![CDATA[I've been let off mummy duties for a night with Ricky Martin and the girls!  Yay! http://t.co/vDV0OalGBx]]></document>
		<document><![CDATA[I posted a new photo to Facebook http://t.co/FwtHZE3TF1]]></document>
		<document><![CDATA[An oldie but a goodie {from the archives}! #ausbiz http://t.co/6k0XhNLszk]]></document>
		<document><![CDATA[A BIG thankyou to whoever nominated Money Mummy for the Kidspot Voices of 2015 Award!  Your support is greatly appreciated!]]></document>
		<document><![CDATA[How to live on one income #ausbiz http://t.co/GCV1dY0xnb]]></document>
		<document><![CDATA[Since our daughter was born some and a half years ago we have been living pretty much on one income..... here are... http://t.co/Xm66xVNPXS]]></document>
		<document><![CDATA[@SimplifyCreate good point being pregnant and hot isn't fun!]]></document>
		<document><![CDATA[@cnciss @Mamamia Thanks!!!  It was so much fun!!  I will send you the link when it is up in a couple of weeks :-)]]></document>
		<document><![CDATA[Something very exciting happened to me today!!!!  I was invited to speak on pocket money for Mamamia's parenting... http://t.co/sQ8FwoLzKJ]]></document>
		<document><![CDATA[@SimplifyCreate oh I wish!!!  I am in rain soaked Sydney!!!]]></document>
		<document><![CDATA[This is so true!!!!!  Who else agrees? http://t.co/Hn0KFfEYmu]]></document>
		<document><![CDATA[In case you missed it - this was last weeks post... http://t.co/6bzcuk96MB]]></document>
		<document><![CDATA[An oldie but a goodie {from the archives} #ausbiz http://t.co/ZKTuzN36jh]]></document>
		<document><![CDATA[I hope you all had a fab weekend?  We spent it camping at Bundeena with my mothers group.  6 families and 11... http://t.co/l3Zwt5XKpA]]></document>
		<document><![CDATA[Just linked up with @_withsomegrace!  Talking about those interest free deals and how they work! http://t.co/FRjd5xC5Xq #ausbiz #finlit]]></document>
		<document><![CDATA[Ever wondered how those interest free deals a la Harvey Norman work?  Here everything you need to know..... http://t.co/VuJubvUrvt]]></document>
		<document><![CDATA[Contrary to expectations the Reserve Bank of Australia have left interest rates on hold at 2.25%. So no rate cut.... http://t.co/jX49DePRpt]]></document>
		<document><![CDATA[For those of you who live in Sydney - here are some free or low cost things to do this school holidays!  Thanks... http://t.co/1pZfzxVch3]]></document>
		<document><![CDATA[What a great idea - courtesy of Mummy Hearts Money!  I love my local Salvos store, it has amazing bargains! http://t.co/t9L58bXcsp]]></document>
		<document><![CDATA[I saw this on the way to work today.  The Financial Review thinks that the RBA will cut rates on Tuesday.  What... http://t.co/38HXEerrXj]]></document>
		<document><![CDATA[Next Tuesday the Reserve Bank of Australia (RBA) announces interest rates.  Many commentators are betting on a... http://t.co/WGU0pNwMAI]]></document>
		<document><![CDATA[Something for anyone going overseas - if using a card always pay in foreign currency otherwise it is a lot more... http://t.co/1amCJAWmWw]]></document>
		<document><![CDATA[You may have been wondering why things have been a little quiet over at Money Mummy - well we have been away for... http://t.co/1DcHOWdclv]]></document>
		<document><![CDATA[If you get a chance check out Four Corners tonight - it is about the questionable practices of payday lenders and... http://t.co/68Ota7JOyz]]></document>
	</documents>
</author>