<author lang="en">
	<documents>
		<document><![CDATA[@bryanday77 @BlueJays nothing is advertised with shipping and taxes added. Why is this price something new to you?]]></document>
		<document><![CDATA["Trump won, get over it." Ok, so did Obama, and Bush, and Hitler. Point being, people can still voice their opinions and issues, so fuck off]]></document>
		<document><![CDATA[To those who complain of sudden political talk entering sports, here's a secret: It's because Trump is acting like Hitler, and that's bad.]]></document>
		<document><![CDATA[If you need to fabricate fake tragedies in order to justify your decisions, just admit you made the wrong decision.]]></document>
		<document><![CDATA[all the heart emojis.  This is perfect. https://t.co/NHpkUUkhVi]]></document>
		<document><![CDATA[no white panel Jays cap, smh. https://t.co/AMGn6ntJ97]]></document>
		<document><![CDATA[GIVE ME THIS NOWWWWWWWWWWWWWW https://t.co/1dmnl8k0PQ]]></document>
		<document><![CDATA[Oh fuck, he's coming for us now. https://t.co/XKtN6lsMS3]]></document>
		<document><![CDATA[Jackass doesn't understand what "free speech" means?  I'm shocked! https://t.co/KqJBjje4rx]]></document>
		<document><![CDATA[HOLY FUCK, TAXING THE RICH AT A FAIR RATE IS NOT ROBBING FROM THE RICH TO GIVE TO THE POOR!! https://t.co/gmBnG9wfyI]]></document>
		<document><![CDATA[Maybe it's not always about what is lawful/unlawful, it's about what is right/wrong?]]></document>
		<document><![CDATA[When people start calling you "racist", "intolerant", "a moron", for having a certain opinion, it's probably because you are those things.]]></document>
		<document><![CDATA[As a Canadian, I never thought the word "snowflake" would become the most annoying word in 2017.]]></document>
		<document><![CDATA[Don't take all guns away just because a few people go on a killing spree, but feel free to ban all Muslims in case one might do the same.]]></document>
		<document><![CDATA[It's infuriating that those who are so against any form of gun control are for banning entire groups of people based on their religion.]]></document>
		<document><![CDATA[Congrats to @Cadillac for winning the @Rolex24Hours overall. Shame about the @CorvetteRacing missing the podium in GTLM.]]></document>
		<document><![CDATA[Please https://t.co/DctCZCQKz7]]></document>
		<document><![CDATA[Especially if there are questions about the literacy level of the person writing the orders. https://t.co/KHEhDNcQJ5]]></document>
		<document><![CDATA[Go head, keep poking the 🐻 https://t.co/PPqImgEgni]]></document>
		<document><![CDATA[Seems like it would be a waste of time. Only reason Gordon and Stewart could do it was previous open wheel experien… https://t.co/MsqNeZMe4B]]></document>
		<document><![CDATA[American companies don't manufacture anything using Mexican products, do they? Oh, right....]]></document>
		<document><![CDATA[Whoa! https://t.co/8EMENubypF]]></document>
		<document><![CDATA[Don't worry, we are building a wall and the USA will be paying for it. https://t.co/am65yToIDy]]></document>
		<document><![CDATA[Remember when people said Trump was a terrible business man?  Look no further than his dumb as fuck "Wall Tax". THAT'S STILL NOT MEX PAYING!]]></document>
		<document><![CDATA[So I guess the Right will be calling to lock them up? https://t.co/IdeI32rMv6]]></document>
		<document><![CDATA[Funny how taking a low angle shot makes the crowd look bigger than it actually is.  There's the same amount of peop… https://t.co/pUmizpRGIU]]></document>
		<document><![CDATA[What if everyone stops watching "news" programs that give airtime to those who are flat out lying to the public without repercussions?]]></document>
		<document><![CDATA[I heard the Marte news but Ventura too? Wtf? https://t.co/nBwbjzqc2r]]></document>
		<document><![CDATA["This was the largest crowd ever at an inauguration, period" whispers: "for the year 2017."]]></document>
		<document><![CDATA[No no, don't look at that picture. Try this one taken at a low angle so you can't see how few people are in the crowd.]]></document>
		<document><![CDATA[There is a new Thrawn novel coming out written by Timothy Zahn.  2017 can't be all bad.]]></document>
		<document><![CDATA[Does Trump know that "My Way" was written by a Canadian, and is about the end of something great, not the beginning? I would guess not.]]></document>
		<document><![CDATA[Sad day for BMX today. RIP @RIDEBMX print magazine.]]></document>
		<document><![CDATA[They really have been struggling with this red jays thing for so long. https://t.co/gd51oU3W8f]]></document>
		<document><![CDATA[A lot of people have short memories and can't seem to remember that the Jays have worn red many, many times.]]></document>
		<document><![CDATA[LEARN HOW TO DO THE FUCKING JOB BEFORE APPLYING FFS!! https://t.co/LG0u3NMegl]]></document>
		<document><![CDATA[Mixed emotions...... https://t.co/UeMTGzyjHq]]></document>
		<document><![CDATA[Please be powder blue. Please be powder blue. Please be powder blue. Please be powder blue. Please be powder blue.… https://t.co/Km00EpUZnH]]></document>
		<document><![CDATA[I was at that game.  I almost caught the first one.  Oh to be so young and innocent again....... https://t.co/bVUuQCflbT]]></document>
		<document><![CDATA[This is shitty https://t.co/UqewZqIGEZ]]></document>
		<document><![CDATA[The vesting option for 2019 tells me the Jays are betting on Bautista betting on himself.  I like it.]]></document>
		<document><![CDATA[His sock? https://t.co/q43Lj6RQBC]]></document>
		<document><![CDATA[Trump/O'Leary are not good at business, they are good at spending other people's $$$ on their own personal extravagant lifestyles. All show.]]></document>
		<document><![CDATA[@Ben_T_Johnson but then we end up with another Bush Jr. situation, with Pence pulling the strings. Which, is probably happening anyway. Ugh]]></document>
		<document><![CDATA[@the_Zubes won't you please think of the Chandler!? https://t.co/n1K98lgJdC]]></document>
		<document><![CDATA[brb, walking into the sea https://t.co/xEZfJFowMQ]]></document>
		<document><![CDATA[Checking in on the news in 2017

https://t.co/Vm2WWLf8Lh]]></document>
		<document><![CDATA[@JoshuaHowsam @BProToronto as we all breath a sigh of relief and understanding]]></document>
		<document><![CDATA[If you don't hear from me in the next few days, I've gone down the baseball x physics rabbit hole

https://t.co/jzfjRC38bi]]></document>
		<document><![CDATA[The more you know..... https://t.co/2FEYMVzWFD]]></document>
		<document><![CDATA[I'm going to drain the swamp of politicians who put their hands in your pockets.  Now, buy this hokey shit, it has my name on it!]]></document>
		<document><![CDATA[Trump is selling membership cards for the Official Idiot Club now?]]></document>
		<document><![CDATA[I guess it's not the first time the NHL has tried to pretend they are an American sport.]]></document>
		<document><![CDATA[The NHL really doesn't understand it's market. Your fans (i.e. all of Canada) are working today, why the hell are you putting day games on?]]></document>
		<document><![CDATA[You know you are hated when even the shitty cover band versions of the bands who refused to play for you start drop… https://t.co/uZAyua9GGc]]></document>
		<document><![CDATA[not upset that this didn't happen https://t.co/4UpOfcana8]]></document>
		<document><![CDATA[Bas Keep's project Walls | Red Bull *video* https://t.co/TFCTwfwrlK]]></document>
		<document><![CDATA[So much for Saunders wanting to stay in Toronto.]]></document>
		<document><![CDATA[The direction that jersey manufactures have been going the last 10 years is really pissing me the fuck off. https://t.co/iHgd95iWi9]]></document>
		<document><![CDATA[FAKE NEWS!

Facebook tells me he's terrible and hates Toronto. https://t.co/eKiSfCUlcd]]></document>
		<document><![CDATA[MLB insider Marcus Stroman with the 🔥🔥🔥🔥🔥 https://t.co/ZbfDM0LqTf]]></document>
		<document><![CDATA[Obvious bot is obvious #lolrioles @Minor_Leaguer https://t.co/H9n86d3FhA]]></document>
		<document><![CDATA[...you going to the mall today? https://t.co/LaoLLjZ2pV]]></document>
		<document><![CDATA[General public: Grrrr Trump bad, too far right!!
Also General Public: Grrr Trudeau bad, I hate Liberals!! 🙄🤦🏻‍♂️]]></document>
		<document><![CDATA[Whoa, watching BPs warming up during games from the stands was a fun part of wrigley. Sad to see it go. https://t.co/0hid2DCTwq]]></document>
		<document><![CDATA[Enough politics, I feel like I need a shower after reading the disgusting comments from idiots.  Time to get clean. https://t.co/G7LrGp1h9J]]></document>
		<document><![CDATA[Uh, if you are asking the PM to help you with your hydro bill, you don't understand the difference between federal and provincial government]]></document>
		<document><![CDATA[Sure Trump, tax car manufacturers for importing cars to the US from Canada. Also, enjoy paying 3x as much for all that oil you get from us.]]></document>
		<document><![CDATA[You mean to tell me Boston fans are trash?  I'm SHOCKED! https://t.co/knNjUyfd5L]]></document>
		<document><![CDATA[Honestly, my hydro bill is the last thing I'm worried about when it comes to our government. How about working on lowering housing prices?]]></document>
		<document><![CDATA[I have no idea how people are paying hundreds of $$/month on hydro, let alone $1000. I couldn't run up my bill that high if I wanted to.]]></document>
		<document><![CDATA[If your hydro bill is larger than your mortgage, you are either using way too much fucking hydro, or you are terrible at math.]]></document>
		<document><![CDATA["The edge, there is no honest way to explain it because the only people who really know where it is the ones who ha… https://t.co/elQXOP3lrA]]></document>
		<document><![CDATA[Not because it tastes bad? https://t.co/vzmYYRdvIU]]></document>
		<document><![CDATA[Not fucking cool https://t.co/KHgKVHmrod]]></document>
		<document><![CDATA[We can only hope, but I doubt it will go this way. https://t.co/wuohNEGFEQ]]></document>
		<document><![CDATA[TODAY IS JUST FULL OF BAD NEWS! https://t.co/7kqaevDPzX]]></document>
		<document><![CDATA[Don't forget the ZX2!!! https://t.co/3HcWYlOOJs]]></document>
		<document><![CDATA[Soooooo good.  This is a must watch. https://t.co/EjtC1iaEbz]]></document>
		<document><![CDATA[I've got my fingers crossed.  Need some good news before the world goes to shit. https://t.co/XDYvO0kWse]]></document>
		<document><![CDATA[Well fuck, case closed then..... https://t.co/VcZnRs7np9]]></document>
		<document><![CDATA[Looking back at the St. Catharines Blue Jays https://t.co/1uzYMssTcz]]></document>
		<document><![CDATA[Who wears gloves when it's 27 deg C out? https://t.co/hyEjpeL9a7]]></document>
		<document><![CDATA[Or, "Who is almost as good as Josh Donaldson?" https://t.co/yXFLRST4X8]]></document>
		<document><![CDATA[Shit ending to a great game.  Shootouts don't decide championships.]]></document>
		<document><![CDATA[TFW you can't shake the fact that you gave up more $$ and the chance to stay in the city you love to play in Clevel… https://t.co/KNFLoc9qgK]]></document>
		<document><![CDATA[@JoshuaHowsam I was going to correct you haha.]]></document>
		<document><![CDATA[At first glance, I thought that was tweeted by Jose Bautista, and I was like.

Damn, that's savage AF. https://t.co/aCaFz2csRs]]></document>
		<document><![CDATA[🚨🚨🚨 BLUE JAYS HOT STOVE ALERT 🚨🚨🚨

Jays sign......Gavin Floyd to minor league contract.

Oh, nvm]]></document>
		<document><![CDATA[Given his record of being a dick to fans of other teams, I can't say he didn't deserve it.  Also, is he, uh, trying… https://t.co/APXAbNAepr]]></document>
		<document><![CDATA[Yeah, Toronto came up with that, you can come up with your own thing.  The parrot stays here. https://t.co/AUg3uBAzij]]></document>
		<document><![CDATA[well this is a slippery slope depending on what the hell that means. https://t.co/YB5V1emAOW]]></document>
		<document><![CDATA[No MLB At Bat App, I do not want to watch EE put on that horrible fucking racist jersey.]]></document>
		<document><![CDATA[Hear that? It's the re-sign Sanchez train leaving the station. Toot toooot! 🚂 https://t.co/53vHliJh5q]]></document>
		<document><![CDATA["Not a tribute to the Toronto Blue Jays."
Of course not. 😉😉 https://t.co/UKBMFQBEwl]]></document>
		<document><![CDATA[Absolutely it is. https://t.co/SOoWOEUYsQ]]></document>
		<document><![CDATA[That Dave Stieb tho 👌🏻 https://t.co/A7vw8LYsnA]]></document>
		<document><![CDATA[Throw another bullshit log on the hot take fire please. https://t.co/HIXhEXNdjG]]></document>
		<document><![CDATA[That's enough feels for one day. https://t.co/nlZ3owoitz]]></document>
		<document><![CDATA[I see.... might be bullshit, but holy fuck if this is true. https://t.co/DmUzjHikFb]]></document>
	</documents>
</author>