<author lang="en">
	<documents>
		<document><![CDATA[This is conservative Utah for God sakes. The future, local heat so hot GOPer bolts early to chants of 'Do your job!' https://t.co/kNL37006Fs]]></document>
		<document><![CDATA[Guns out now for the ridiculous Trump decree- for every new regulation, kill two others. https://t.co/Cv2K4lH6Hq]]></document>
		<document><![CDATA['Women who are beaten, biologists confirm, have a distinct advantage. They are more likely to give birth to boys!''
https://t.co/XQOKreOOQM]]></document>
		<document><![CDATA[Up to 13,000 hanged/killed at Syrian prison, according to Amnesty report. https://t.co/IALN5z9uTZ]]></document>
		<document><![CDATA[@alans_world @Independent Truly awful.]]></document>
		<document><![CDATA[@JFCrisp History feels particularly circular today. Unconscionable.]]></document>
		<document><![CDATA[Shame on you, UK. These are children. Children denied safety. https://t.co/9wSrTvVPIg]]></document>
		<document><![CDATA[Shame on you, UK. These are children. You are denying children safety. Wage Peace NZ
https://t.co/RbXIDaUFNN]]></document>
		<document><![CDATA[Refoulement, plain and simple. Directly in contravention to Refugee Conventions. https://t.co/TDFzIPqi7D]]></document>
		<document><![CDATA[Jeff Sessions confirmed as Attorney General of the US. Cue Barack Obama, time to come back from your vacay, now, Sir.]]></document>
		<document><![CDATA[My head hurts. https://t.co/jls0JxSMpG]]></document>
		<document><![CDATA[@CMRanapia As magical as holding Toto, clicking yr heels together &amp; saying 'Half-price Yearly Sale. Half-price Yearly Sale.'  3 times fast.]]></document>
		<document><![CDATA[Jeff Sessions has been confirmed as Attorney General of the United States.]]></document>
		<document><![CDATA[First they came for the Socialists &amp; I did not speak.Then they came for Nordies &amp; I kicked the shit out of them w/m… https://t.co/rieGpjdkrp]]></document>
		<document><![CDATA[First they came for the Socialists &amp; I did not speak.Then,they came for Nordies &amp; I kicked the shit out of them w/my Half-Yearly sale boots.]]></document>
		<document><![CDATA[1941 Dr. Seuss cartoon criticising US policy for not taking jewish children during the Holocaust. Note the slogan o… https://t.co/fudV3XSf35]]></document>
		<document><![CDATA[Astounding. Next week, Congress will state that the Civil Rights movement was led by Labradoodles. https://t.co/NcTRUdHY3Z]]></document>
		<document><![CDATA[@SenWarren @althecat @SenatorSessions @WesleyLowery Elizabeth Warren, may I carry yr baby? Or your gin and tonic. #Persisterhood.]]></document>
		<document><![CDATA[I want to carry Elizabeth Warren's baby. Or gin and tonic. She persisted. #Persisterhood]]></document>
		<document><![CDATA[Kellyanne Conway describing her WH circle. CNN just now, 'We breath each other's air in a foxhole.']]></document>
		<document><![CDATA[Elizabeth Goddessa Warren. #ShePersisted https://t.co/wARoJ7wUpD]]></document>
		<document><![CDATA[Ground Control to Major Tom--- https://t.co/0tEkzRmytM]]></document>
		<document><![CDATA[An absolutely stunning film. Put it on your to-see list. Stellar performances across the board. https://t.co/4ADaimnh2g]]></document>
		<document><![CDATA[Thank you @NZGreens for yr call to @DoubleTheQuota to 1500 now, raising it to 2000 in 2018.@WagePeaceNZ https://t.co/8VAdLrRxiD]]></document>
		<document><![CDATA[Alas, I love him with all my heart and soul. And Melissa McCarthy is just getting warmed up. https://t.co/PoY4bdgxMs]]></document>
		<document><![CDATA[Holding my breath, starting now. https://t.co/3zSnztighE]]></document>
		<document><![CDATA[Thanks to the organisers of #nomuslimban event in Auckland yesterday. To quote Kellyanne Conway in 2018... https://t.co/H5pSJuNTpq]]></document>
		<document><![CDATA[Refugees are here, whether you like it or not. Facts beyond the hysteria. From the @washingtonpost. @WagePeaceNZ https://t.co/xYNxjHCyUt]]></document>
		<document><![CDATA[This. For the end of a summer's day. Amy Winehouse, yes. https://t.co/jzPyXyYKEZ]]></document>
		<document><![CDATA[@BelindaJDodson The good news is NZ is now trialing  a private sponsorship programme, albeit tiny. Shouldn't curtail #DoubleTheQuota though.]]></document>
		<document><![CDATA[Tonight, 6:00pm NO MUSLIM BAN gathering, Aotea Square. I think Hummus has to make it to my sign somehow, don't you? https://t.co/x7IX4VKjvP]]></document>
		<document><![CDATA[Sometimes we all just need a visual reminder that these numbers, these faraway statistics, are people, just people. 
https://t.co/ZwSrYRxnxA]]></document>
		<document><![CDATA[Hit back where DT can understand, business is business. 97 US tech firms file brief against ban.https://t.co/ga9TzyXpon …]]></document>
		<document><![CDATA[What would NZ's refugee report card look like? (Spoiler: History won't be kind). My take for AUT's Briefing Papers. https://t.co/SCT3hdd4Sc]]></document>
		<document><![CDATA[Damned interesting window into life at 1600 Pennsylania Ave right now. Or-- lies, lies, lies!… https://t.co/guR08qnWiI]]></document>
		<document><![CDATA[Damned interesting window into life at 1600 Pennsylania Ave right now. https://t.co/MRjAqShd4C]]></document>
		<document><![CDATA[Trump's popularity might better than you think. https://t.co/b9KKlWdKmz]]></document>
		<document><![CDATA[Overwhelmed? Incompetent? Or just shutting down democracy? Unprecedented, Trump admin closes off information. https://t.co/79ne1AoJZG]]></document>
		<document><![CDATA[@bevanshortridge @toby_etc Bevan, please don't ask intelligent questions. It makes my citizenship hurt.]]></document>
		<document><![CDATA[@toby_etc New drinking game. Every time Trump uses Twitter for native advertising to promote The Apprentice, drink steroids.]]></document>
		<document><![CDATA[The March for Science date is now set for Earth Day, April 22nd.]]></document>
		<document><![CDATA[@GraemeEdgeler @intelligencer But exempted those with tiny hands. Gah.]]></document>
		<document><![CDATA[@TrevorWHAM Thanks Trevor. Do check out @WagePeaceNZ on FB. Try to keep folks informed there, cheers.]]></document>
		<document><![CDATA[@emmlett Cheers, Emma. New Zealand's silence on Oz's refugee gulags has become complicity. Check out @WagePeaceNZ on FB to stay informed.]]></document>
		<document><![CDATA[@RogerCohen nails it here. The US was trying to help close Oz's horrible refugee gulags. Until Trump went hormonal. https://t.co/RyIaxcLFM0]]></document>
		<document><![CDATA[America, you have now outdone yourself. I hate myself for now loving this guy. #TheTRUMBLECrumble https://t.co/xAPLhfGJHn]]></document>
		<document><![CDATA[America, you have now outdone yourself. I hate myself for now loving this guy. #TheTRUMPLECrumble https://t.co/xAPLhfGJHn]]></document>
		<document><![CDATA[I love my birth country. One double cheese, double pepperoni slice at a time. #IndigestionForChange https://t.co/sotkYl4byn]]></document>
		<document><![CDATA[Best news of the fortnight--celebrating when we go from disaster to what we had before. Gah. Lesson learned,… https://t.co/L7cAp4NzOj]]></document>
		<document><![CDATA[Joe, does that come from Joey? Ya know, you call kangaroos that down there don't ya? Love your country. Tremendous… https://t.co/nMqIUnZmYZ]]></document>
		<document><![CDATA[Chris Liddell, how's this new Trump gig working out for you so far? https://t.co/Fepn9uzE1n]]></document>
		<document><![CDATA[Ever wonder what is NZ's part in this dirty little spat between the US and Australia? My take for @TheSpinoff today. https://t.co/mHJqrTkOhD]]></document>
		<document><![CDATA['And listen up, Vladdie, ya gotta put gold lame drapes in the Kemlin too. Makes this dump look like a billion.' https://t.co/UIPyN6GDOR]]></document>
		<document><![CDATA[Sometimes the news tells you too damned much. https://t.co/n2NbkqhQKZ]]></document>
		<document><![CDATA[@robhosking @publicaddress And lately, we 'slither'....]]></document>
		<document><![CDATA[@tmurphyNZ Next week, 'grab 'em by the tamales' to start second diplomatic exchange.]]></document>
		<document><![CDATA[Russian activist experiences second incident of 'organ failure'. https://t.co/Z4U4bgOf6y]]></document>
		<document><![CDATA[Scientists amazed at new Artic warming stats, with some places +50 degrees warmer, resulting in huge ice melt. https://t.co/xbXjPUTfec]]></document>
		<document><![CDATA[Perfect way to calm Berkeley down, Mr. President. Now go to sleep already-- because your waking hours are destroyin… https://t.co/zXZV9nr7Xo]]></document>
		<document><![CDATA[Someone keeps hacking radio stations to play 'Fuck Donald Trump". Ah, subversion, thou name is music. https://t.co/oZojQt2o9r]]></document>
		<document><![CDATA[@ethicalmartini and troops into Mexico, ole!]]></document>
		<document><![CDATA[@wallacelchapman This was Obama's way of getting Oz to shutter camps. PNG Court ruled they had to. Oz 'shopping' these poor people since.]]></document>
		<document><![CDATA[If you're wondering what this US -Australia deal is all about, here's a good summary From CNN. @WagePeaceNZ
https://t.co/afeLBpSUqu]]></document>
		<document><![CDATA[@wallacelchapman Yes, yes, yes. We have no right to 'sell' refugees to each other for political expediency.]]></document>
		<document><![CDATA[Have I mentioned how much I truly love the judiciary now?Judge halts Muslim ban. #SoHotInThosePolesterBlackRobes https://t.co/8R3bsm6boZ]]></document>
		<document><![CDATA[@damianchristie @PhilipRucker Shitballs, and Kim Jung Un even has better hair. Now what? #HellFiresAndDamnation #OnOurWay]]></document>
		<document><![CDATA[@NickKristof Obviously, you have never endured a Violent Crumble. #KiwisRule #UntilOurPhone Rings]]></document>
		<document><![CDATA[Wonder if the nucleus of the Scientists March on DC will split into proton and neutron sections. Arrive via Haldron Collider. #JustJealous]]></document>
		<document><![CDATA[Because his ear is still smoking. https://t.co/PHqLCyipNQ]]></document>
		<document><![CDATA[@MacFinlay @tmurphyNZ And this. Women posing as GOP. wife records closed session. Bet her name was Agent 99. https://t.co/ZCg8oe9cBa]]></document>
		<document><![CDATA[@MacFinlay @tmurphyNZ Washington is leaking like a urinary tract infection. And thank you Jeebus, we love you for it!]]></document>
		<document><![CDATA[@JFCrisp The only real surprise here is that he hung up on the Australian PM on their first date. #FourEyesNextAnyone?]]></document>
		<document><![CDATA[Extraordinary, Trump hung up early in Turnball call over refugee deal, 'I don't want these peope!' @WagePeaceNZ https://t.co/MiTyfnrQDh]]></document>
		<document><![CDATA[Americans respond to Trump's tweets about Black History month. Classic. https://t.co/p9Co4TMmO2]]></document>
		<document><![CDATA[Love that Teen Vogue leading the charge on this. Can't reach the WH? This will connect you to Trump business instead https://t.co/akJCRAsVcB]]></document>
		<document><![CDATA[Mini mutiny at the State Dept. Management resigns en masse. https://t.co/ze9XQudeg5]]></document>
		<document><![CDATA[Jesus would have qualified, wouldn't he? Hatred with the stroke of a pen. @WagePeaceNZ https://t.co/rjnPoupAwH]]></document>
		<document><![CDATA[Jesus would have qualified, wouldn't he? https://t.co/rjnPoupAwH]]></document>
		<document><![CDATA["They pose way less of a threat than Trump does. And they also pay way more taxes." US protesters on refugees. https://t.co/zV2rwAeZWU]]></document>
		<document><![CDATA[And it's only Thursday.... https://t.co/Roq0RR1nL6]]></document>
		<document><![CDATA[Here it comes. Please God, make him go away to Mar-a-Del-Outta-Here for the weekend. https://t.co/DM3QOMJTXd]]></document>
		<document><![CDATA[America enters Simpsons episode and can't get out. Media should "keep its mouth shut", Steve Bannon. https://t.co/biGstwzpek]]></document>
		<document><![CDATA[@jonfavs You missed the dulcet subtleties. It's meant to be heard in Elvish.]]></document>
		<document><![CDATA[Helen, hear there's a North American presidency spot open in a couple of months w yr name on it. Got a US birth cer… https://t.co/AE3HFjWIpN]]></document>
		<document><![CDATA[Begs the question, is it only men with small hands who fear small crowds? https://t.co/zZcPFugvDa]]></document>
		<document><![CDATA[A shred of a speck of a nano of decent news. Thank you. https://t.co/iF1GvZ36lz]]></document>
		<document><![CDATA[If it keeps up like this, will we become 'The Truman Show' by Friday-- or Saturday? https://t.co/qUCIp2s2iC]]></document>
		<document><![CDATA[Environmental studies at the EPA have to be approved by political appointees before release now.  https://t.co/u0i2sg8kKl]]></document>
		<document><![CDATA[This. This terrifies me. https://t.co/A1on5OZQVb]]></document>
		<document><![CDATA['No hate, no fear; immigrants are welcome here!' Happening three hours ago at Washington Square Park. #NoBanNoWall 
https://t.co/QNqJhph6L7']]></document>
		<document><![CDATA[What’s next-- after the Women’s March? Quick thoughts from @JacindaArdern, @PaniFarvid &amp;  @TraceyBarnett. @NZHViva https://t.co/QHtgYofgDx]]></document>
		<document><![CDATA[@TheUNTimes @HelenClarkUNDP @UNDP @NZUN  Source please? The UN Times?]]></document>
		<document><![CDATA[Another sad day for America, the proud land of immigrants and refugees--no more. https://t.co/rPJm4oWeqU]]></document>
		<document><![CDATA[Malia Obama shows up a Standing Rock protest. https://t.co/n9UZEErz85]]></document>
		<document><![CDATA[Yes. Gagged National Park Service employees kick back. Tweeting on @AltNatParkServ. Over 800,000 followers, day one! https://t.co/t1awkeb04N]]></document>
		<document><![CDATA[Whoever said plumbers couldn't be dreamboats? https://t.co/nk8uh1OhJT]]></document>
		<document><![CDATA[And three times if you can save us. https://t.co/FcknrUqVEe]]></document>
		<document><![CDATA[Federal workers told to stop communication with members of Congress and press. So this is how it begins. https://t.co/hrqVpkvIeE]]></document>
		<document><![CDATA[Our new normal. Hope they keep a running tally of how many of these fact checks they will be issuing in the next fo… https://t.co/HtnLejyrxK]]></document>
		<document><![CDATA[Last one, and best one. The final word. #womensmarch #WMNewZealand #WMAkl https://t.co/qusiY8zjjU]]></document>
	</documents>
</author>