<author lang="en">
	<documents>
		<document><![CDATA[This was my first #socialselling experience https://t.co/EmadAmgP5k #socialmedia]]></document>
		<document><![CDATA[Middle-Aged Americans Beat #Millennials in Time Spent on #SocialMedia https://t.co/u3gHjHxRbO]]></document>
		<document><![CDATA[How to be successful with #socialselling https://t.co/5a79YZxLYp #socialmedia]]></document>
		<document><![CDATA[Facebook now lets you lock down logins with a key https://t.co/jIvBXBnBAw  #socialmedia #marketing]]></document>
		<document><![CDATA[2 years sugar free, this is what I've learned https://t.co/2oxAHhS84E #nosugar #noaddedsugar]]></document>
		<document><![CDATA[This is the most important #socialselling skill https://t.co/LPkjyL1E9G #socialmedia]]></document>
		<document><![CDATA[4 Simple Ways to Get the Most Out of Your Social Distribution Strategy https://t.co/DkvRhPYMyl #socialmedia #smm]]></document>
		<document><![CDATA[Do you want to stop eating sugar? This will help you! https://t.co/6PGjLkK9ut #noaddedsugar #nosugar]]></document>
		<document><![CDATA[The 8 Essential Skills a Marketer Needs to Be Successful Today https://t.co/cXiS8M0mdZ #socialmedia #marketing]]></document>
		<document><![CDATA[This is how you get relevant Twitter followers https://t.co/MyqEmDE3NI #socialselling #socialmedia]]></document>
		<document><![CDATA[The next generation of diverse #entrepreneurs has mastered #socialmedia https://t.co/R6sbWipfu7]]></document>
		<document><![CDATA[4 tips to make #socialselling part of your daily routine https://t.co/ZCFSvI4T3n #socialmedia]]></document>
		<document><![CDATA[Barry Ritholtz: How #Tech And #SocialMedia Impacted His Career https://t.co/zqcTpHqiJn]]></document>
		<document><![CDATA[@ourenginetweets love them 🙌]]></document>
		<document><![CDATA[6 reasons why #socialmedia analysis makes an impact in #marketing https://t.co/biih5sYY50]]></document>
		<document><![CDATA[Are you aware of the power of LinkedIn groups? https://t.co/Cp99gKuHHp #socialselling #b2b #sales]]></document>
		<document><![CDATA[How to Improve Your Blog Posts With YouTube Videos https://t.co/JWwu6WaShi #socialmedia #marketing]]></document>
		<document><![CDATA[This is why companies should use live #video #content https://t.co/eSbQCdwlPk]]></document>
		<document><![CDATA[6 Twitter Tips &amp; Tricks For #SocialSelling https://t.co/bFlvQOTaC1 #socialmedia]]></document>
		<document><![CDATA[4-1-1 rule to share the right #content for #socialselling https://t.co/tbf6UT5mLv]]></document>
		<document><![CDATA[11 absolute truths about #socialmedia #marketing https://t.co/hkw38O4ZJ2]]></document>
		<document><![CDATA[This is why the #socialmedia channels you want to use for #socialselling don't really matter https://t.co/dKTseTXBD3]]></document>
		<document><![CDATA[Facebook Is Testing #Ad Placement on the Messenger Home Screen https://t.co/BJkEQ3XyIO #advertising]]></document>
		<document><![CDATA[Twitter session with the CBC team https://t.co/LR7u4ysMQF #sagelive #sageone]]></document>
		<document><![CDATA[My conversation with @Timothy_Hughes about the 4 stages of a Social Seller https://t.co/AMKkUOCSpV #socialmedia #socialselling]]></document>
		<document><![CDATA[#SocialMedia &amp; #Content Marketing: How to Create a Unified Plan https://t.co/AZrxHCrScO]]></document>
		<document><![CDATA[Businesses love #SocialSelling but what's in it for the Social Seller? https://t.co/aP8RM83uyQ #b2b #sales]]></document>
		<document><![CDATA[5 Tools to Boost Your #SocialMedia Productivity https://t.co/lfTvdxO9gk #marketing]]></document>
		<document><![CDATA[The importance of a good profile picture on your #SocialMedia profiles https://t.co/9igOu6UvdM #socialselling]]></document>
		<document><![CDATA[A guide to optimize your #socialmedia #marketing campaigns https://t.co/XhstDUlfnm]]></document>
		<document><![CDATA[This was my first experience with #socialselling https://t.co/xQEpOiMSsd #socialmedia]]></document>
		<document><![CDATA[Learn How to Compel Your Audience to Act with These 3 #Storytelling Tips https://t.co/21GsM4aG4P #marketing]]></document>
		<document><![CDATA[Training tips for stage 1 of the #socialselling journey https://t.co/ByJHM3TdAr #socialmedia]]></document>
		<document><![CDATA[Top 25 #socialmedia #marketing tips for experts https://t.co/0zfgo37BuI]]></document>
		<document><![CDATA[This is how you can be successful with #SocialSelling https://t.co/irJFLa8nEB #branding]]></document>
		<document><![CDATA[How long does it take for #socialmedia #marketing to start paying off? https://t.co/RC3GhlazD4]]></document>
		<document><![CDATA[@adrianogara @c0nvey @YouTube thanks for sharing!!]]></document>
		<document><![CDATA[Training tips for stage 2 of the #socialselling journey https://t.co/V7gC2PmdDj #b2b #sales]]></document>
		<document><![CDATA[21 must have #socialmedia tools for marketers (like you) https://t.co/dF30eLCK9r #cloud]]></document>
		<document><![CDATA[This is the most important #socialselling skill https://t.co/Km7JTvovSK #socialmedia]]></document>
		<document><![CDATA[6 Big Reasons You Need to Use Twitter #Ads https://t.co/7pUqmbLrwn #advertising]]></document>
		<document><![CDATA[Do you want to stop eating sugar? This will help. https://t.co/ExLy2Jlnxm #nosugar #sugarfree]]></document>
		<document><![CDATA[The Most Shareable Words on #SocialMedia and How to Use Them https://t.co/QZ0zG48zE2 #marketing]]></document>
		<document><![CDATA[This is how you get more relevant Twitter followers https://t.co/SZRcW1oH0f #socialselling #cx]]></document>
		<document><![CDATA[115 must know facts about #socialmedia https://t.co/tUrvZ6ajS6 #marketing]]></document>
		<document><![CDATA[4 tips to make #socialselling part of your daily routine https://t.co/Ci3LXGoMr2 #socialmedia]]></document>
		<document><![CDATA[Why #Influencer #Marketing Will Explode In 2017 https://t.co/vedJfz9dpa]]></document>
		<document><![CDATA[This is why you should share #content during the evenings and weekends https://t.co/GMgM3x0JXu #socialselling]]></document>
		<document><![CDATA[12 Things That Can Really Influence What People Think of You https://t.co/OAKnRHLv7i #branding #socialmedia]]></document>
		<document><![CDATA[The 4 stages of becoming a Social Seller https://t.co/LERH5V4QLY #socialselling]]></document>
		<document><![CDATA[The 1 Question That Gets Every Single #Millennial In Trouble https://t.co/X6sAkagEV9 #socialmedia]]></document>
		<document><![CDATA[#socialselling is more than using your LinkedIn profile https://t.co/h9fN5csHOa #sales]]></document>
		<document><![CDATA[Marketers, It's Time To Prepare For The #AI Revolution https://t.co/xbg1dPuUOo #markting]]></document>
		<document><![CDATA[The 5 benefits of #socialselling that everybody should know https://t.co/03ED8bgnkS #b2b #cloud]]></document>
		<document><![CDATA[How #AI helps marketers invest in the right #ads https://t.co/PX3H9pepNx]]></document>
		<document><![CDATA[What type of #content to share in every stages of the #sales cycle https://t.co/AV3CAeEx8d]]></document>
		<document><![CDATA[10 CEOs Make Predictions For Marketers https://t.co/DVnileKDjk #ai #iot #cloud]]></document>
		<document><![CDATA[You wrote your first LinkedIn long form post, how do you make sure people see you post? https://t.co/SIjVlxIT8B #socialselling #branding]]></document>
		<document><![CDATA[Marketing Conferences To Check Out in 2017 https://t.co/NTfAYluJtT #branding #b2b #b2c]]></document>
		<document><![CDATA[Do you know the power of LinkedIn groups? https://t.co/UW1mVYj1no #socialselling #socialmedia]]></document>
		<document><![CDATA[Every Marketing Tool You Need to Know About https://t.co/z7dbshA2Th #b2b #cloud]]></document>
		<document><![CDATA[This is why companies should use live #video #content https://t.co/ooVs9LyfxF]]></document>
		<document><![CDATA[12 Facebook Groups To Join Before Quitting Your Day Job To Work For Yourself https://t.co/haEngePUVi #entrepreneur #socialmedia]]></document>
		<document><![CDATA[Use the 4-1-1 rule to share the right #content for #socialselling https://t.co/SEJ1qIDeBZ]]></document>
		<document><![CDATA[Can you read the minds of Twitter’s moderators? Take our short quiz. https://t.co/pOMYEGwWIG #socialmedia #cloud]]></document>
		<document><![CDATA[This is why the #socialmedia channels you want to use for #socialselling don't really matter https://t.co/HdEVo7Gzfh]]></document>
		<document><![CDATA[4 Clever Ways to Boost Your #SEO Using #SocialMedia https://t.co/u93Vh6AO3Q]]></document>
		<document><![CDATA[My conversation with @Timothy_Hughes about the 4 stages of a social seller https://t.co/j8VRqJMioZ #socialselling #b2b]]></document>
		<document><![CDATA[Middle-Aged Americans Beat #Millennials in Time Spent on #SocialMedia https://t.co/wIygtbz3Fa]]></document>
		<document><![CDATA[This will help you to be successful with #socialselling https://t.co/FmxiknPQMH #sales #cloud]]></document>
		<document><![CDATA[The 7 Best #SocialMedia Channels for Business Marketing https://t.co/qffxQ1hd5T #b2b]]></document>
		<document><![CDATA[This is the most important #socialselling skill https://t.co/9vqLDDEbpD #socialmedia]]></document>
		<document><![CDATA[Who to follow on Twitter in Trump's America https://t.co/3SpDlLvN0z #socialmedia #marketing]]></document>
		<document><![CDATA[This is how you get more relevant Twitter followers https://t.co/RhCux145xH #socialmedia #socialselling]]></document>
		<document><![CDATA[Merriam-Webster's Twitter is the political shade queen https://t.co/n4M9Pduugr  #socialmedia #marketing]]></document>
		<document><![CDATA[Tips to make Social Selling part of your daily routine https://t.co/tel7YvBD73 on @bloglovin]]></document>
		<document><![CDATA[Marathon update 5: Runners high and wine https://t.co/KQIteNzHiU #running #marathon]]></document>
		<document><![CDATA[Why companies should use live #video #content https://t.co/HH6qPJc4pY]]></document>
		<document><![CDATA[Is quitting #socialmedia the key to #millennial happiness? https://t.co/4G8ws7NsfT]]></document>
		<document><![CDATA[4-1-1 rule to share the right #content for #socialselling https://t.co/Axyfjky8Fj]]></document>
		<document><![CDATA[Twitter accidently gifts President Trump half a million unconsenting followers https://t.co/4XP8awwrq5 #branding #marketing]]></document>
		<document><![CDATA[This is why the #socialmedia channels you want to use for #socialselling don't really matter https://t.co/TjmunTrb4H]]></document>
		<document><![CDATA[Can you read the minds of Twitter’s moderators? Take our short quiz. https://t.co/Whbz55mNET #socialmedia #marketing]]></document>
		<document><![CDATA[Businesses love #socialselling but what's in it for the Social Seller? https://t.co/NvQ9dZeh8F #socialmedia #b2b]]></document>
		<document><![CDATA[4 Clever Ways to Boost Your #SEO Using #SocialMedia https://t.co/YcUqcw3oij]]></document>
		<document><![CDATA[The importance of a good profile picture on your #socialmedia channels https://t.co/PgHsAgJb9S #socialselling]]></document>
		<document><![CDATA[Is social media bad for young people's mental #health? https://t.co/UwY2ZMfH7W #socialmedia]]></document>
		<document><![CDATA[And the Spanish team of course 🙌 #SageLive https://t.co/FbKUkr6FMc]]></document>
		<document><![CDATA[This was my first experience with #socialselling https://t.co/m1Uux9S8bv #socialmedia]]></document>
		<document><![CDATA[We learn from our German team! 👌#SageLive https://t.co/8IcJ0JiWTS]]></document>
		<document><![CDATA[#OneSage! We are ready for Germany, France and Spain! https://t.co/eDrZXtZfNG]]></document>
		<document><![CDATA[Yes! Time to announce that #SageLive and #SageOne are live in Germany, France and Spain! 🎉🎉 https://t.co/5oVX3hlv6t]]></document>
		<document><![CDATA[Man fights off Twitter scammer by vowing to marry her in a 'Hindu mosque' https://t.co/NXXK1zToel #socialmedia #marketing]]></document>
		<document><![CDATA[This is how you get more relevant Twitter followers https://t.co/wWtdMVn9Xd #socialselling #socialmedia]]></document>
		<document><![CDATA[Exciting day today in the Dublin office!! #ThisIsMyOffice https://t.co/AM712mv2PH]]></document>
		<document><![CDATA[#Apple’s head of global retail #marketing is going to be Ford’s first chief brand officer https://t.co/lIt0I9UHMR]]></document>
		<document><![CDATA[Hello #Sage50c 😍 #ThisIsMyOffice https://t.co/YIFi6FsHy1]]></document>
		<document><![CDATA[🎉 we love #Cloud! #ThisIsMyOffice https://t.co/qYGWUaLHKd]]></document>
		<document><![CDATA[Product launches kick off today with #sage50c followed by #SageLive and #SageOne https://t.co/bc2eGRsPxj]]></document>
		<document><![CDATA[Marathon update 5: Runners high and wine https://t.co/ok9fISEFpA #marathon #runner]]></document>
	</documents>
</author>