<author lang="en">
	<documents>
		<document><![CDATA["to me the border right now looks like this enormous picket line, several times higher than the wall Trump wants to… https://t.co/6xORSKgppG]]></document>
		<document><![CDATA["renewed violence COINCIDED w/...TRUMP'S 1ST CALL W/ .. PUTIN" https://t.co/xdSjDvm9cW]]></document>
		<document><![CDATA[Please listen to their reasons for SUPPORTING trump https://t.co/E1MWyjssQx]]></document>
		<document><![CDATA[Urgent. Call on @JustinTrudeau to take immediate action on Trump's #muslimban &amp; islamophobia at home. Sign: https://t.co/XWmKeoMvkx]]></document>
		<document><![CDATA[Warren Buffett: I bought $12 billion of stock after Trump won https://t.co/EvPyXUjaq8 via @Reuters]]></document>
		<document><![CDATA[The Desperate Battle to Destroy ISIS https://t.co/gb8tJPbjc9 via @newyorker]]></document>
		<document><![CDATA[A Cartoon from The New Yorker  https://t.co/0W68JenMgT via @newyorker]]></document>
		<document><![CDATA[Twitter rises up against Steve Bannon with #stoppresidentbannon https://t.co/VgLqxlxdqs via @HuffPostPol]]></document>
		<document><![CDATA[It took Donald Trump eight days to bring the U.S. to the brink of a constitutional crisis https://t.co/AcvuLA40HY via @HuffPostPol]]></document>
		<document><![CDATA[White House just gave a terrible defense of Donald Trump's refugee ban https://t.co/WtdKqD5JAO via @HuffPostPol]]></document>
		<document><![CDATA[We need more funding to fight the fentanyl crisis. Add your name if you agree: https://t.co/ijwvRDIvTm]]></document>
		<document><![CDATA[Trump calls Schumer's tears over ban 'fake'  https://t.co/DlVdm3O8B3]]></document>
		<document><![CDATA[First on CNN: Justice Dept. will not defend executive order on travel restrictions https://t.co/7F3jOfcnUG]]></document>
		<document><![CDATA[Avoidable errors cause 20 pipeline leaks a year in Canada https://t.co/7ZuJHoRumZ via @HuffPostCanada]]></document>
		<document><![CDATA[What the Bible Says About How to Treat Refugees https://t.co/xLuWn5dXx6 via @RELEVANT]]></document>
		<document><![CDATA[Obama backs Trump protesters on travel ban  https://t.co/5wLOGUNazH via @usatoday]]></document>
		<document><![CDATA[Fact check: Trump’s immigration policy vs. Obama's https://t.co/CJkcpVyrA2 via @usatoday]]></document>
		<document><![CDATA[Trump communications paralyzing Canada's decision-makers https://t.co/RE6cQjMPZ2 via @HuffPostCanada]]></document>
		<document><![CDATA[Activism without borders gives Canadians a voice in U.S. politics, by @AnnBRosenfield https://t.co/LlhEV7tSIp via @HPCaImpact]]></document>
		<document><![CDATA[White supremacist trolls Trudeau over Quebec City attacks https://t.co/RRCE5MlPl2 via @HuffPostCanada]]></document>
		<document><![CDATA[Canadians in U.S. could get hit by Trump's next executive order  https://t.co/Wga7rJyvnH via @HuffPostCanada]]></document>
		<document><![CDATA[CIBC: Trump will get gobsmacked by economy's "alternative facts"  https://t.co/O9fuApH6TU via @HuffPostCanada]]></document>
		<document><![CDATA[Mosque shooting a wake-up call for Canadians: NDP MP #cdnpoli https://t.co/krvJJwZoWb via @HuffPostCanada]]></document>
		<document><![CDATA[Merkel 'explained' convention to Trump in phone call https://t.co/22w2JuaUdF]]></document>
		<document><![CDATA['Order, please!': Who's been heckling in the House of Commons https://t.co/D20TcJoE3N]]></document>
		<document><![CDATA[Kremlin says Putin and Trump could meet before G20 in July https://t.co/WvOftH9a5D via @Reuters]]></document>
		<document><![CDATA[Ukraine says more soldiers killed in deadliest clashes in weeks https://t.co/Z2HtFW4lrA via @Reuters]]></document>
		<document><![CDATA[Department of Homeland Security seeks to quell confusion over refugee ban https://t.co/Us8f1taXrO via @nbcnews]]></document>
		<document><![CDATA[Canadian PM says mosque shooting a 'terrorist attack on Muslims' https://t.co/bWc73tiTXW via @Reuters]]></document>
		<document><![CDATA[One tech worker's race to the border to beat Trump's travel ban https://t.co/OanRuzwq0v]]></document>
		<document><![CDATA[Google is putting up $4 million to help those affected by President Trump's immigration order https://t.co/sdUYCBVLFN]]></document>
		<document><![CDATA[Here Are the Republicans who have criticized President Trump's immigration ban https://t.co/9QIN1lBBgT]]></document>
		<document><![CDATA[Sens. McCain, Graham: Trump's order could become "self-inflicted wound" in terror fight https://t.co/wcnBJGtGLs # via @HuffPostPol]]></document>
		<document><![CDATA[Humanity strikes back at @realDonaldTrump. Join the #WorldToTrump open letter that’s sweeping the planet! #Trump https://t.co/MhRwIYPwPk]]></document>
		<document><![CDATA[Putin\'s warships https://t.co/KARI3V7DGQ]]></document>
		<document><![CDATA[Border agents using Facebook to screen travelers blocked by Trump https://t.co/ClNLdoLHA1]]></document>
		<document><![CDATA[BC Liberals offer furnishings for 2 hospice rooms on Sunshine Coast. They would not fund  building of those 2 rooms… https://t.co/MlwbHDnZAC]]></document>
		<document><![CDATA[A wee 14 year old, Scottish lad responded to hate speech by piping "Scotland the Brave"....We need to set him on Tr… https://t.co/HwNow3gZ4H]]></document>
		<document><![CDATA[Former head Soviet Union on nuclear war.....Mikhail Gorbachev: 'It looks as if all the world is preparing for war' https://t.co/cGyx8ZxjUm]]></document>
		<document><![CDATA[Iranian Foreign Ministry…
" the claims of banning terrorism…will be recorded in history as a big gift to…extremists… https://t.co/rbhLu04Mu2]]></document>
		<document><![CDATA[Iran to ban US citizens in response to Trump's immigration order https://t.co/Q7WIl5O2A3]]></document>
		<document><![CDATA[EXCLUSIVE: Read draft text of Trump's executive order limiting Muslim entry to the U.S. https://t.co/3MQ6UUrgbo # via @HuffPostPol]]></document>
		<document><![CDATA[U.S. responsible for its policies on refugees, UK's May says https://t.co/NSVrfnSi7O via @Reuters]]></document>
		<document><![CDATA[Sudan calls Trump ban unfortunate in light of sanctions progress https://t.co/yQxsE2tild via @Reuters]]></document>
		<document><![CDATA[Trump's refugee ban no solution to problems, Turkey PM says https://t.co/MJe9TaVJ0g via @Reuters]]></document>
		<document><![CDATA[Trump immigration curbs cause worldwide chaos, panic, anger https://t.co/UNKsiwFulX via @Reuters]]></document>
		<document><![CDATA[Green card holders included in Trump ban: Homeland Security https://t.co/VTSmb5b8qu via @Reuters]]></document>
		<document><![CDATA[58% of United States BEER comes from Mexico ....USA beer drinkers to PAY FOR MEXICAN WALL thanks to Trumps 20% tari… https://t.co/LQgB5BO5jY]]></document>
		<document><![CDATA[Trump aides divided over policy shielding 'dreamer' immigrants: sources https://t.co/z5VAvq6OVz via @Reuters]]></document>
		<document><![CDATA[Warming Centers in New Brunswick  : https://t.co/NKpbk2tHRc]]></document>
		<document><![CDATA[Trump’s refugee scare-mongering has no basis in reality https://t.co/if0ATLYlxS]]></document>
		<document><![CDATA[.@jaketapper response to Steve Bannon is a model for journalists everywhere https://t.co/bcE2XVB820 # via @HuffPostMedia]]></document>
		<document><![CDATA[Bill Richardson: For negotiating tips, Trump should read ‘Art of the Deal’ https://t.co/2jBogbQH1Y]]></document>
		<document><![CDATA[The missing dimension in the NAFTA debate https://t.co/qUh6S0R9na]]></document>
		<document><![CDATA[Trump acts to sabotage Obamacare enrollment, days before deadline https://t.co/8aBiDo4yCy via @HuffPostPol]]></document>
		<document><![CDATA[Republicans trying to replace Obamacare still don't have any idea what they're in for https://t.co/cJRp2jjYEi via @HuffPostPol]]></document>
		<document><![CDATA[This #FirstNation Just Banned Industrial Logging and Mining from #VancouverIsland Territory #bcpoli #cdnpoli https://t.co/B7JOR4LyWq]]></document>
		<document><![CDATA[The leaks coming out of the Trump White House cast the president as a clueless child https://t.co/wx8LYRBmny]]></document>
		<document><![CDATA[Opinion | Ernesto Zedillo: Mexico can thrive without Trump https://t.co/XOyWanBkRP]]></document>
		<document><![CDATA[The West’s Largest Coal Plant May Close. It’s a Big Deal. https://t.co/gB9yMjQKwE via @ClimateCentral]]></document>
		<document><![CDATA[Women Scientists Advocating for Equality Surge to 14,000 https://t.co/CRUjPsAiwy via @ClimateCentral]]></document>
		<document><![CDATA["....Societies punishments are small compared to the wounds we inflict on our souls when we look the other way." https://t.co/rPNMSWON65]]></document>
		<document><![CDATA["Who in their right mind could believe that the destabilized Mexico is in America's best interest ?" https://t.co/8Ghov5G7MG]]></document>
		<document><![CDATA["refugees are fleeing terror-they are not terrorists" https://t.co/fLixbct3ly]]></document>
		<document><![CDATA[5 things I learned about my husband since his death 3 weeks ago https://t.co/0JnYaB8vss # via @HPLifestyle]]></document>
		<document><![CDATA[President Trump’s War on Women Begins https://t.co/8nO8NUqkZh "..."PRO-DEATH"approach that actually INCREASES abortions as well as deaths"]]></document>
		<document><![CDATA[Donald Trump reeeeeally needs to stop using an unsecured Android phone https://t.co/rAIE7JyhlB # via @HuffPostPol]]></document>
		<document><![CDATA[Republican leaders lay out 200-day agenda: Obamacare, tax reform, infrastructure, border wall https://t.co/iMBaxBF68b # via @HuffPostPol]]></document>
		<document><![CDATA[Trump Prepares Orders Aiming at Global Funding and Treaties https://t.co/pAFEk7ZAgN]]></document>
		<document><![CDATA[The Democratic base is marching right past its leaders https://t.co/8DUXoicOwV # via @HuffPostPol]]></document>
		<document><![CDATA[Here are the numbers https://t.co/xEpdg0c7Fr]]></document>
		<document><![CDATA[Trump's talk of tax on Mexico exports causing concern in Asia https://t.co/LlCGMT5Cce]]></document>
		<document><![CDATA[Here's How to Call the President While the White House Comment Line Is Closed  https://t.co/GrhoV0NCP6 via @TeenVogue]]></document>
		<document><![CDATA[So the Entire State Department Management Just Stuck it to Trump: https://t.co/UNxHrOMSx4]]></document>
		<document><![CDATA[America’s Journalists Break Tradition In Light Of Trump’s Behavior https://t.co/EjhXj7XUn9 via @TheDaily_Buzz]]></document>
		<document><![CDATA[My granddaughters in BCwent to school before SUPREME COURT ordered BC Liberals to properly fund education in BC https://t.co/bAZz2F40EN]]></document>
		<document><![CDATA[Hitler Youth ??? https://t.co/2MPsnwbVqb]]></document>
		<document><![CDATA[WOW.. trumps Chief Strategist says " Media should keep their mouth shut "... yes that's clear enough.... https://t.co/Q56DCSfqXU]]></document>
		<document><![CDATA[Wouldn't it be wonderful if ALL Canadians could afford a healthy diet &amp; weren't so dependant on food banks !! We ne… https://t.co/kv1FfMuPsK]]></document>
		<document><![CDATA[This Dutch video on Trump has gone viral because, well, just watch it https://t.co/8q7Okbl7dN via @mashable]]></document>
		<document><![CDATA[Support US Forest Service  website   https://t.co/nRk4cldK9n]]></document>
		<document><![CDATA[James Filippelli why are BC Liberals forcing Disabled into homelessness ?They only get $930 month &amp;bus pass when re… https://t.co/aPoWL4LA86]]></document>
		<document><![CDATA[I have a neurological illness (Bipolar) I did not choose it anymore than you chose your eye color #BellLetsTalk https://t.co/ibwO197Cdt]]></document>
		<document><![CDATA[" Love will overcome hate ...." https://t.co/CfrNVJR1b4]]></document>
		<document><![CDATA[Very interesting arrival by China news.... https://t.co/wcjAJLHomc]]></document>
		<document><![CDATA[If Liberals payed Disabled a living support we would NOT need transitional housing !! Stop the claw backs &amp; return… https://t.co/Pj943YWSy5]]></document>
		<document><![CDATA[Trump Won’t Back Down From His Voting Fraud Lie. Here Are the Facts. https://t.co/WfIjTeim3p]]></document>
		<document><![CDATA[Carbon tax won't make Canada a climate leader if nobody follows (blog) https://t.co/IF2Rml2H8W # via @HuffPostCanada]]></document>
		<document><![CDATA[#BellLetsTalk..???WHY WAS SHE FIRED just ONE HOUR AFTER HANDING IN DOCTOR'S NOTE ?? BECAUSE OF HER MENTAL ILLNESS ?? https://t.co/e9yDob0Pve]]></document>
		<document><![CDATA["Trump agreed with their "Better Way" adgendia..."  #ResistOften https://t.co/E1bFWGeA3O]]></document>
		<document><![CDATA[...Give us your poor.....your downtrodden ....?????? https://t.co/27zyQHDgsn]]></document>
		<document><![CDATA[DAM that is going to DOUBLE BC's Hydro costs in just 10 years...according to LIBERAL'S OWN EXPERTS !!! https://t.co/0T25dHzAur]]></document>
		<document><![CDATA[National Parks were made by God.....#ResistOften #BellLetsTalk https://t.co/afVj3rsEXr]]></document>
		<document><![CDATA[Keith Olbermann: Trump is not of sound mind and must resign https://t.co/NBkr63RThT # via @HuffPostMedia.#BellLetsTalk]]></document>
		<document><![CDATA[Watch The Marilyn Denis Show RIGHT NOW...Pacific time...all on mental health W/ Howie Mandel BREAKING NEWS...#BellLetsTalk is the #1HashTag]]></document>
		<document><![CDATA[INCLUSION MATTERS FOR ALL !!!  #BellLetsTalk https://t.co/9YFptR43Ih]]></document>
		<document><![CDATA[Than you to the donor !!! #BellLetsTalk https://t.co/pikxui3Nif]]></document>
		<document><![CDATA[The Canadian Virtual War Memorial (CVWM) - Memorials - Remembrance - Veterans Affairs Canada https://t.co/i2WTDTEVnE]]></document>
		<document><![CDATA[Too bad they snuffed out "The Eternal Flame" Canada's promise to never forget all the lives lost !! It was cast by… https://t.co/DTxObMFqNC]]></document>
		<document><![CDATA[A full list of all the times rooms full of women have legislated men's bodies ➡️ by @aterkel https://t.co/xLNxy4jlID # via @HuffPostPol]]></document>
	</documents>
</author>