<author lang="en">
	<documents>
		<document><![CDATA[Which reminds me, remember when Nancy Kerrigan got hit with a pipe? https://t.co/HRWdAPj6l5]]></document>
		<document><![CDATA[Beyonce's new pregnancy photos drive home the point that the rest of us suck https://t.co/nF7sBij5pR via @georgiastraight]]></document>
		<document><![CDATA[Lydia Loveless lights out for new territory on Real https://t.co/lm1OWWjXtp via @georgiastraight]]></document>
		<document><![CDATA[This was a blast: Yukon Blonde kicks off #StraightUnplugged with an acoustic set at the Straight https://t.co/ARFSkcDYPq @yukonblonde]]></document>
		<document><![CDATA[I wonder what batshit crazy thing Trump is going to do today.]]></document>
		<document><![CDATA[My favourite Twitter bio of the month!!! And you should all follow for that bio alone! @Ayfray https://t.co/aeoJZnYT2R]]></document>
		<document><![CDATA[Somehow we've gone from Rosa Parks to Omarosa. #BlackHistoryTrump]]></document>
		<document><![CDATA[He's pulling his soul out through his fingertips......... https://t.co/CoiQkaDVv4]]></document>
		<document><![CDATA[It’s Black History Month, so President Trump is honoring Omarosa https://t.co/nMi96HSnJv via @TheAVClub]]></document>
		<document><![CDATA[one of the other two certainly doesnt....... https://t.co/bf0lNsOtSz]]></document>
		<document><![CDATA[Does he treat people minding their own business like they are hunks of shit? @WoodfordCHNL https://t.co/vKpertNhYd]]></document>
		<document><![CDATA[Dear God: It's not funny. Please stop it..... @BobKronbauer How do is disable this thing.......... https://t.co/epBDFvjsyq]]></document>
		<document><![CDATA[If u see one show this week: Seratones poised for something game-changing https://t.co/J6loxMX3Op @TheCobalt_van @Seratones @TimbreConcerts]]></document>
		<document><![CDATA[@tamarataggart in the house! Which reminds me: Best. Fridge. Ever. #neigh]]></document>
		<document><![CDATA[From the vaults!: Major UA news outlet breaks news that Canucks Ryan Kesler, Alex Burrows, and Daniel Sedin are gay https://t.co/iPWTM5QS4a]]></document>
		<document><![CDATA[This Sargeant Pepper record isn't about a band or pepper or a sargeant. It's about some guy with a kite. Epic fail… https://t.co/ateCzGcbMM]]></document>
		<document><![CDATA[If you think about it, it's actually high-comedy at its most surreal. The @SNLUpdate writers couldn't come up with… https://t.co/luc9FMvQSL]]></document>
		<document><![CDATA[@BobKronbauer @SunCivicLee Learned an important life-lesson right out of J-school: don't be an asshole to someone because of where they work]]></document>
		<document><![CDATA[White House Staff Reminded To Place Lids Firmly On Trash Cans After Steve Bannon Gets Into Garbage Again https://t.co/2W4NZnEQBg  @theonion]]></document>
		<document><![CDATA[Where is the lie there! (And that's better than taking the fifth). https://t.co/MSvpBkoAE8]]></document>
		<document><![CDATA[One more time. Would someone there please give @tg_gman his own show. Whenever he's on it's essential listening @mattsekeres @BlakePriceTSN]]></document>
		<document><![CDATA[Arrghhhh-the dangers of pulling over to quickly tweet. Correction coming right up. Thanks. Great segment. https://t.co/PiCIEXzMWn]]></document>
		<document><![CDATA[Would someone there please give @tonygallagher his own show. Seriously. @mattsekeres @BlakePriceTSN]]></document>
		<document><![CDATA[Essential-and scary-reading. https://t.co/7LWkPzLP1O]]></document>
		<document><![CDATA[@evilmegs_17 if you can make it to July you can start convincing yourself there's really no reason to take them down]]></document>
		<document><![CDATA[@BobKronbauer @SunCivicLee @wordpressdotcom you never had the pleasure of sitting behind him at city hall.]]></document>
		<document><![CDATA[If only there was some reason to care about the @NHL all-star game. Like, you know, @johnscott_32]]></document>
		<document><![CDATA[Good God what a fuckstick. https://t.co/SHF7o3TcCA]]></document>
		<document><![CDATA["It's not a hobby-it's alcoholism" . (Unwanted feedback while  making a tamarind-chipotle cocktail syrup at home) https://t.co/JR55qO094b]]></document>
		<document><![CDATA[Dear @yukonblonde : you are, and specifically tonight were, awesome]]></document>
		<document><![CDATA[I believe the only thing you can get there is pussy. But I could be wrong. https://t.co/3L3lWMwkTh]]></document>
		<document><![CDATA[You both must have been really confused when the cat café opened up @Geoffrey436 @Brock_Ellis https://t.co/jJUCnoWxY3]]></document>
		<document><![CDATA[It's like the assholes have taken over the asylum https://t.co/yXoBoe9hSj]]></document>
		<document><![CDATA[@isabeldc @georgiastraight PS get someone to tell you the Waldorf parking lot swimming pool story sometime]]></document>
		<document><![CDATA[Put down your pitchforks­—Railway Stage &amp; Beer Café to open with help from a local music renegade https://t.co/8IbQOjuFdE]]></document>
		<document><![CDATA[@senger_deborah If only there was a way to smoke it........]]></document>
		<document><![CDATA[@TaraJeanFM Hmph. Well goodbye to you to!! Thanks @whounfollowedme]]></document>
		<document><![CDATA[Also having a three-week nic fit.]]></document>
		<document><![CDATA[I now weigh 230 lbs. And I will not go downstairs for Cap N' Crunch. And I will not go downstairs for Cap N' Crunch. And I will not go......]]></document>
		<document><![CDATA[@ButcherAndBull what kind of drink is that....]]></document>
		<document><![CDATA[When you're on YouTube checking out @littledestroyer and then all of a sudden Destroyer comes up instead...... @takeaimmedia #thirdtrimester]]></document>
		<document><![CDATA[@whounfollowedme doesn't know what he's missing out on.......]]></document>
		<document><![CDATA[Fuck. It. All.]]></document>
		<document><![CDATA[Just getting ready to enter the @MagAwards for the first time in a few years. Unfortunately the submission deadline was a week ago. #isuck]]></document>
		<document><![CDATA[@IAmRobStadnyk is a great friend to women! Despite his Twitter bio "I'd rather snort Coke off a hooker's ass"@BillFortierCTV @ezralevant]]></document>
		<document><![CDATA[You might want to check out @whounfollowedme you stooge. I'm sure there's more than one.... https://t.co/TBXcg0M8aD]]></document>
		<document><![CDATA[I saw you fishing that cheese out of a dumpster today https://t.co/5c7ApcH6UG]]></document>
		<document><![CDATA[What a fucking asshole. That is all : Trump signs executive order banning funding for abortions around the world https://t.co/SLmUrNkThY]]></document>
		<document><![CDATA[Sharing is caring. Hoarding is asking for someone to come over there and break your fingers....... https://t.co/U0rb3CBDxH]]></document>
		<document><![CDATA[Photos: Thousands of Vancouverites flock downtown in support of Women’s March on Washington https://t.co/j9GgGfdiWA via @georgiastraight]]></document>
		<document><![CDATA[I'm starting to seriously wish I could stop eating @Freybe pepperoni sticks like they are potato chips.]]></document>
		<document><![CDATA[Fucking. Horrifying: https://t.co/lWk4mtNFzB Removes Climate Change and LGBT Pages https://t.co/gFPvYCdCi3 via @intelligencer]]></document>
		<document><![CDATA[Argue amongst yourselves.... Top five Vancouver bands to watch in 2017 https://t.co/fmVeTugOb7 via @georgiastraight]]></document>
		<document><![CDATA[Win a pair of tickets to see YUKON BLONDE perform an intimate live acoustic set at The Georgia Straight https://t.co/dxA7aOgz1N]]></document>
		<document><![CDATA[Trump scarily steals from Batman psychopath Bane during his inauguration speech https://t.co/wgKPtDSCnQ via @georgiastraight]]></document>
		<document><![CDATA[Quite possibly the saddest collection of "stars" since season one of The Surreal Life… #InagurationDay]]></document>
		<document><![CDATA[@cutz1702 Hey Keenan. Would love to get you lined up for one of these...... @thekeeferbar https://t.co/56JaANr8Ok]]></document>
		<document><![CDATA[Thanks @SheaHogan for being amazing! Straight, No Chaser: Shameful Tiki Room's Shea Hogan offers inspired mixing https://t.co/fnkrWsbjj2]]></document>
		<document><![CDATA[This Canucks-Preds game has all the excitement of a great cracking English soccer match!!! #0-0]]></document>
		<document><![CDATA[Don't lose faith-as @JohnRLucas will confirm, I do everything last minute. If we get space, expect action. or the d… https://t.co/IzYsJZmXMa]]></document>
		<document><![CDATA[Another gold standard entry for WIYF!!! What's In Your Fridge: Bruce Wilson https://t.co/uBWWaIIApW via @georgiastraight]]></document>
		<document><![CDATA["Just look for a goddamn Jim Carrey movie." - renting an Apple TV movie with a 7-year-old]]></document>
		<document><![CDATA[New owners announce the former Railway Club will be reborn under a new name and altered format https://t.co/zTYQ1EpXSt via @georgiastraight]]></document>
		<document><![CDATA[Punk it up you apathetic bastards: Will Donald Trump pump up the punks of America and beyond? https://t.co/eb97nvD74O via @georgiastraight]]></document>
		<document><![CDATA[A madman in the best of ways https://t.co/q3KOjfAj4L]]></document>
		<document><![CDATA[As much as I love Mackie I liked this story better when I wrote it. https://t.co/2iVam2sHWs]]></document>
		<document><![CDATA[The tweet will suffice. Well done https://t.co/s0CIRhMEHT]]></document>
		<document><![CDATA[Fucking A. https://t.co/hKSL1xBJqZ]]></document>
		<document><![CDATA[Dude you got to swear like a sailor. How do you think Emma got her review? Listen to Liam https://t.co/HfvM8loubc]]></document>
		<document><![CDATA[But now that the liquor has loosened my tongue I would like to say that I have always thought you are the coolest https://t.co/We3KUWyKcM]]></document>
		<document><![CDATA[@Courtney easy. They told me I would get 15 minutes. She gave me an hour and a half of the most incredible stuff.… https://t.co/zeoRVTI1uS]]></document>
		<document><![CDATA[Just finished a Thor's Hammer Barley Wine by @CentralCityBrew In related news I can no longer feel my face, fingers… https://t.co/s6sxXD5kyo]]></document>
		<document><![CDATA[@PennyDaflos did you see her at the rob Lowe roast? Must watch insanity!]]></document>
		<document><![CDATA[Christ it's colder than Ann Coulter's tit tonight]]></document>
		<document><![CDATA[I know, right? https://t.co/LtPqbR5diP]]></document>
		<document><![CDATA[ps. I'm sorry but I can't like that. https://t.co/mOTmoZeNWw]]></document>
		<document><![CDATA[Oh. Fuck. This is shaping up to be the worst year ever. https://t.co/mOTmoZeNWw]]></document>
		<document><![CDATA[aww shucks. usually I just hear "sad clown". https://t.co/75WQPYZUTM]]></document>
		<document><![CDATA[Also time to stop smoking asbestos. https://t.co/qC2uFmCHit]]></document>
		<document><![CDATA[Next they'll be telling us cigarettes cause cancer too. Christ. https://t.co/GDg8rBuhBU]]></document>
		<document><![CDATA[Great. Now Nutella causes cancer too. Fuck.]]></document>
		<document><![CDATA[The weird thing is that I don't even know who the keymaster is on that...going to check the bathroom right now to s… https://t.co/9p2sXVSY5j]]></document>
		<document><![CDATA[That would strike me a perfectly reasonable observation. If I see the keymasters shoes in the toilet stall, I'll en… https://t.co/HjbvliRmzQ]]></document>
		<document><![CDATA[You must have done something to piss off the keymaster! https://t.co/cqN7FKdVSH]]></document>
		<document><![CDATA[Cross those fingers... Good news as Railway Club looks ready to reopen in 2017 https://t.co/xif1hCnp3L via @georgiastraight]]></document>
		<document><![CDATA[@rebeccablissett @KCroweCBC done I apologize in advance for my tweets]]></document>
		<document><![CDATA[Should you want to send your blood pressure through the roof, try signing up for @CraveTVCanada this New Year. It's an endless adventure.]]></document>
		<document><![CDATA[My favourite thing of the week!! In case you are curious, it was for this story. https://t.co/dyo1izMAMA Thanks… https://t.co/XuxKR3dhRr]]></document>
		<document><![CDATA[@zahnmcc My god you're fucking great in Fargo. #respect]]></document>
		<document><![CDATA[Remember when you were complaining about the ice and the snow]]></document>
		<document><![CDATA[Think I speak for all Canadians when I say last thing that makes us want to #eattogether is the sight of Brad March… https://t.co/4Q4HD3rveT]]></document>
		<document><![CDATA[Let me guess somebody just got on the bus and screeched "Q: who sharted? A: me" https://t.co/NfAshp8i0O]]></document>
		<document><![CDATA["Olympia" just came up on the iPod. Which reminds me of the thousand of interviews I've done NO ONE has ever been better than @Courtney]]></document>
		<document><![CDATA[You got to do what you got to do when it's January https://t.co/CP5MyPis16]]></document>
		<document><![CDATA[Desperately attempting to extend Christmas into the new year with Blitzen from @steamworksbeer And it's working.… https://t.co/Ru2TdRULhD]]></document>
		<document><![CDATA[What everyone else is said. I must've caught at least 20 or 30 rats in East Van doing this https://t.co/F4N0zQMLXa]]></document>
		<document><![CDATA[For some fucking reason I have yet to figure out, I don't seem to ever win the lottery. #LOTTOMAX #60million #isuck #some80yearoldalwayswins]]></document>
		<document><![CDATA[@CityofPoCo Thanks for the response!]]></document>
		<document><![CDATA[With January upon us I have managed to get my consumption down to a half a bottle a day @AvalonDairy https://t.co/AkmNbwTPyw]]></document>
		<document><![CDATA[New and fantastic WIYF! What's In Your Fridge: John Auber Armstrong https://t.co/LxVZov7hv1 via @georgiastraight]]></document>
	</documents>
</author>