<author lang="en">
	<documents>
		<document><![CDATA[What on Earth is this thing? NOT an "Icheumon wasp" FFS @nzherald https://t.co/WDN7dTaqOw]]></document>
		<document><![CDATA[@rnz_news Oh good - we needed a new "I'm relaxed about that" man since soon-to-be-Sir John Key shuffled off to Hawaii.]]></document>
		<document><![CDATA[@RuPaul Read it on The Guardian before hitting Twitter - but it was your glorious, funny, smart self's image that made me tap on the story.]]></document>
		<document><![CDATA[@amandapalmer If you've not read it, Norman Ohler's Blitzed. Parallels between Nazi drug use, culture and today's US horribly visible.]]></document>
		<document><![CDATA[@amandapalmer Pop over to Wellington on 21 Jan for our March since you can't be in the US. Just 3 hours from Melbourne. xxx]]></document>
		<document><![CDATA[@HilaryDuff Love seeing your love for your boy. Ignore the creepy nutjobs. xxx]]></document>
		<document><![CDATA[@antonystarr Funny or offensive? It's about you or 50% of the photos are. Before they were famous: Antony Starr https://t.co/xLaxpLVQ68]]></document>
		<document><![CDATA[@NZTAWgtn what about Horokiwi Road? Huge tree down last night over the road.]]></document>
		<document><![CDATA[@ThatKevinSmith @smosier Mmm, govt cheese good. Rickman tee and healthy mum is best. Loved that photo.]]></document>
		<document><![CDATA[@wallacelchapman @RNZSunday Forgetting the commercial imperative of profit? No grower will grow a valueless crop that's given away in bars.]]></document>
		<document><![CDATA[@NathanFillion Stranger finds your keys. Shiny. You doing something to make another stranger's day a little brighter. Shinier. No pressure.]]></document>
		<document><![CDATA[@wilw Celebrity has its own rewards. #lovepuffs. Managed to reply to the wrong tweet #fail]]></document>
		<document><![CDATA[@wilw Ah, celebrity has its own rewards. #lovepuffs]]></document>
		<document><![CDATA[@brian_kushner @ThatKevinSmith Um, not that spelling of "sicked" although MUCH funnier that way.]]></document>
		<document><![CDATA[@IMKristenBell Good luck. From a woman in New Zealand. We're counting on US voters too xxx]]></document>
		<document><![CDATA[@HarveyFierstein so sorry for your loss. Dear friends are priceless.]]></document>
		<document><![CDATA[Bring your glorious self down here for a visit! @RuPaul @TheKhooll]]></document>
		<document><![CDATA[@themrsthemrs @nationaltrust Support YOUR heritage. You're in the UK, buy @nationaltrust memberships. Don't short change your heritage orgs.]]></document>
		<document><![CDATA[@RNZSunday Drugging and raping girls and boasting about it is just teenage 'bad behaviour'? CK Stead sticks by that? Relevance diminishing.]]></document>
		<document><![CDATA[@HarveyFierstein Gorgeous, glorious, talented and great. Once again we see who leads the way and, as ever, with grace and humour. xxx]]></document>
		<document><![CDATA[@feliciaday I grew up with mixed cold black tea and vinegar for sunburns. Odd/true. Pure, quality lavender oil works on burns. #sleepytime]]></document>
		<document><![CDATA[@IMKristenBell  Looked like kale, spinach and what we call silverbeet. All great raw when young. Hope it was tasty.]]></document>
		<document><![CDATA[@GeekandSundry Durian? There are labour laws people! Looking forward to seeing the show. #Feel...OopsSmellBetterSoon]]></document>
		<document><![CDATA[@frankrichny hmm a Prime Minister who also knew his people had no appetite for another war, more slaughter &amp; loss? #WWI #WeWillRememberThem]]></document>
		<document><![CDATA[@NzMorningReport slow news day?]]></document>
		<document><![CDATA[@NZTAWgtn once again huge delays getting out of Wellington and NOTHING HAPPENING. No workers in sight. #SortThisShitOutPlease]]></document>
		<document><![CDATA[@DavidBowieReal So deeply deeply sorry and saddened. Love and best wishes to his family.]]></document>
		<document><![CDATA[@teradar the bumble also appeared to survive the encounter, unlike honeybees. PS Ironically I'm also allergic to paua. Oh well.]]></document>
		<document><![CDATA[@teradar if no one else has already responded; I too am allergic to honey bees but have been stung by a bumble without any trouble.]]></document>
		<document><![CDATA[@ninetonoon The "throws"? Seriously?]]></document>
		<document><![CDATA[Do you find this billboard offensive? https://t.co/taQXd8NTmS via @nzherald https://t.co/GDekbxYEJg #everydaysexism #asshat]]></document>
		<document><![CDATA[Do you find this billboard offensive? https://t.co/taQXd8NTmS via @nzherald https://t.co/GDekbxYEJg]]></document>
		<document><![CDATA[@NzMorningReport Have turned off radio. This tragic story didn't need that level of coverage. Appallingly intrusive. Bad decision, producer.]]></document>
		<document><![CDATA[@NathanFillion @Kusewera Shiny. And that's some class right there Mr F.]]></document>
		<document><![CDATA[@neiltyson And who's face do you have in your mind? We all have one when seeing such an insightful statement.]]></document>
		<document><![CDATA[@alfranken Congratulations and best wishes to them, you and your wife. Another generation to help make the world that little bit better.]]></document>
		<document><![CDATA[@ThatKevinSmith Screw @SKYCITYAkl - come visit the rest of NZ. But mostly Wellington...]]></document>
		<document><![CDATA[@IMKristenBell @SPTSUSA Lovely idea. We've lost three friends - just wish they knew how much they made the world shine.]]></document>
		<document><![CDATA[@feliciaday Keanu's the actor I can best imagine having chickens as pets.]]></document>
		<document><![CDATA[@NZTAWgtn And yet where is Old St Paul's in this little pic? I'm looking... I'm looking. Times Square Kiss reenactment on Sunday!]]></document>
		<document><![CDATA[@alandavies1 That it's winter and we're not good at insulation or double glazing. By 'not good at' I mean 'rubbish' or 'totally lacking in'.]]></document>
		<document><![CDATA[@NatGeo Need to stop calling this sport. It's cowardice. Tiny people with small lives who believe killing animals makes them big.]]></document>
		<document><![CDATA[Pucker up at Wellington's Old St Paul's (in NZ sorry) 1pm this Sunday to recreate the iconic #TimesSquareKiss http://t.co/xv7M2YwFc3]]></document>
		<document><![CDATA[Cecil was probably lured, shot by an alleged Spanish coward with a bow and arrow but took days to die. #SpanishShame https://t.co/N3MpVg0XqK]]></document>
		<document><![CDATA["@WWF: #Sharks are millions of times more likely to be killed by humans than the other way around. Help protect them http://t.co/Q7xTutl6Ti"]]></document>
		<document><![CDATA[@AfternoonsRNZ Make it stop. Make it stop. Bland music, badly performed songs. Mr Bacharach's standards clearly dropped after Cilla.]]></document>
		<document><![CDATA[Enter peeps - post to NZ though? Pah - I'll never win, but love kiwi @imrosemciver and cast. #ZombieOnPeople https://t.co/Rw8PrCEHmu]]></document>
		<document><![CDATA[@standfornz Operations funded? No. Poverty alleviated? Er, no. $26M spent on diversionary mock debate. Least we get to see Pluto this week.]]></document>
		<document><![CDATA[@ioangruffudd Final Forever ep just aired in NZ. Family grumpy and outraged at suggestion of no S2. We refuse to give up hope.]]></document>
		<document><![CDATA[@AfternoonsRNZ Thank goodness that's the last song from the feature album. 
Can't believe it's number 1 but... well done him. Still, awful!]]></document>
		<document><![CDATA[@stephenfry I was told to say white rabbits on 1 March only, to confuse the March Hare. Anyone else?]]></document>
		<document><![CDATA[@RNZ_Sunday_am Australia is anti intellectual? This from a New Zealand media outlet that's being ground down instead of celebrated? Grim.]]></document>
		<document><![CDATA[@KathyLette @StephenMangan @womenofyear @sanditoksvig Too much humour, talent and intellect in one image. And too far away. Road trip to NZ?]]></document>
		<document><![CDATA["@SETIInstitute: Looking Down On Jupiter's North Pole http://t.co/l8Rm7Nl2v7 http://t.co/5VUiW3jTvW"]]></document>
		<document><![CDATA[@RobThomas @imrosemciver Okay so the quote marks should have been around the 'develop' rather than 'accent' but that aside...]]></document>
		<document><![CDATA[@RobThomas @imrosemciver Future ep idea. Include a Kiwi corpse so Liv can develop an 'accent' after chewing on a frontal lobe.]]></document>
		<document><![CDATA[@DavidCunliffeMP That's a mighty fine coat to wear while supermarket shopping. Nice smile too Mr C.]]></document>
		<document><![CDATA[Got issues with Indian stone used at NZ national WAR memorial, 1350 Indian troops died at Gallipoli. But they're not worthy?]]></document>
		<document><![CDATA[Anzac Day should be quarantined from politicians – a solemn moment to reflect on the agony of war | Paul Daley http://t.co/SKv9IeuSvY]]></document>
		<document><![CDATA[A view worth waiting for, the beautiful Hokianga. We're welcoming @GovGeneralNZ to Mangungu today. All welcome! http://t.co/fOKuRHjelw]]></document>
		<document><![CDATA[@WREMOinfo No power in Horokiwi. What's happening?]]></document>
		<document><![CDATA[@simonpegg Yes. Thank you. Could be worse though. You could be in NZ during a Rugby World Cup. Shudder. Yawn. World? What world?]]></document>
		<document><![CDATA[@stephenfry I had influenza - 1 week of piercing agony in every joint. Only thing I could stand was listening to you. Thank you so much.]]></document>
		<document><![CDATA[@oxfamnz Congrats indeed. Your org does a great job.]]></document>
		<document><![CDATA[@amber_benson Okay so that came over all newbie tweeter fan geek. But it's true.]]></document>
		<document><![CDATA[@amber_benson You're so wonderfully talented. In awe!]]></document>
		<document><![CDATA[@IMKristenBell @EllenPage Yay. May there be no further hurt or pain. Just love and more love.]]></document>
		<document><![CDATA[@veronicamars Argh - can't yet. Come to New Zealand soon. We make the best coffee in the world. Ask Sir Ian.]]></document>
		<document><![CDATA[@ricocolantoni   Happy birthday to a wonderful actor and - clearly given Rob Thomas' comments - a wonderful and much-loved man.]]></document>
		<document><![CDATA[@NathanFillion   in... out, in... out, shake it all about]]></document>
		<document><![CDATA[@stephenfry You dear sweet man. A world with Mr Fry in it is a better world.]]></document>
		<document><![CDATA[@veronicamars @cafepress Hope this isn't a spoiler.]]></document>
		<document><![CDATA[@mollycrabapple And we love her in New Zealand too.]]></document>
		<document><![CDATA[Skeleton cookies and gravestone cupcakes. It's beginning to look a lot like #Halloween Yay!! http://t.co/EJemRHKtey]]></document>
		<document><![CDATA[BTW hope for all ages - my kid was prescribed sour gummy worms by his doctor. For a blocked saliva gland. Doctors are cool #Halloween]]></document>
		<document><![CDATA[Just realised - New Zealand gets #Halloween first. Suck it world... Sorry, that was rude. And yet I haven't deleted it.]]></document>
		<document><![CDATA[Have been lying here silently for an hour so husband can sleep in for once. Wonderful man; terrible sleeper.]]></document>
		<document><![CDATA[@GenesisEnergyNZ why have a Twitter account? Answer your phone, get rid of the crap music and the idiot thanking me for my patience]]></document>
		<document><![CDATA[@WgtnCC I'd be more impressed if you could get them to answer the phone.]]></document>
		<document><![CDATA[@geonet STOP PUTTING OUT INFO UNTIL YOU HAVE THE FINAL DATA!!!!!!!!! Pointless fucking scaremongering. Fire your Comms person.]]></document>
		<document><![CDATA[@3NewsNZ  1 in 5 odds that another big quake will happen this week? FFS that's not safe or low probability. Never studied #statistics huh?]]></document>
		<document><![CDATA[@simonpegg 6.5 quake shook WellingtonNZ tonight. No reports of people hurt yay so hopefully The Embassy is fine too. Saw World's End Friday.]]></document>
		<document><![CDATA[@IMKristenBell Suspect sleepless nite here too (WellingtonNZ) after 6.5 #earthquake. Hope dBird leaves you in peace and aftershocks stop!!]]></document>
		<document><![CDATA[So, so sad to hear of Mel's passing. Love to his wife &amp; friends. BBC News - Mel Smith dies of heart attack aged 60 http://t.co/QMNYoj5Zf9]]></document>
		<document><![CDATA[@GenesisEnergyNZ why do you even have a twitter account? Improve your profits, fire your Marketing and Comms Manager.]]></document>
		<document><![CDATA[@PeterDunneMP can you explain why it is EVERY time there's a storm your voters wind up with no power? Over 20 hours now. Who's accountable?]]></document>
		<document><![CDATA[@GenesisEnergyNZ wtf is wrong with your systems or Wgtn's power supply in general. EVERY time there's a storm Grenada loses power. You suck!]]></document>
		<document><![CDATA[@simonpegg Wgtn even stocks Cornettos. But do they taste the same...?]]></document>
		<document><![CDATA[@CharlotteBellis QueueBeck? Seriously? You're so gently professional as a presenter, really good, no inane chitchat. But QueueBeck?]]></document>
		<document><![CDATA[@nzherald Love the idea of less $$ being returned to the community. Profits belong offshore where they'll do no good...  er, I mean harm.]]></document>
		<document><![CDATA[@NicholasHoult Just bought #warmbodies DVD yesterday. Sooo not waiting for official New Zealand release. August is just too long to wait.]]></document>
		<document><![CDATA[Sad rednecks still debate our beautiful official language: 'Kia ora' fuss called return to Dark Ages - National http://t.co/cAbE6DwAPR]]></document>
		<document><![CDATA[Which would be scarier? Being the helicopter pilot, or the abseilers? Historic lighthouse to be rescued by helicopter http://t.co/7r9ql8CtS0]]></document>
		<document><![CDATA[Sigh - another reason to stay home: NZ petrol prices reach record high - National - NZ Herald News http://t.co/IPKS5RwWia via @nzherald]]></document>
		<document><![CDATA[#TradeInTime Conor's phone makes me sad. He needs a new one really bad.]]></document>
		<document><![CDATA[@donttrythis Come to New Zealand. Please... You know you want to...]]></document>
		<document><![CDATA[@simonpegg I got tickets to Roxy Cinema's dbl feature SOTD/HotFuzz, day before World's End premiere. July suddenly looking brighter in NZ.]]></document>
		<document><![CDATA["@TWEMovie: Make your very own #TheWorldsEnd pub sign! Prepare for total annihilation. http://t.co/X7AeMbc5r5 http://t.co/LzmtIese0G"]]></document>
		<document><![CDATA[@ninetonoon Please advise Mr Tuckett that he simply google details before revealing ignorance. WWZ's author and the way it's written both.]]></document>
		<document><![CDATA[Extra proud of my Australian heritage today; hard to find a favourite statement in this man's message. #feminist http://t.co/DUSt59rmmh]]></document>
	</documents>
</author>