<author lang="en">
	<documents>
		<document><![CDATA[I just found old pics of me and I actually can't deal https://t.co/mCfvzlCe6W]]></document>
		<document><![CDATA[Oooh 😩😩Yesss 😩😩ignore 😩😩😩ME😩😩😩 MORE😩😩😩😩]]></document>
		<document><![CDATA[I hate the fact this is SO tru https://t.co/GYGnoBDmYq]]></document>
		<document><![CDATA[I'm dead I've been preparing for my debs since 2015 ( I don't want that dress anymore things have changed) https://t.co/KC1S8dldu4]]></document>
		<document><![CDATA[I honestly can believe that Donald Trump imposed a Muslim Ban, how is this even legal, how is that even possible]]></document>
		<document><![CDATA[I'll fight Soulja boy]]></document>
		<document><![CDATA[@kultuminati happy birthday Sweetheart! 💕🎉😘]]></document>
		<document><![CDATA[I just remembered I let lewis borrow my pyjama shorts in august and I still haven't gotten them back cause he took them to fucking China]]></document>
		<document><![CDATA[@adrianna_kacz my fave pic of junior]]></document>
		<document><![CDATA[It's Xzibit from Pimp my ride https://t.co/JBPeLsOtDi]]></document>
		<document><![CDATA[Three people have tagged me on this post already https://t.co/SFOTVh9BXz]]></document>
		<document><![CDATA[This is probably my favourite thing I've ever posted online https://t.co/Xc7tcJFhEO]]></document>
		<document><![CDATA[My eyes are crying https://t.co/30DI2pXlx3]]></document>
		<document><![CDATA[Girls Tomas from skins just commented on my photo on insta I am deceased]]></document>
		<document><![CDATA[Why do people think acts such as Kanye west or even Beyoncé would be headlining longitude like what do you think this is hahahhahaha]]></document>
		<document><![CDATA[This is honestly the only time I've ever seen a video of a child and wanted one myself https://t.co/TGdmEjQeAr]]></document>
		<document><![CDATA[The background music gets me https://t.co/zfJXtQjGEn]]></document>
		<document><![CDATA[@meganbreheny see u there gal!!!!]]></document>
		<document><![CDATA[Guess who's child support just came thru, and who just bought basshunter tickets]]></document>
		<document><![CDATA[I can't believe Conor mcgregor went to cheap Mondays at diceys hahahahahah]]></document>
		<document><![CDATA[I'm sick, I already have my outfit planned out for the airport to Zante, I'm like 179 days early why am I like this]]></document>
		<document><![CDATA[@RyanYuth omg too kind thank you]]></document>
		<document><![CDATA[I love Rejjie Snow with all my heart]]></document>
		<document><![CDATA[If you never thought I was extra just know I'm getting my debs dress made abroad]]></document>
		<document><![CDATA[Imagine seeing coolio and salt &amp; pepa live of my god]]></document>
		<document><![CDATA[@andruskxa what do you mean think? Have you seen the rent prices in New York]]></document>
		<document><![CDATA[My dad hasn't sent me my child support and I need it to buy basshunter tickets like how rude]]></document>
		<document><![CDATA[@andruskxa love the honesty, truly]]></document>
		<document><![CDATA[If your friends don't heart react to ur pics they are not your friends]]></document>
		<document><![CDATA[How is this REAL https://t.co/oyaqykAzs0]]></document>
		<document><![CDATA[White people who say the N word look so fucking dumb]]></document>
		<document><![CDATA[Why am I only realising it NOW that Heath Ledger died 9 years ago]]></document>
		<document><![CDATA[@jodiemilnee omg Thank you! 💕]]></document>
		<document><![CDATA[So sad Ive missed the women's March yesterday!All empowering women made me feel so proud!Never let anyone tell u, u are less cause ur a girl]]></document>
		<document><![CDATA[@emconcannon you're too kind 💕]]></document>
		<document><![CDATA[@x3400x I was planning on just quoting cardi B but might as well]]></document>
		<document><![CDATA[@punchedmonet_ oh my gosh I love ur Pants !]]></document>
		<document><![CDATA[Do u ever read something and Throw up a little]]></document>
		<document><![CDATA[Love, Sex &amp; water is such a good playlist on Spotify]]></document>
		<document><![CDATA[@loaferclub don't diss the vibe]]></document>
		<document><![CDATA[Now you're gone
I realized my love for you was strong
And I miss you here now you're gone
I keep waiting here by the phone
With your pictur]]></document>
		<document><![CDATA[I say I'm straight but I've kissed more girlos than boys]]></document>
		<document><![CDATA[First things first reverse racism doesn't exist]]></document>
		<document><![CDATA[Many White people really need to learn the difference between xenophobia and racism]]></document>
		<document><![CDATA[How can you hate yourself that much https://t.co/HReYl7V0bk]]></document>
		<document><![CDATA[I've had all I ever wanted by basshunter stuck in my head for the entire day]]></document>
		<document><![CDATA[After sex selfies are so gross]]></document>
		<document><![CDATA[Screaming omg basshunter is playing in dublin]]></document>
		<document><![CDATA[His footsteps WHACK https://t.co/r3Ryhj4Wqn]]></document>
		<document><![CDATA[@GokYoungwan okay I did that before too and it doesn't taste that bad]]></document>
		<document><![CDATA[@CaseyOrmsby2 it's so gross and disgusting]]></document>
		<document><![CDATA[@GokYoungwan was it vegetable soup ?]]></document>
		<document><![CDATA[My mam and my cousin eat pancakes with ketchup, how can you hate yourself that much]]></document>
		<document><![CDATA[Do you ever mute someone and completely forget about their existence until they like something of yours]]></document>
		<document><![CDATA[Extremely jealous of anyone who has a good sense of rhythm and can dance]]></document>
		<document><![CDATA[My eyes are bleeding https://t.co/jFVfwSMtBt]]></document>
		<document><![CDATA[Like how is it even relevant, I can have all the sex in the world but simply I cannot afford nor be ready to become a mother]]></document>
		<document><![CDATA[I hate how 'don't have sex if you're not ready for motherhood' is used as an argument against abortion? Like don't use sex as a scare tactic]]></document>
		<document><![CDATA[I am literallly HOWLING https://t.co/rjm5bTk07x]]></document>
		<document><![CDATA[@GokYoungwan once u start getting orders put me on ur waiting list x]]></document>
		<document><![CDATA[I got my bank statements from Late July to December and I've spent 3500 euro, I am so disgusted where did this money even come from]]></document>
		<document><![CDATA[How can you do leaving cert art and not know the difference between oil and chalk pastels]]></document>
		<document><![CDATA[@RyanYuth betya call slippers gaff shoes too ye poshie]]></document>
		<document><![CDATA[@RyanYuth I will actually fight you on this one]]></document>
		<document><![CDATA[I fucking hate rich people https://t.co/kTXIolxJRi]]></document>
		<document><![CDATA[@Rybena_ he still looks fresh out the womb]]></document>
		<document><![CDATA[What isn't there to love about rural Ireland https://t.co/Diao7GkP3i]]></document>
		<document><![CDATA[Someone please come see raven amd jujubee with me]]></document>
		<document><![CDATA[Biggest scam of 2016 https://t.co/mvI6IpyEl7]]></document>
		<document><![CDATA[I'm howling, a girl that I use to go knacker drinking with now teaches in my school]]></document>
		<document><![CDATA[Is that the underground ballroom scene https://t.co/tNPEnHfSF3]]></document>
		<document><![CDATA[How to buy your way into my heart x https://t.co/wFSBK29dVU]]></document>
		<document><![CDATA[50 shades of Grey was probably the worst movie I've ever fucking watched it made me so angry bc Anastasia was dressed so fucking ugly]]></document>
		<document><![CDATA[Here nothing was as wild as the beginning of 2013 when some chungwan posted a video of her eating her own used tampon]]></document>
		<document><![CDATA[I applied for a Job at river island LAST year during Christmas and I literally only got a reply now, ah thanks chickens but yer a bit late]]></document>
		<document><![CDATA[Are these the bathrooms in workmans https://t.co/Gr83lPgUj4]]></document>
		<document><![CDATA[@bIoodfIoodx truly and honestly]]></document>
		<document><![CDATA[I'm actually screaming https://t.co/nSl60xIzNC]]></document>
		<document><![CDATA[@scaldies see you there 😉✌🏼]]></document>
		<document><![CDATA[@andruskxa ah okay makes sense, if you can't send your nudes to u girls are they really your girls]]></document>
		<document><![CDATA[@andruskxa @LeonoraMarku I'm confused what]]></document>
		<document><![CDATA[Imagine all the bangers JLS would have released if they didn't separate years ago]]></document>
		<document><![CDATA[Remember I use to go knacker drinking at bank and at Stephens green when I was 15]]></document>
		<document><![CDATA['Here will ye shift me mate, he's sound']]></document>
		<document><![CDATA[I love this body suit cause it makes me look like I have cinched waist https://t.co/kC0fm9LR2t]]></document>
		<document><![CDATA[the :L makes it worse]]></document>
		<document><![CDATA[There was a rumour going around that I got raped at the back of a bus and I was just about to ask some gal for hw w… https://t.co/c7bMmeO4HZ]]></document>
		<document><![CDATA[2007 was such a good year can we go back ten years and re live that era]]></document>
		<document><![CDATA[Imagined falling in love with someone and finding out they don't say thank you to the bus driver]]></document>
		<document><![CDATA[Self obsessed part 2 https://t.co/CHpQr2sWGB]]></document>
		<document><![CDATA[Straight up if cook from skins came up to me in rl I'd straight up dodge him so idk why I find him so attractive in skins]]></document>
		<document><![CDATA[The only type of guys that ever hit on me are greasy stoners like why]]></document>
		<document><![CDATA[Honestly this is me https://t.co/Su52Gx1y3o]]></document>
		<document><![CDATA[Once this guy told me to kill myself and go 6 feet under because I denied his offer of giving him a blowie, how sweet and thoughtful]]></document>
		<document><![CDATA[@ityagalrach there's an currency exchange office at the top of O'Connell street right before the bridge across from Starbucks!]]></document>
		<document><![CDATA[Feed my ego]]></document>
		<document><![CDATA[I hope yall that had a New Years kiss got herpes]]></document>
		<document><![CDATA[Imagine believing a woman's vagina gets looser when she's sexually active]]></document>
		<document><![CDATA[That song by Halsey and the chainsmokers actually gives me headaches]]></document>
		<document><![CDATA[Kiss me thru twitter]]></document>
	</documents>
</author>