<author lang="en">
	<documents>
		<document><![CDATA[It's going to a shootout at the OK Corral! #Resist #NotMyPresident https://t.co/weEX1QffPe]]></document>
		<document><![CDATA[Truth!! #Resist https://t.co/oWh6BEXRlp]]></document>
		<document><![CDATA[Jesus! #TheResistance #ImpeachTrumpNow https://t.co/AhCOMOUM3Q]]></document>
		<document><![CDATA[Will the asshole claim #FakeNews if they publish the results? He's a disaster! #resist #NotMyPresident https://t.co/YgbRDwsdrU]]></document>
		<document><![CDATA[Fucking disgrace! Who are the assholes laughing at his ignorance?? #Resist #NotMyPresident https://t.co/01D3DNwyq4]]></document>
		<document><![CDATA[Again with the strategically placed devil horns! #StopPresidentBannon #Resist https://t.co/IWaEzufbMR]]></document>
		<document><![CDATA[You are a disaster! Using that man's death (you caused) for a photo op! #Resist https://t.co/u4xEFrIIHV]]></document>
		<document><![CDATA[Every day is Groundhog Day! In the trump administration #Resist #TheResistance #NotMyPresident]]></document>
		<document><![CDATA[You forgot the US #Resist https://t.co/MXQTBXE5Iu]]></document>
		<document><![CDATA[You're such a fucking asshole! #Resist https://t.co/R62RijIEhA]]></document>
		<document><![CDATA[Two weeks in and I'm ready for combat! #Resist https://t.co/NHo8a9ZFfK]]></document>
		<document><![CDATA[He's a fucking fear monger! #Resist !! https://t.co/BxTmLGhCol]]></document>
		<document><![CDATA[Scots hate him too.. The entire world hates that bully asshole! #Resist https://t.co/zMQhVj107B]]></document>
		<document><![CDATA[This is how you celebrate #BlackHistoryMonth #Resist https://t.co/v8snxcPjWi]]></document>
		<document><![CDATA[Where are my African Americans at? - Trump https://t.co/TMP2uGSfpm]]></document>
		<document><![CDATA[Then get the fuck out! You are the worst thing that has happened to this country! You psycho!! #Resist https://t.co/j1HP2sJ0VJ]]></document>
		<document><![CDATA[You're making a fucking joke! You're disgusting #Resist https://t.co/K4llsxPQxl]]></document>
		<document><![CDATA[You really don't care about bringing the country together! Keep ripping us apart, we are better than you! #Resist https://t.co/FFDhNo5KrL]]></document>
		<document><![CDATA[@MDBlanchfield piece is misspelled]]></document>
		<document><![CDATA[Written by a child #Resist https://t.co/AJvewT5cds]]></document>
		<document><![CDATA[@realDonaldTrump good! You freak! #Resist !! #StandUpToTrump]]></document>
		<document><![CDATA[President Trump, we know what you're up to - CNN https://t.co/hdOooonqkU]]></document>
		<document><![CDATA[I wonder if @Uber thought about who their customers were.I mean, how many hillbillies and trailer park residents can afford rides from BFE?]]></document>
		<document><![CDATA[In 75 countries, read and comprehend #alternativefacts https://t.co/wpbEWQuwLT]]></document>
		<document><![CDATA[I will not #BoycottStarbucks, for offering jobs to refugees,but I'm not brainwashed like Trump supporters #DeleteUber #TheResistance]]></document>
		<document><![CDATA[Just stop it already! Detaining passengers had nothing to do with Delta's computer outage #StopPresidentBannon… https://t.co/sdhzkU8nRv]]></document>
		<document><![CDATA[Bad dudes, bad hombres.. quit being a fear monger!! #NoBanNoWall #resist #StopPresidentBannon https://t.co/CxOhZZDPaY]]></document>
		<document><![CDATA[We've always opposed you! We've had years of job growth, stop pretending you are the king! #resist… https://t.co/EKCEe8XELj]]></document>
		<document><![CDATA[I'm in! #TheResistance https://t.co/NChec9xwq6]]></document>
		<document><![CDATA[Here's hoping! #Resist https://t.co/sKe1MTnJwa]]></document>
		<document><![CDATA[#BlameTrump his racist rhetoric is poisoning the continent #Resist https://t.co/XleU3gWwox]]></document>
		<document><![CDATA[YOU are the fear monger! You are a disgrace to our country! #TheResistance #NoBanNoWall #StopPresidentBanon https://t.co/fhkZP833ca]]></document>
		<document><![CDATA[Wrong! They are exactly right. You are building a nation of assholes . #StopPresidentBannon #TheResistance https://t.co/oenokOUFXI]]></document>
		<document><![CDATA[45 regarding a week of Protests: "Don't they know I'm the fucking president!?" 
LMAO!! 😂😂😂
#StopPresidentBannon #NoBanNoWall #Resist]]></document>
		<document><![CDATA[45 will get his panties in a bunch over this direct hit to his inflated ego  #StopPresidentBannon #Resist]]></document>
		<document><![CDATA[Trump during campaign "I and I alone can defeat Isis!!"
Trump to WH staff Saturday "Give me a plan to defeat Isis"
WH: *crickets*
#Resist]]></document>
		<document><![CDATA[They couldn't get their #alternativefacts straight #Resist https://t.co/sB3xnhzOJM]]></document>
		<document><![CDATA[The Numbers Are In: Trump Is The Most Hated Newly Inaugurated President EVER https://t.co/j2fNIoPobJ Net Zero Approval Rating #resist]]></document>
		<document><![CDATA[They look like a bunch of stressed out robots #Resist https://t.co/oMOkC9RsKu]]></document>
		<document><![CDATA[Hitler speeches published with Donald Drumpf as cover illustration https://t.co/IGvmFLIQYN #Resist]]></document>
		<document><![CDATA[@BarackObama personal Twitter account has over 83MM followers! Almost triple @realDonaldTrump and @POTUS combined😂😂😂😂#unfollowTrump #Resist]]></document>
		<document><![CDATA[Every morning I wake up and check the news hoping to read @realDonaldTrump has died in his sleep #resist]]></document>
		<document><![CDATA[He's a coward! https://t.co/7Nd8KZ8VaM]]></document>
		<document><![CDATA[Only because white men were no longer given all the privileges, minorities &amp;women were being treated more equal tha… https://t.co/tPCnLmEPWE]]></document>
		<document><![CDATA[Wrong! @realDonaldTrump and they have more Twitter followers than you! Bet that chaps your fat ass, doesn't it!… https://t.co/79Fo5fdsHY]]></document>
		<document><![CDATA[@realDonaldTrump @nytimes A week later, the man-boy is still calling major news venues #fakeNews He is a sick man.… https://t.co/4swU35yZxG]]></document>
		<document><![CDATA[You need psychological help! Your supporters should be punching themselves in the throat right now! #Resist https://t.co/J0yrR0bylY]]></document>
		<document><![CDATA[@Ireland0828 I can't believe the idiots who voted for still stand by this lunatic #Resist]]></document>
		<document><![CDATA[You idiots, I'm trying to let you know you have no science to support your statement. Fetus do not have thoughts… https://t.co/SpSOzNXAyo]]></document>
		<document><![CDATA[So your last response was pure ignorance. You may take a seat now. #Resist https://t.co/1ZKgaKAbvl]]></document>
		<document><![CDATA[How sad that this man has his finger on the pulse of America &amp; our POTUS is only concerned about his image #Resist… https://t.co/c2SA71TVbo]]></document>
		<document><![CDATA[My god! He reads like a child! 😂#Resist #Babyhands https://t.co/iFYev0x3Ed]]></document>
		<document><![CDATA[It's like an elementary school over there and the 3rd graders are running the show! #Resist https://t.co/VrxrHdjJWe]]></document>
		<document><![CDATA[Because they are either 1) Too Stupid or 2) Too Lazy to learn a new skill #Resist https://t.co/lwMrXyQWl8]]></document>
		<document><![CDATA[Interesting, please share your research to back up that statistic #Resist https://t.co/QEFDkY5Gqp]]></document>
		<document><![CDATA[Put another way:39% of Republicans, 79% of Democrats and 60% of Independents say abortion should be LEGAL in all or… https://t.co/q6cUXqYWnM]]></document>
		<document><![CDATA[Yes! There's no law that says you must interview this lying dirt bag #Resist https://t.co/Mc68aOlVNG]]></document>
		<document><![CDATA[Omg! The white house took the soldier's arm to make Trumps tiny little baby hands look bigger! #Resist https://t.co/ASa3bMKc74]]></document>
		<document><![CDATA[You are a disaster! #Resit #Insecureboy #ClinicallyObese #LoweffortThinker https://t.co/mpO7E2WrkJ]]></document>
		<document><![CDATA[Why wouldn't they? and where can I buy a #TrumpPinata ? #Resist https://t.co/oLaiJXF2uO]]></document>
		<document><![CDATA[@WhiteHouse #PublicDemandsAVoice don't be assholes like Trump]]></document>
		<document><![CDATA[He's a weak little boy https://t.co/TiHTASwoHG]]></document>
		<document><![CDATA[Fuck his feelings #Resist https://t.co/bA924O9vSx]]></document>
		<document><![CDATA[@CatNamedLily never said that #AltFacts #YourReligiousBeliefsDontRuleTheWorld #Resist]]></document>
		<document><![CDATA[Not til every man/woman who claims Pro-Life signs up as foster parents/adoptive parents will I believe they care about a fetus #MarchforLife]]></document>
		<document><![CDATA[Bat shit crazy #Resist https://t.co/fpOomABX6q]]></document>
		<document><![CDATA[No one enjoys your elementary grade interviews. You sound like a low effort thinker! #Resist https://t.co/p6qO6FRQZm]]></document>
		<document><![CDATA[Seriously! If this is it.. I ❤you all! Except Trump and his supporters, y'all can kiss my ass! #Resist https://t.co/Sa5vbogKL6]]></document>
		<document><![CDATA[How about an designated emoji in the meantime ? Can I suggest: 🖕🏼🍊💩#FuckYouTangerineTurd ! #Resist https://t.co/wnOumHHFcD]]></document>
		<document><![CDATA[This is Melania's view. All.The.Time. ⚡️ “President Trump breaks tradition before first flight on Air Force One”

https://t.co/Y4kxk2foIU]]></document>
		<document><![CDATA[Doesn't that defeat the purpose?? #Resist Trump Strategist Steve Bannon Says Media Should ‘Keep Its Mouth Shut’ https://t.co/C2v5Dsvoxz]]></document>
		<document><![CDATA[Exactly! I'm registered in 2 states because I moved to MN before the election and wanted to vote! Didn't vote in TX… https://t.co/508zd36fOR]]></document>
		<document><![CDATA[Clearly #Resist https://t.co/qE7qG2lVVX]]></document>
		<document><![CDATA[Can we add that the oil from these pipelines are not for us, but for sale to others #Greed #Resist https://t.co/PXc8rQ4Uq7]]></document>
		<document><![CDATA[I can't keep calm! There's a lunatic running out country! #Resist https://t.co/RfA1Azqtly]]></document>
		<document><![CDATA[Are we surprised?? Hell No!! #conflictsofinterest #theResistanse https://t.co/UVmqfOCMLU]]></document>
		<document><![CDATA[Thank you! My kind of people!! #TheResistance https://t.co/5vnPgxCiEL]]></document>
		<document><![CDATA[This should be requirement for all candidates https://t.co/CorVTCJd53]]></document>
		<document><![CDATA[Truth! #Resist https://t.co/vvDsrSNRsl]]></document>
		<document><![CDATA[Great work Shia! #Resist https://t.co/9UxXPEAZbN]]></document>
		<document><![CDATA[Hilarious https://t.co/XtwGxYFBkd]]></document>
		<document><![CDATA[This administration is a fucking joke https://t.co/VxMAYpTqbb]]></document>
		<document><![CDATA[Disgusting psychopath https://t.co/BUgFFUY5Xc]]></document>
		<document><![CDATA[74MM already know..waiting for the rest to catch up https://t.co/VGAasrmj8H]]></document>
		<document><![CDATA[@ResistingInMinn @AltNatParkSer @NewsfromScience and an asshole https://t.co/Yt3PFVC4tR]]></document>
		<document><![CDATA[Easy https://t.co/mdxKvNiobl]]></document>
		<document><![CDATA[This man has all the social graces of a pig! @POTUS https://t.co/iFL7cuCTa1]]></document>
		<document><![CDATA[Greenpeace protesters 'resist' Drumpf, climb crane in northwest DC https://t.co/uGbeDgHcnX via @WUSA9]]></document>
		<document><![CDATA[Wow! Did the photog troll you on purpose?! LOL you are a laughing stock of the world #BabyHands #Insecure… https://t.co/BRsHbARxot]]></document>
		<document><![CDATA[Your interests in Keystone should be the straw that breaks the camel's back #ConflictOfInterest #Resistence #NoDAPL https://t.co/djQFNNvhZR]]></document>
		<document><![CDATA[You are a disgrace to the nation! #YouLie #FakeNewsAdvocate #Resistance https://t.co/uBArXz2ykt]]></document>
		<document><![CDATA[I'm going to fund a home in Costa Rica, but I'll be sending you the bill for reimbursement.. we'll see how that wor… https://t.co/BM8idPjT0n]]></document>
		<document><![CDATA[Fantastic! Since you were only idiot in the race that actually suggested dying (or dead) people vote! https://t.co/CfoGfrWlGN]]></document>
		<document><![CDATA[He is a lunatic! When will these idiots realize money isn't everything!? https://t.co/WIcWowG3hz]]></document>
		<document><![CDATA[Holy shit https://t.co/OM2TYrrxBx]]></document>
		<document><![CDATA[@kenklippenstein What's next,proclaiming his birthday National Sing Happy Birthday to: I,Donald J Trump, President of the United States Day?]]></document>
		<document><![CDATA[Love Trumps Hate #RESISTANCE https://t.co/bHGF1d6kxX]]></document>
		<document><![CDATA[Hey, when will you be issuing an officially apology for lying to the entire country? #ALieIsALieIsALie https://t.co/lzyzVDi5Ml]]></document>
		<document><![CDATA[Not only talking about Putin and other Russian leaders, but talking about the Oil in Iran...this is something he ha… https://t.co/WjQoqjjHZN]]></document>
		<document><![CDATA[and his hands are reaaaalllly much smaller #RESISTANCE https://t.co/m1SQUoFn6E]]></document>
	</documents>
</author>