<author lang="en">
	<documents>
		<document><![CDATA[Ha - indeed! Big shout out to @pbulpitt and @thewowcompany :) https://t.co/zUPoPMN0JN]]></document>
		<document><![CDATA[Awesome photo, team! Enjoy the day and bring some @spotlightrep magic to the @Xero #Accounting world https://t.co/yTYGry9mgo]]></document>
		<document><![CDATA[The place to be @Jason4bs! #xeroroadshow https://t.co/Gubkrg3X04]]></document>
		<document><![CDATA[Hard to beat a deserted beach in the morning :) https://t.co/cvnvhTYzIM]]></document>
		<document><![CDATA[Two big releases at Team @spotlightrep - an enhanced Formula Gallery for KPI's and @QuickBooks QBO Classes! #advisory #cloudaccounting]]></document>
		<document><![CDATA[@KinderPocock @spotlightrep Booked your #TransformSummit flights yet @KinderPocock? #NZawaits]]></document>
		<document><![CDATA[You can have pageantry and parades, but there's no polishing this turd  https://t.co/kNz80eUdJ6 https://t.co/0R95WvWxq6]]></document>
		<document><![CDATA[Very cool - The mind-blowing AI announcement from Google that you probably missed - by @AGuyCalledGil https://t.co/xi4LAKa0bc]]></document>
		<document><![CDATA[Make your New Year's Resolution to come to #Wellington in March for #TransformSummit17 - here's why: https://t.co/WQSVThV5VQ]]></document>
		<document><![CDATA[Merry Christmas Paul! https://t.co/l4k0qOz3fN]]></document>
		<document><![CDATA[Looks like a bit of tasty Australian https://t.co/nvQ1SMdLvy]]></document>
		<document><![CDATA[Join my fantastic award-winning team - jobs across disciplines and across the globe: https://t.co/hAVjhSyGS9]]></document>
		<document><![CDATA[The big 7.8-er has munted our local cinemas #earthquake #eqnz #messy https://t.co/JU3jj9soHp]]></document>
		<document><![CDATA[If you're a progressive #accountant you need to be at #TransformSummit17 - here's why: https://t.co/PkIEWslEV7]]></document>
		<document><![CDATA[Visited beautiful #Aleppo many years ago...heart-breaking to see the city and its people ground under the boot of a dictator and his allies]]></document>
		<document><![CDATA[A must for our @spotlightrep power-users https://t.co/SuJNFzek6h]]></document>
		<document><![CDATA[Great pic! Hope Secret @spotlightrep Santa went well :) https://t.co/LUcW2ShOdH]]></document>
		<document><![CDATA[Welcome to New Zealand @coldplay https://t.co/0zhQxXhyhD]]></document>
		<document><![CDATA[Joining us - amongst others - at Transform! is the one and only Steph Hinds @growthwise - https://t.co/42hR3d7eZu]]></document>
		<document><![CDATA[Agh - don't miss out. Great chance to network with the best #accountants #advisors and learn, have fun and play wit… https://t.co/3kB7fyruon]]></document>
		<document><![CDATA[UK superstars of cloud #accounting #advisory talk @spotlightrep @Valued_Stephen @pbulpitt @KinderPocock @RSuswain  https://t.co/db4t2SWGYJ]]></document>
		<document><![CDATA[@sminnee gulp...I can't keep up either ;)]]></document>
		<document><![CDATA[And another release next week...are you keeping up!? https://t.co/RtLH1XLF6I]]></document>
		<document><![CDATA[Interesting thoughts from @dazglanville on @Xero and the state of #advisory #accounting https://t.co/GuJfe0OQfE]]></document>
		<document><![CDATA[Don't miss this - actionable insights, a SuperVCFO panel, great peer networking and Awards Dinner too...attendees f… https://t.co/yJIJwsDvB5]]></document>
		<document><![CDATA[Ahh the green and blue of New Zealand is always a welcome sight after another trip away - the colours of home, aroh… https://t.co/G5QXsL6v8U]]></document>
		<document><![CDATA[A few of the extended family at a roof-top bar overlooking Shanghai #brightlightsbigcity https://t.co/cGR02KMFDi]]></document>
		<document><![CDATA[@DavidNew_Sydney @mattpaff @stuartwmcleod @Clayton_Oates @wayne_schmidt It's the place to be ;)]]></document>
		<document><![CDATA[Prowling the stage and sharing some vision for the future is @stuartwmcleod of @karbonhq https://t.co/xHeppvRssa]]></document>
		<document><![CDATA[The End of an Era from @guy_pearson of @practice_ignite - powerful stuff, on stage in the world's largest city https://t.co/ghH7H9Cu5F]]></document>
		<document><![CDATA[And @DavidNew_Sydney gets the ball rolling on Transformation of the Accounting Industry - translator trying to keep… https://t.co/5nVIas6Zv0]]></document>
		<document><![CDATA[Big day ahead as @DavidNew_Sydney and I share some accounting and cloud stories feat. @spotlightrep at our first Ch… https://t.co/q9TuZHudtb]]></document>
		<document><![CDATA[Thanks for the 10/10 @spotlightrep rating @JamesSolomonsCA - love the work you're doing @Xero to spread the advisory word #Advisors #cloud]]></document>
		<document><![CDATA[The early-bird tickets to Transform! are running out. Join us for great cloud accounting insight and learnings https://t.co/WYxeDwbSFT]]></document>
		<document><![CDATA[Very proud of these @spotlightrep humans and the great work we do together https://t.co/cU58wWqcyQ]]></document>
		<document><![CDATA[@Jason4bs @spotlightrep shaky isles]]></document>
		<document><![CDATA[Now that was a shake and a half.  NZ stretching its back. #eqnz]]></document>
		<document><![CDATA[Thrilled to be welcoming our overseas leaders to @Wellington_NZ over the weekend - @dazglanville @Jason4bs @DavidNew_Sydney @Spotlight_Sam]]></document>
		<document><![CDATA[Other scary examples of democracy in action from history...]]></document>
		<document><![CDATA[Rise and Fall of the Roman Empire might get dusted off tonight!]]></document>
		<document><![CDATA[Exciting releases in @spotlightrep for Multi and Forecasting coming very soon too! #accounting #cloud #advisor]]></document>
		<document><![CDATA[Thrilled by another major release today - Cashflow Statement in Reporting plus 6 new P&amp;L formats - enjoy! https://t.co/ruBe1AiGUM]]></document>
		<document><![CDATA[Summer warriors about to put leather on willow...well, rubber on Indian 'wood' to be strictly accurate... #cricket https://t.co/CyRe6jDfT2]]></document>
		<document><![CDATA[Progressive accountants and advisors have a huge role here, especially where data is predominantly financial or busi…https://t.co/qrK6Wi0Q9z]]></document>
		<document><![CDATA[Warming up for #Quickbooksconnect with the @49ers https://t.co/MYrtB4JBIq]]></document>
		<document><![CDATA[Glorious day @Wellington_NZ - enjoying the view before @FlyAirNZ AKL-SFO https://t.co/y0dRODqBMc]]></document>
		<document><![CDATA[Just about to fly across the Pacific for #QuickBooksConnect and looking forward to meeting great accountants - plus Malcolm @Gladwell @SHAQ]]></document>
		<document><![CDATA[Watching @starwars with Mr 6: "Why is Anakin in Padme's bed? Are they friends?" #ItsComplicated #RevengeOfTheSith]]></document>
		<document><![CDATA[Great story... https://t.co/GTGRkxU5T2]]></document>
		<document><![CDATA[@5waysgroup @Receipts_Sophie @wayne_schmidt We partner with firms all around the world who have adopted a multitude of cloud options]]></document>
		<document><![CDATA[@DruPlumb @Jason4bs @DavidNew_Sydney @spotlightrep Try losing weight at Goofy's Kitchen on All-You-Can-Eat Buffet Night! 🍩🍕🍨🍪]]></document>
		<document><![CDATA[We're hiring! Great job in Sydney, working with our Award-winning team &amp; passionate accountants/advisors...do it! https://t.co/JNBy4OiPtQ]]></document>
		<document><![CDATA[@Cornish_MD @spotlightrep Always more to come, Paul! Will we see you at Transform! in March? #SuperVCFO]]></document>
		<document><![CDATA[All ready to rock with @wayne_schmidt and friends on Award-Winners' Journey - get the recording https://t.co/nqc7HpNIUf #xerocon]]></document>
		<document><![CDATA[@Cornish_MD @spotlightrep Cheers Paul, hope it is useful :)]]></document>
		<document><![CDATA[@spotlightrep @pbulpitt Sadly all too common. Accountants too scared to charge value...Nice article Paul.]]></document>
		<document><![CDATA[@Jason4bs @PwC_AU @spotlightrep Big screen action!]]></document>
		<document><![CDATA[A new low - Syria conflict: UN suspends all aid after relief convoy hit, Red Crescent leader killed  https://t.co/7yTAH3hits]]></document>
		<document><![CDATA[@Illumin8prtnrs @DavidNew_Sydney @spotlightrep Thanks]]></document>
		<document><![CDATA[A @Jason4bs special #xerocon production feat. @spotlightrep  @Xero @roddrury @kiwilark @Anna_Curzon @trentinnes  https://t.co/N614poraYX]]></document>
		<document><![CDATA[@LisaStribley Thanks Lisa!]]></document>
		<document><![CDATA[@GregSheehanRW @RightWayLtd Please think of the children 😱]]></document>
		<document><![CDATA[@GregSheehanRW @RightWayLtd Luckily it didn't affect your performance when you presented. Another great #Xerocon banked 🍾]]></document>
		<document><![CDATA[All smiles for @GregSheehanRW at #Xerocon - despite the shirt 😉 Great to see you there buddy, sharing @RightWayLtd https://t.co/3dS7LPWbyS]]></document>
		<document><![CDATA[Hope you're enjoying post-#Xerocon travels @Bruce_HPC https://t.co/y7v4393Pam]]></document>
		<document><![CDATA[Nice to get a mention @Xero Awards :) https://t.co/QogxUbsyWp]]></document>
		<document><![CDATA[Big congrats @nooneplus @GoFi8ure @Futureb00ks on your @Xero Awards #xerocon]]></document>
		<document><![CDATA[If you're not pushing into advisory now, you're too late - great words @GregSheehanRW #Xerocon]]></document>
		<document><![CDATA[Nice to see @Xero and @spotlightrep as key elements of @RightWayLtd stack #xerocon https://t.co/5E123jm4Md]]></document>
		<document><![CDATA[@abrahamgibson @DavidNew_Sydney @Jason4bs Phone died, no charger 😰]]></document>
		<document><![CDATA[Another #xerocon and here's me and @Bruce_HPC enjoying the @Xero @spotlightrep vibe https://t.co/X28pikjIYn]]></document>
		<document><![CDATA[Morning walk as Brisbane woke up, breakfast on board, @spotlightrep team limbering up...bring it #Xerocon!]]></document>
		<document><![CDATA[@mattwilkinsonNZ No excuses...perils of life in paradise 😎]]></document>
		<document><![CDATA[@mattwilkinsonNZ Real men take the 6am Matt 😉]]></document>
		<document><![CDATA[The heroes of the White Helmets have just been nominated for the Nobel Peace Prize. Let's help them win! https://t.co/5wP2vjd4zO]]></document>
		<document><![CDATA[Another @spotlightrep release - #farming #hospitality templates, alternative Balance Sheet format, new Org/Practice settings #accountants]]></document>
		<document><![CDATA[@DavidNew_Sydney @Jason4bs @spotlightrep And free access to our award-winning tools! I'd come to #Xerocon to enter and find out more :)]]></document>
		<document><![CDATA[@spotlightrep Go Australia! Some smart accountants on both sides of the Tasman ;) #SuperVCFO]]></document>
		<document><![CDATA[@Xero see you there 😎]]></document>
		<document><![CDATA[@GregSheehanRW @Xero @roddrury I'm sure Xero are thrilled... *cicadas* :)]]></document>
		<document><![CDATA[@Xero @roddrury Massive conference - hats off; 2,000 passionate software, accounting and business peeps. Simply a 'must attend' #Xerocon]]></document>
		<document><![CDATA[@Cornish_MD Tomorrow fine? :)]]></document>
		<document><![CDATA[Not bad for midwinter #Wellington https://t.co/Oa9qdtxaQh]]></document>
		<document><![CDATA[@Cornish_MD Fancy a UK Balance Sheet format too, Paul?]]></document>
		<document><![CDATA[Excited by our latest release - shipping tmrw. If you report on farming, hospitality industries or are a UK accountant, watch this space!]]></document>
		<document><![CDATA[Matt Vickers: Lecretia’s Choice – A Story of Love, Death and the Law https://t.co/NhqzQXqegI]]></document>
		<document><![CDATA[@Chris_Ridd @spotlightrep Thanks Chris :) Yes, sub-editing is a dying art!]]></document>
		<document><![CDATA[There's only ever been one #willywonka RIP #GeneWilder https://t.co/dPeUAgwXz4]]></document>
		<document><![CDATA[@Cornish_MD @spotlightrep @dazglanville Thank you Paul - appreciate the message :)]]></document>
		<document><![CDATA[@WernerC2020 @spotlightrep @TheNBR Thanks Werner]]></document>
		<document><![CDATA[@FurnissO Thanks mate, sure will #Xerocon]]></document>
		<document><![CDATA[Thrilled to be taking the next step!  Welcome to Global from Day One VC Fund - and thanks to Team Spotlight for bein…https://t.co/34UMaURdl8]]></document>
		<document><![CDATA[@HeatherTowns @XebraAccounting @Sianinform @spotlightrep Only thing missing is a glass of wine - and a Spotlight Forecast #academy]]></document>
		<document><![CDATA[@KinderPocock @spotlightrep @HeatherTowns @DivingJon @dazglanville @Cornish_MD @Sianinform Hola to our great SVCFO's at Spotlight Academy!]]></document>
		<document><![CDATA[Excited by our much-anticipated enhanced #consolidation release - auto-eliminations, FX options, flexible reporting https://t.co/u2TtO2AXjh]]></document>
		<document><![CDATA[@carabrooks15 @Spotlight_Sam @BlakeTOliver Wind knocked it over, honourable draw :)]]></document>
		<document><![CDATA[Congrats @Hubdoc - #Xerocon Add-On of the Year https://t.co/dTqFpyH2v3]]></document>
		<document><![CDATA[Go @Shopify - the #Xerocon Industry App of the Year! :)]]></document>
		<document><![CDATA[New collaborative model includes best of breed add-ons, specialisation, advisory @AmyVetterCPA #xerocon https://t.co/IV9ngrimuC]]></document>
		<document><![CDATA[And @Spotlight_Sam and @BlakeTOliver duel it out #xerocon https://t.co/M7opOAVmaT]]></document>
	</documents>
</author>