<author lang="en">
	<documents>
		<document><![CDATA[Yup...what Steve said https://t.co/ylGLqbFsjB]]></document>
		<document><![CDATA[This is globalisation writ large.
https://t.co/bQEEp2dNxg]]></document>
		<document><![CDATA[Seriously!
Lead make the right decision 
Via @smh Plebiscite plan on the cards 2 headoff NSW council merger backlash https://t.co/SjA0WTNkPh]]></document>
		<document><![CDATA[#Trump Supreme Court Nominee Takes Legal Writing to Next Level - @WSJ  https://t.co/VvLSblsQ66]]></document>
		<document><![CDATA[This is another good one by @lopezlinette looking at the man behind that plan that just put Germany in #Trump 's tr… https://t.co/lqrcXydeVO]]></document>
		<document><![CDATA[@TTCSteve That's the Trump approach.
My fingers are crossed &amp; I'm trying to be Dr Pangloss even if it doesn't sound like it here sometimes]]></document>
		<document><![CDATA[@evrika123 @AxiTrader Robert Rubin, US Tsy Sec, back in the 90's stated the US liked a strong dollar as a mantra. Its been down and up since]]></document>
		<document><![CDATA[@evrika123 @AxiTrader Because Trump and his advisers keep implying it and because they appear to want a weaker dollar to aid trade aims]]></document>
		<document><![CDATA[@TTCSteve not just the left though...which is kind of my point. 
He has a great cabinet who can do great things, BUT opening too many fronts]]></document>
		<document><![CDATA[@TTCSteve That's the thing isn't it? 
We need to temper the approach not necessarily the sentiment. The message is being lost in the package]]></document>
		<document><![CDATA[@TTCSteve Oh - right. Yeah agree 100%]]></document>
		<document><![CDATA[Here's a link to my posts so far today 

$AUDUSD 
#CrudeOil 
O'night #markets Wrap and 
Today's video… https://t.co/pXrMedZKbg]]></document>
		<document><![CDATA[@ForexLive yes - we've had months of data printing better than expected in G10, US, Europe, OZ, China, etcetera...t… https://t.co/feIUa48GOC]]></document>
		<document><![CDATA[AS #Trump signals he hates the strong dollar I muse about what it means. 

Here's today's #markets video

#forex 
https://t.co/P14Yn2oU0Q]]></document>
		<document><![CDATA[Dead right - and not just in Canada https://t.co/MOjGNr7HWe]]></document>
		<document><![CDATA[@TTCSteve I was wondering which opinions? AS I wrote this morning in one of my pieces Trump isn't all wrong, he just needs to be tempered]]></document>
		<document><![CDATA[Which is still probably better than being stuck on those damn islands....I'd take that punt https://t.co/EiSkjKimcj]]></document>
		<document><![CDATA[@TTCSteve I'm not sure what that means mate]]></document>
		<document><![CDATA[The Australian dollar is poised to explode higher - but the US dollar is still key

$AUDUSD #forex

https://t.co/cTvyDkz73s]]></document>
		<document><![CDATA[Same reason why most CEO's aren't saying anything - scared of retribution

Which is precisely why we should speak t… https://t.co/DazJq2syhL]]></document>
		<document><![CDATA[This is good. 

On how @reuters will cover Donald #TRUMP and his administration

"Don’t pick unnecessary fights or… https://t.co/Ul1Bi7kIVk]]></document>
		<document><![CDATA[#CrudeOil - #OPEC achieved 82% compliance with cuts in January but the total cut hides low compliance

#OOTT

https://t.co/D2BfXePJMo]]></document>
		<document><![CDATA[Now the #Trump team is picking a fight with #Germany, more ructions in #stocks and #forex: #Markets Wrap

https://t.co/xj8oyp5GoN]]></document>
		<document><![CDATA[Not long ago Ray Dalio thought Trump might be positive...ME TOO https://t.co/dKCwjdDJY9]]></document>
		<document><![CDATA[@lopezlinette nails this...

Wall Street is going to regret how lazy it's work on Trumpenomics has been @BIAUS
https://t.co/Q82WsXlH5q]]></document>
		<document><![CDATA[This 2015 video of Jeff Sessions questioning Sally Yates at her confirmation hearing foreshadows her firing @BIAUS https://t.co/hAQZ18eyUa]]></document>
		<document><![CDATA[EU Open - #Gold catches a bid amid Trump uncertainty; #BoJ keeps policy steady by @MilanCutkovic 

https://t.co/dfmuSGJ6mO]]></document>
		<document><![CDATA[@iuubob goodness - thanks 
Going to buy me some gold then :S]]></document>
		<document><![CDATA[@iuubob Any chance this is early days administration training wheels or is the real Trump administration on show already???]]></document>
		<document><![CDATA[@fx4gladiators Yes agree we can't throw rocks without breaking a lot of windows]]></document>
		<document><![CDATA[@Lemieux_26 I like #gold back to $1300/20 at some point in 2017 and then we'll see https://t.co/4bkgxickUQ]]></document>
		<document><![CDATA[@fx4gladiators What folks do when they don their corporate clobber always leaves me gasping...watched Deepwater Horizon last night, gee whiz]]></document>
		<document><![CDATA[@ForexLive This has been the missing piece in real market disquiet...if gold pushes much higher we'll know the fear bear is out of the cave]]></document>
		<document><![CDATA[Gold $1200 - if $1220 breaks gold should soar 

Has to get there and break first though - couldn't last week https://t.co/6WMrrso2rB]]></document>
		<document><![CDATA[@fx4gladiators don't disagree - the peasants rise up eventually. We swapped Davos, globalisation &amp; corp protits for decency, grace &amp; charity]]></document>
		<document><![CDATA[#BoJ has upgraded growth expectations and held CPI roughly unchanged.

10 year target of zero also seeks to signal policy divergence

#forex]]></document>
		<document><![CDATA[I get populism, its source, &amp; why folks are angry but @elerianm  says its =&gt; An Unstable Economic Order? via @ProSyn https://t.co/Sjh1DUMsN6]]></document>
		<document><![CDATA[At 91 the leader of Australia's oldest micronationsays it's time to transfer power - great yarn by @TheLastWhale  https://t.co/zxnBFSotOU]]></document>
		<document><![CDATA[@mrkbly @ScottMorrisonMP @APRAinfo @RBAInfo they are. But no treasurer - beside @Bowenchris if he gets a crack - has the gumption to change]]></document>
		<document><![CDATA[@mrkbly @ScottMorrisonMP @APRAinfo @RBAInfo 
Which wont be fair - but they are the clean up crew when it comes to banking and the economy]]></document>
		<document><![CDATA[Mr 14 won't be happy about this https://t.co/6KjKxuA4OM]]></document>
		<document><![CDATA[@mrkbly @APRAinfo @RBAInfo that's what the 10% limit was for - although I reckon it needs to come down to nominal GDP]]></document>
		<document><![CDATA[@mrkbly because the government sets tax policy which drives this...@APRAinfo and @RBAInfo can't  seek to outlaw what's lawful, only mitigate]]></document>
		<document><![CDATA[So who do we blame?

Borrowers for their incessant love affair with tax breaks and property?

Banks peddling the lo… https://t.co/lFafs7yS0U]]></document>
		<document><![CDATA[While the @NAB bus survey looks good, and mining is mounting a comeback, retail is - well - not so good https://t.co/QvwUNXbuZz]]></document>
		<document><![CDATA[When I look at the internals of this @NAB business survey I am very encouraged

Conditions, trading, profitability,… https://t.co/896kz8fDG7]]></document>
		<document><![CDATA[Hey @telstra how about a roll out in @PortStephens for when your execs are on holidays here...

Oh and so I can hav… https://t.co/cfckTd3Z8A]]></document>
		<document><![CDATA[Just back from a surf - here's my morning #markets video from earlier today

#trump #forex #stocks

https://t.co/eca7FMOBhn]]></document>
		<document><![CDATA[@SuperCycleBear Yep. Agree. 
I'm hopeful of a long period of sideways prices moves - but I fear a unit crash and its side effects]]></document>
		<document><![CDATA[The Australian dollar remains trapped in a 75-76 cent range - can it last?

$AUDUSD #forex

https://t.co/AJiIPNED1s]]></document>
		<document><![CDATA[@SuperCycleBear Sure it would - but would they like to buy in the recession a price crash in single dwelling prices would bring?]]></document>
		<document><![CDATA[Weekly Commodities Report - Cocoa approaching major support level by @MilanCutkovic 

https://t.co/gpHREQjV8T]]></document>
		<document><![CDATA[#TRUMP Trumped his own stock rally as #traders react to growing uncertainty: #Markets Wrap

#stocks #forex 
https://t.co/1N5jfBKoNC]]></document>
		<document><![CDATA[The #VIX roared overnight as #Traders worry about president Trump's policies - what's next?
#stocks #markets

https://t.co/xbGXFbrcOr]]></document>
		<document><![CDATA[Trump's Trumped his own stock rally as traders react to growing uncertainty: Early Edition #Markets Wrap

https://t.co/1N5jfBKoNC]]></document>
		<document><![CDATA[Ironic but also perfect timing https://t.co/ymN0JLaNw3]]></document>
		<document><![CDATA[A must read every morning...

#forex #markets #stocks https://t.co/S5iUP2JTWl]]></document>
		<document><![CDATA[Mmmmm...
Why the NAB believes the RBA will continue cutting rates in 2017 | @BIAUS  https://t.co/t51dkuiy6L]]></document>
		<document><![CDATA[@SteveMcQueen62 I believe its Brissy mostly...not sure on Goldy]]></document>
		<document><![CDATA[On Oz apartments https://t.co/CAt7ORexDA]]></document>
		<document><![CDATA[EU Open - Cautious sentiment in Asia | @axitrader by @MilanCutkovic

#forex #Markets

https://t.co/kBVEGPcuka]]></document>
		<document><![CDATA[LORD!

Lets hope this doesn't flow into single family homes...no reason it should though. https://t.co/Dut1XbMfes]]></document>
		<document><![CDATA[CHARTS: Australian #stocks are getting hammered - what's next?

#AUSBIZ $AUDUSD 

https://t.co/rZE33Zc3RB]]></document>
		<document><![CDATA[Yes Germany the big winner really in the EU project - especially with a euro way weaker than the DMark would be https://t.co/D31r6BUc8B]]></document>
		<document><![CDATA[@TTCSteve @SenJohnMcCain @LindseyGrahamSC @POTUS 
Fair enough - but I'll take the US over the empires of the ancient or modern world any day]]></document>
		<document><![CDATA[@TTCSteve @SenJohnMcCain @LindseyGrahamSC @POTUS 
One other thing - I have great faith this administration will ultimately be very very good]]></document>
		<document><![CDATA[@TTCSteve @SenJohnMcCain @LindseyGrahamSC @POTUS A historical perspective compared to what their power could have wrought - so different]]></document>
		<document><![CDATA[The world is going passive - might be time for a volatility expanison

#markets https://t.co/AH6z477m3i]]></document>
		<document><![CDATA[@TTCSteve @SenJohnMcCain @LindseyGrahamSC @POTUS 
US Empire, if I can call it that, is the most benign in history 
Hoping it stays that way.]]></document>
		<document><![CDATA[Disagree - history says resistance to dumb policies early is better than something more forceful later...POTUS has… https://t.co/KOGKf2KT4x]]></document>
		<document><![CDATA[From this morning's daily look at the Australian dollar

Spec accounts going long $AUDUSD

https://t.co/oW0pAOlxKH https://t.co/oEzBXuo8Xl]]></document>
		<document><![CDATA[A wonderful speech as well... https://t.co/bNehDAi5C9]]></document>
		<document><![CDATA[Agree - it's not just the #Fed that could raise rates in 2017 https://t.co/GR48vWksPz]]></document>
		<document><![CDATA[Indeed - #forex traders backed off 115 in $USDJPY this morning as USD under a little pressure https://t.co/EqmrL6IxF1]]></document>
		<document><![CDATA[Given Oz stance on boats hard to criticise #trump without irony - but this is good https://t.co/u93JnFPZWB via @BrookingsInst]]></document>
		<document><![CDATA[My #Markets Morning video for today with a look at the week ahead In #forex  and other markets @AxiTrader  https://t.co/VpOfVnMrqq]]></document>
		<document><![CDATA[My #markets Video for today will be up shortly https://t.co/o36jPPE5fQ]]></document>
		<document><![CDATA[Last day before School - so taking the family for Breaky

Here's a link to my post so far on  #markets #forex… https://t.co/mrOoJZfGtp]]></document>
		<document><![CDATA[CHARTS: #CrudeOil remains vulnerable as speculators increase longs to a new record high

#markets

https://t.co/DHwTBpofib]]></document>
		<document><![CDATA[@BreakfastNews saying that the UK has won an exemption to the US travel ban for its dual citizens

#trump]]></document>
		<document><![CDATA[The Australian dollar found support above 75 cents again - but it remains hostage to the US dollar

$AUDUSD #forex

https://t.co/oW0pAOlxKH]]></document>
		<document><![CDATA[@Colgo Was just reading that - amazing]]></document>
		<document><![CDATA[US GDP misses, stocks calm and the Mexican peso rallies: #Markets Wrap

But, what a week ahead...

#forex #TRUMP

https://t.co/JdxlwrRupL]]></document>
		<document><![CDATA[@harryb2009 @WSJ kind of my point - My little one never sees the news, I don't know where she got that from - other than radio snippets]]></document>
		<document><![CDATA[This is scary #Trump anti-media rants might be working.

In response to @WSJ notification on phone - Miss 11 "is it real or JUST THE MEDIA"]]></document>
		<document><![CDATA[And there it is - strong dollar a drag on US growth as net exports drag 1.7% in Q4 US GDP BIA @Reuters #forex  https://t.co/2QvpEFhk14]]></document>
		<document><![CDATA[That's me for the week - late arvo surf with Mr 14 

But if ever there is a #markets close that screams - US will d… https://t.co/djT0MO6k4i]]></document>
		<document><![CDATA[Truly bi-directional, always a chance to buy and sell. 

Easily my favourite asset class to trade. https://t.co/CdT2JT5Wmj]]></document>
		<document><![CDATA[I did for a while as well until prompted by spell check :S https://t.co/3n6oVxluPT]]></document>
		<document><![CDATA[Agree 100%...

But #traders can also benefit from just the first three words 

"Drop your ego"... https://t.co/OYPPTbpZGV]]></document>
		<document><![CDATA[As @NatalieMacTV and I discussed this morning...# ASX has tested overhead resistance. But can't break yet 

5712, 1… https://t.co/MYW53HqKm0]]></document>
		<document><![CDATA[Not the bankers???

Surely Taleb must be mistaken :) https://t.co/pcVCTX2OQk]]></document>
		<document><![CDATA[No #markets video today as my production day is on leave]]></document>
		<document><![CDATA[Post so far today for #traders; 

#gold  https://t.co/Kfiy7gaZHN

$AUDUSD  https://t.co/mIbIOtSZJb

#markets wrap… https://t.co/3TRkuizrnp]]></document>
		<document><![CDATA[The Australian dollar remains under pressure as traders await US GDP data

$AUDUSD #forex 

https://t.co/mIbIOtSZJb]]></document>
		<document><![CDATA[#Dow holds above 20,000 as bonds, and the US dollar rise: Market Wrap

#markets #stocks #forex 

https://t.co/V4ci6ekouL]]></document>
		<document><![CDATA[#Gold has fallen back into the support zone - what's next?

#markets #forex 

https://t.co/Kfiy7gaZHN]]></document>
		<document><![CDATA[Theory and practice are often different - we've hollowed out our manufacturing so its service exports, education, a… https://t.co/ImwxaZ1lfH]]></document>
		<document><![CDATA[@evrika123 @AxiTrader I strongly believe price moves flow from aggregate demand - so I agree with you on what this could mean]]></document>
		<document><![CDATA[Goodness - at My favourite surf spot
The moment a grommet faces up to a great white | @PortExaminer  https://t.co/vLS592UBQE]]></document>
	</documents>
</author>