<author lang="en">
	<documents>
		<document><![CDATA[Awwww bless him lol https://t.co/KcfEryaIQD]]></document>
		<document><![CDATA[@lizcampbell41 @WashTimes &gt; Exactly. How long can this go on for?????]]></document>
		<document><![CDATA[Majority of fatal attacks on U.S. soil carried out by white supremacists, not terrorists https://t.co/NoInXuzoNM]]></document>
		<document><![CDATA[But the idiots who believe everything they read won't bother checking validity. That's because they're idiots. https://t.co/quD7sgn7ff]]></document>
		<document><![CDATA[Shocking. What a sad world. https://t.co/OkhSkh4rxC]]></document>
		<document><![CDATA[12 people followed me and 10 people unfollowed me // automatically checked by https://t.co/MkHXugKT63]]></document>
		<document><![CDATA[Demand safety of White Helmet rescue worker abducted during Aleppo evacuation https://t.co/2AhMiQFEBE]]></document>
		<document><![CDATA[@shazxraz &gt; Very true. We need time. New manager. New players. We'll get there. 👍]]></document>
		<document><![CDATA[@shazxraz &gt; Not this week then....]]></document>
		<document><![CDATA[@shazxraz &gt; especially at the moment.  Hope we can get our act together soon. Fans are getting impatient. Feel for the manager....😢]]></document>
		<document><![CDATA[@shazxraz &gt; same here!! Fingers crossed we don't get shown up !!!!]]></document>
		<document><![CDATA[I can't believe this is happening. So much for Never Again. Worrying times for us all. https://t.co/IqgBQGvBWI]]></document>
		<document><![CDATA[@allyc375 &gt; awww bless her wee face lol xxx]]></document>
		<document><![CDATA[@LouAuldYin @foodanddrinksco &gt; hahaha was  always the outsider in my family.... 😂]]></document>
		<document><![CDATA[France enacts ban on unlimited soda drinks https://t.co/YzQO4sFMm5]]></document>
		<document><![CDATA[Used to LOVE this bread !! Especially the "outsiders" 😋 https://t.co/jBMUJBiqet]]></document>
		<document><![CDATA[Ahhhh memories of days gone by.......Love this song. https://t.co/mH2VAXbNbK]]></document>
		<document><![CDATA[Had a lovely evening at the Campbell's household celebrating the engagement of my dear son Dean Taylor to the... https://t.co/NN70S4bALD]]></document>
		<document><![CDATA[Watching Trump's speech.....🙈]]></document>
		<document><![CDATA[Enjoyed my haggis tonight 😋]]></document>
		<document><![CDATA[Haircut today]]></document>
		<document><![CDATA[Love this ! https://t.co/sT9up7eZpn]]></document>
		<document><![CDATA[Just heard my boy is engaged to the lovely Laura Campbell !! So happy !!! Alex Campbell Richard Campbell Kate Miller]]></document>
		<document><![CDATA[Brings back memories. Dean Taylor Mark Taylor https://t.co/afpGsc0zUb]]></document>
		<document><![CDATA[12 people followed me and 2 people unfollowed me // automatically checked by https://t.co/MkHXugKT63]]></document>
		<document><![CDATA[Great news. https://t.co/rupPnbqZIo]]></document>
		<document><![CDATA[Oh dear 🙈 https://t.co/DaQSyLObsR]]></document>
		<document><![CDATA[Thoughts and prayers for Hull's Ryan Mason who is seriously ill in hospital with fractured skull after sickening... https://t.co/GrnCtKIoEF]]></document>
		<document><![CDATA[@Footy_Community @shazxraz &gt; omg no....could see it was serious. Hope he's ok 😢]]></document>
		<document><![CDATA[Terrible play by Packers!]]></document>
		<document><![CDATA[Worth a watch. Adorable. https://t.co/G1sGTzQYj4]]></document>
		<document><![CDATA[Michelle's face at inauguration 'barometer for most of America's feelings' https://t.co/db48mY9knz]]></document>
		<document><![CDATA[😂@qvcuk &gt; Don't see why! https://t.co/Tn8haS0Oln]]></document>
		<document><![CDATA[@MichelleObama &gt; You will be greatly missed. Enjoy your well-earned rest.]]></document>
		<document><![CDATA[@BarackObama &gt; You will be greatly missed. Worryingly times ahead for our world. Enjoy your time with your lovely family.]]></document>
		<document><![CDATA[@nbcwashington @andy_demaine &gt; we don't need this please!! Vote him out next time.]]></document>
		<document><![CDATA[@KayBurley @m99928042 &gt; You been on the Bombay Sapphire Kay??? #inaugural  😝]]></document>
		<document><![CDATA[Blimey ! That speech by Trump ! 🙈]]></document>
		<document><![CDATA[@KayBurley @EmilyDeekerSky &gt; well done Kay. Not sure how you don't laugh sometimes 🙈  Enjoying a Bombay Sapphire as I text. Safe trip home]]></document>
		<document><![CDATA[@Cat_Headley &gt; A speech that will be remembered for the wrong reason. I found that embarrassing. 🙈]]></document>
		<document><![CDATA[@Kennyf1283 @Cat_Headley &gt; hahaha exactly! Thank God he's stopped lol 😂]]></document>
		<document><![CDATA[@Kennyf1283 @Cat_Headley &gt; is this real or am I having a nightmare??]]></document>
		<document><![CDATA[@Kennyf1283 @Cat_Headley &gt; this is getting embarrassing]]></document>
		<document><![CDATA[@Kennyf1283 @Cat_Headley &gt;  This is even worse than I expected. Worrying times for us all.]]></document>
		<document><![CDATA[16 people followed me and 10 people unfollowed me // automatically checked by https://t.co/MkHXugKT63]]></document>
		<document><![CDATA[How many followers do you get weekly? 36 awesome new followers for me! Grow with https://t.co/q8w5P2RnVJ]]></document>
		<document><![CDATA[Brilliant Trump impersonator on This Morning lol 😂]]></document>
		<document><![CDATA[@lankelangley &gt; they certainly don't look after their staff.]]></document>
		<document><![CDATA[@AP &gt; Why oh why 😡]]></document>
		<document><![CDATA[Mental health issue? https://t.co/ODaxT9NnMp]]></document>
		<document><![CDATA[96 per cent of hospitals have nurse shortages, official figures show https://t.co/NdDSGqQ1tU]]></document>
		<document><![CDATA[That's me! https://t.co/SDdjDb94cd]]></document>
		<document><![CDATA[Hospital wards 'left with dangerously low numbers of nurses' https://t.co/RZyIrEYU1v]]></document>
		<document><![CDATA[Reminder set for Sky News @ 3pm. A must watch. #Trump 45th President of the United States of America. 🙈 https://t.co/ieAGKnJmun]]></document>
		<document><![CDATA[Hahaha this is brilliant 🤣 https://t.co/ZJlXuN0NZ2]]></document>
		<document><![CDATA[Djokovic out of Australian Open !!!]]></document>
		<document><![CDATA[Silver / Gray Platinum are Trendy Colors For Next Fall ! What a FANTASTIC colors! Which color is you https://t.co/bk4j6L4BJy]]></document>
		<document><![CDATA[“My experience of Sepsis” - speech by Lord Ashcroft - Lord Ashcroft https://t.co/P5u7Dzf5kl]]></document>
		<document><![CDATA[NFL ‘could host a game at Murrayfield’ https://t.co/x1C3C6bctb]]></document>
		<document><![CDATA[8 people followed me and 5 people unfollowed me // automatically checked by https://t.co/MkHXugKT63]]></document>
		<document><![CDATA[Several dead after shooting at Mexico music festival https://t.co/3x4YIRfc1k]]></document>
		<document><![CDATA[watching Green Bay Packers vs Dallas Cowboys]]></document>
		<document><![CDATA[GOAL Liverpool!!!!]]></document>
		<document><![CDATA[Can't wait...Go Packers! https://t.co/ChHH91Th0v]]></document>
		<document><![CDATA[Wow Everton 4 Man City 0 .....Hope Liverpool can repeat !!]]></document>
		<document><![CDATA[GOAL !! Everton 1 Man City 0]]></document>
		<document><![CDATA[Love this!! https://t.co/oEgKe9h7BN]]></document>
		<document><![CDATA[9 people followed me and 7 people unfollowed me // automatically checked by https://t.co/MkHXugKT63]]></document>
		<document><![CDATA[@heartsfc74 @jambodaveyk &gt; aww that's a shame]]></document>
		<document><![CDATA[How cute is this wee darling ?? https://t.co/h41mqsfHVD]]></document>
		<document><![CDATA[How many followers do you get weekly? 28 awesome new followers for me! Grow with https://t.co/q8w5P2RnVJ]]></document>
		<document><![CDATA[@VAylingukip1 @ScotsUnionist &gt; Blimey....some nasty comments on here...]]></document>
		<document><![CDATA[BBC2's Hospital shows NHS in crisis as doctors forced to choose whether to save cancer patient or OAP bleeding to... https://t.co/Xgt1YLNSO7]]></document>
		<document><![CDATA[Snowing lightly here now. Surely this isn't the snowstorm we warned about! Worse to come???]]></document>
		<document><![CDATA[@wendyannes &gt; that is certainly a possibility!!!]]></document>
		<document><![CDATA[What have Americans done?????? — feeling concerned]]></document>
		<document><![CDATA[‘Care work is tough. We should not be paying minimum wages’ https://t.co/7ZEKNhQCc8]]></document>
		<document><![CDATA[Gritting team ‘working through the night’ as winter weather approaches https://t.co/cEWTAb3Xdu]]></document>
		<document><![CDATA[10 people followed me and 12 people unfollowed me // automatically checked by https://t.co/MkHXugKT63]]></document>
		<document><![CDATA[All this talk of "Fake News" Why not just call it "Lies"?? That's what it is. LIES. Put out there on Social Media by liars.]]></document>
		<document><![CDATA[Love watching this x https://t.co/VG5hfX5Vsf]]></document>
		<document><![CDATA[The good old days. It always seems so much happier ! https://t.co/fc89oWjycg]]></document>
		<document><![CDATA[@bbceastenders @RealScottMaslen &gt; great acting again this week Scott.]]></document>
		<document><![CDATA[@edinburghpaper &gt; That's disgraceful. Come down hard on them.]]></document>
		<document><![CDATA[Packers top Giants, 38-13, in wild-card round https://t.co/EejVrggoCC]]></document>
		<document><![CDATA[watching New York Giants vs Green Bay Packers]]></document>
		<document><![CDATA[@GeorgeFoulkes &gt; Love New Zealand!]]></document>
		<document><![CDATA[Always got up for this one. #EdinburghDiscos yeah!!! https://t.co/LJAIMwqQXq]]></document>
		<document><![CDATA[12 people followed me and 17 people unfollowed me // automatically checked by https://t.co/MkHXugKT63]]></document>
		<document><![CDATA[Shhhh! We are short staffed and it’s a big secret! https://t.co/IIGqoekKla]]></document>
		<document><![CDATA[Watching Andy Murray]]></document>
		<document><![CDATA[One of my favourites lol https://t.co/eOW9QCdg3R]]></document>
		<document><![CDATA[@emmydib &gt; that's wonderful x]]></document>
		<document><![CDATA[Fort Lauderdale airport shooting leaves 'multiple people dead' says sheriff https://t.co/Ra6ZrmLPrN]]></document>
		<document><![CDATA[My old friend #Bupa https://t.co/Atia09GDyf]]></document>
		<document><![CDATA[32 new unfollowers and 39 new followers (hello! hello!) in the last week. Via https://t.co/q8w5P2RnVJ]]></document>
		<document><![CDATA[@CNN &gt; shocking this can happen.]]></document>
		<document><![CDATA[@paulinroyton @RealScottMaslen &gt; So sad tonight. Great acting Scott. 😢]]></document>
		<document><![CDATA[For sure 😊 https://t.co/frzU08A5h0]]></document>
		<document><![CDATA[@Gillian_Philip &gt; very creepy]]></document>
	</documents>
</author>