<author lang="en">
	<documents>
		<document><![CDATA[@PatternsNGames somehow the first one didn't work https://t.co/6WnqMcnO2x]]></document>
		<document><![CDATA[EGT and Cancer #Sciparty https://t.co/YbSk7DUMq8]]></document>
		<document><![CDATA[Repeated games #sciparty https://t.co/DKYDIlMIjx]]></document>
		<document><![CDATA[⚡️ “Evolutionary Game Theory” #Sciparty

https://t.co/TfCvGAubRD]]></document>
		<document><![CDATA[@SciParty #sciparty yes of course I think that falls under Reputation]]></document>
		<document><![CDATA[@SciParty #sciparty complexity is in all systems. Modelling tries to simplify it in order to understand something]]></document>
		<document><![CDATA[@SciParty #sciparty, sometimes ex.  if you are fllwing the rules &amp; someone else doesn't this will tempt you but the punishment may stop you]]></document>
		<document><![CDATA[@birdnirdfoley #sciparty other ways that have been found to increase cooperation are punishment, rewards and reputation]]></document>
		<document><![CDATA[@birdnirdfoley #sciparty exactly. Repeated games have a different outcome than one shot games]]></document>
		<document><![CDATA[@SciParty @snouraini #sciparty now this is true if the prisoners will never meet again, but the game changes when you can repeat it]]></document>
		<document><![CDATA[@SciParty @snouraini #sciparty the mathematics that show what is the best strategy don't consider feelings...but defection for one time PD]]></document>
		<document><![CDATA[@snouraini #sciparty direct examples such outcomes in  public goods is over fishing]]></document>
		<document><![CDATA[@snouraini #sciparty for instance PD it is best to defect and tell on your partner. The "tragedy of the commons" is the fact we will overuse]]></document>
		<document><![CDATA[How can cooperation evolve?  how is cooperation  maintained? Eg. Repeated interactions: we re-encounter the same people, other?
 #sciparty]]></document>
		<document><![CDATA[“Problem of Cooperation”, most games initially analysed showed that it is best to have a non-cooperative behavior …… https://t.co/QeRJVEpprm]]></document>
		<document><![CDATA[@snouraini @SciParty #sciparty mutation is definetly something EGT wants to capture, but also exploration and that evolution needs chance]]></document>
		<document><![CDATA[@SciParty #Sciparty this is observed in both experiments and models]]></document>
		<document><![CDATA[@SciParty #sciparty or these studies they assume we know when disaster will strike and individuals will use a "wait and see" strategy]]></document>
		<document><![CDATA[@SciParty #sciparty evolutionary game theory uses stochastic models ...i would say big there]]></document>
		<document><![CDATA[#sciparty Collective-risk Gms are used to model Climate Change (Milinski PNAS-008, Santos &amp; Pacheco PNAS-2011, Abou… https://t.co/bMCRs7AFc2]]></document>
		<document><![CDATA[@JERutter #sciparty. Just meant it was used even in observational studies. But the math is important of course]]></document>
		<document><![CDATA[@JERutter #sciparty well now a days mathematicians collaborate with biologist so you have a study with both]]></document>
		<document><![CDATA[@snouraini #sciparty called a  payoff Matrix, a , b , c, d are the values a player given they play one action versus the other]]></document>
		<document><![CDATA[@SciParty #sciParty just to explain more conflict means that you have to try to play a strategy opposite to your opponent]]></document>
		<document><![CDATA[@JERutter #sciparty behaviour biologist don't use math but will describe some of the behaviours using game theory]]></document>
		<document><![CDATA[@SciParty #Sciparty PD is used in police setting to get the prisoners to talk. Here cooperation is when they don't talk to the police]]></document>
		<document><![CDATA[@SciParty #sciparty HawK Dove, chicken or snowdrift is a conflict game.]]></document>
		<document><![CDATA[@SciParty #sciparty before I answer, Prisoners dilemma and Public Good Games, Hawk Dove are the most frequently use… https://t.co/Ry2g3Ej47I]]></document>
		<document><![CDATA[I don't know about this https://t.co/88HegMZ9L2]]></document>
		<document><![CDATA[@snouraini #Sciparty some of interest to you may be Nature Climate Change,  have a few Collective-Risk Games,  models and experiments]]></document>
		<document><![CDATA[@snouraini #sciparty behavioural economics journals, nature, pnas, JTB, science, evolution., ecology..many many more]]></document>
		<document><![CDATA[@snouraini #sciparty well I can't say we know everything about using games, but there are research labs dedicated for this, its a big area]]></document>
		<document><![CDATA[Others are Cuckoo birds that exhibit 
Mafia behaviour (my fav) https://t.co/nRq7tyd4du
10.1038/srep04251 #sciparty]]></document>
		<document><![CDATA[@snouraini #Sciparty more like we are using a game that can apply to human behaviour and microbial systems]]></document>
		<document><![CDATA[@snouraini Public Good Games are used to explain the way microbes interact #Sciparty]]></document>
		<document><![CDATA[Game theory was first designed to explore human strategic behavior, now its applied on other systems (eg microbial)… https://t.co/NmFDxhKrhU]]></document>
		<document><![CDATA[@iamscicomm @EvSci4All @DrKarenRing for those I used autodesk sketchbook motion]]></document>
		<document><![CDATA[@TDthesciencemom thank you :)]]></document>
		<document><![CDATA[That sucks... https://t.co/ywel08wR3I]]></document>
		<document><![CDATA[Pictures From Women’s Marches on Every Continent https://t.co/TTHsiusQQZ #WomenMarch so proud]]></document>
		<document><![CDATA[@birdnirdfoley @modernecologist @snouraini @ElliannFairbair that is the debate should rich cntry pay more? And how much more?]]></document>
		<document><![CDATA[@drmikeographer yup behavior experiments by Milinski et al 2008 PNAS and othr show grim outcome for contributions towards climate mitigation]]></document>
		<document><![CDATA[@birdnirdfoley @modernecologist @snouraini @ElliannFairbair #Sciparty in terms of economics expensive material can hurt a developing country]]></document>
		<document><![CDATA[@snouraini #Sciparty false]]></document>
		<document><![CDATA[@snouraini @drmikeographer #Sciparty 1 problem is uncertainty. Hard to tell individuals details when we don't know how severe, where or when]]></document>
		<document><![CDATA[@snouraini @YaleClimateComm #Sciparty  I think this is Morton America I think it changes based on location and rich vs poor nation]]></document>
		<document><![CDATA[@snouraini do you mean like if it exists or not?]]></document>
		<document><![CDATA[Scientist! I'm a Scientist USA https://t.co/rmEXDFwtv0 Needs you-Genomic Zone-March 6th-17th.  It is a great free initiative for students]]></document>
		<document><![CDATA[Come join us today @DonnellyCentre @MbD_UofT @CCRM_ca @OIRMnews #stemcells
https://t.co/Sg6CufhzrN]]></document>
		<document><![CDATA[Come join us today #organoid #stemcells @MbD_UofT @DonnellyCentre  https://t.co/atN0drb5gy

#sketchnotes last meeti… https://t.co/xe8ecqnHEr]]></document>
		<document><![CDATA[This one has #motion @autodesk #motionGraphics @AbouChacraM #sketchjanuary https://t.co/DL1x9YhOXA]]></document>
		<document><![CDATA[Happy Birthday my baby girl! @AbouChacraM #sketchjanuary @autodesk @SketchBookPro #motionGraphics https://t.co/YikGmMrgHh]]></document>
		<document><![CDATA[@MbD_UofT @OIRMnews @CCRM_ca thank you for a great symposium:)]]></document>
		<document><![CDATA[Molly Shoichet #medbydesign #UofT #stemcells @MbD_UofT @CCRM_ca @OIRMnews https://t.co/yEadPKwvK9]]></document>
		<document><![CDATA[@TheJenMoody thanks😀]]></document>
		<document><![CDATA[Thanks for a great #OIRMWorkshop #scicomm @OIRMnews @IvanSemeniuk @CCRM_ca @MbD_UofT]]></document>
		<document><![CDATA[#scicomm #OIRMWorkshop https://t.co/LcB6kbILxM]]></document>
		<document><![CDATA[#scicomm #OIRMWorkshop https://t.co/FFTPXs5QQ9]]></document>
		<document><![CDATA[#scicomm #OIRMworkshop https://t.co/sqVu4MyrmN]]></document>
		<document><![CDATA[@CCRM_ca @jnslma thanks!]]></document>
		<document><![CDATA[#scicomm #OIRMworkshop Joe Sornberger https://t.co/ZzTyDkFAHQ]]></document>
		<document><![CDATA[#OIRMworkshop #scicomm first talk https://t.co/OO8NDoAKLu]]></document>
		<document><![CDATA[Looking forward to this today! https://t.co/XaAKy07RNw]]></document>
		<document><![CDATA[@EvolSci @ICMS_Edinburgh @ara_anderson yup I think his work and ideas are great-"on growth and form"-my phd and current work are Thompsonian]]></document>
		<document><![CDATA[Great first Organoid discussion group meeting see summary notes. @MbD_UofT @DonnellyCentre #organoid #stemcells https://t.co/LJWvERPgsV]]></document>
		<document><![CDATA[Don't forget today our first Organoid meeting! Free Lunch included!!
@MbD_UofT https://t.co/GNN2nH7E0J]]></document>
		<document><![CDATA[This is a nice list:
Scientific Research Funding: 10 Grant Application Sources Worth Your Time | JoVE Blog https://t.co/UyYHx319MV]]></document>
		<document><![CDATA[Great Idea to create a women expert database...https://t.co/xxaNI4vLsM.  https://t.co/Pgyf606cQD]]></document>
		<document><![CDATA[⚡ Girl power wins 10 medals for Canada

https://t.co/MygHrZE7k1]]></document>
		<document><![CDATA[@canadaposthelps i just had the most condescending and rude supervisor and she closed our ticket without helping us and hanging up on me!!!]]></document>
		<document><![CDATA[@canadaposthelps I am missing a package from Germany it was miss delivered and the certificate shows some strangers signature.]]></document>
		<document><![CDATA[Farmer or mafia parasite?? @maxplanckpress @EvolTheoArne english version: https://t.co/M77HuXIIZ6 #EvolTheoPloen]]></document>
		<document><![CDATA[Our paper is out Mafia and farmer parasites!!! #EvolTheoPloen @royalsociety 
https://t.co/qy11KEoT4w]]></document>
		<document><![CDATA[@workshop_BRITE #brite2016 thank you! https://t.co/uPG4kL2gRh]]></document>
		<document><![CDATA[Theory-theory @workshop_BRITE #brite2016 https://t.co/ooOOfRPL0b]]></document>
		<document><![CDATA[This is not fair! I hope it stays https://t.co/oQ9iceMuoS]]></document>
		<document><![CDATA[We start a new say with Arjan de Visser @workshop_BRITE #brite2016 https://t.co/HG7dqdG7mK]]></document>
		<document><![CDATA[We start our afternoon session with @annaliisalaine ..always a great talk! @workshop_BRITE #brite2016 https://t.co/9f61Q4Mhol]]></document>
		<document><![CDATA[@thijsjanzen whiteboard presentations #brite2016 @workshop_BRITE https://t.co/4nH3vI2znS]]></document>
		<document><![CDATA[@pjboynton #brite2016 @workshop_BRITE whiteboard presentation https://t.co/YeDEetPdUE]]></document>
		<document><![CDATA[First white board presentation https://t.co/4k4tbi9J6M]]></document>
		<document><![CDATA[Such a wonderful group of scientists @workshop_BRITE #brite2016 https://t.co/YrDR2b1Q0s]]></document>
		<document><![CDATA[Joachim Krug now presenting a great talk on fitness landscape and epistasis @workshop_BRITE #brite2016 https://t.co/4UgsNhEbgo]]></document>
		<document><![CDATA[Great Talk on evolving communities by Thomas Bell @workshop_BRITE #brite2016 https://t.co/ODA72fDDkb]]></document>
		<document><![CDATA[Thomas Bell up next @workshop_BRITE #brite2016 https://t.co/LURNJXUKwk]]></document>
		<document><![CDATA[@workshop_BRITE #brite2016 @EvolTheoArne opens up with a great talk setting the stage for our workshop https://t.co/WPncEqBTJf]]></document>
		<document><![CDATA[1wk 4 #brite2016  http//web.evolbio.mpg.de/brite looking forward to seeing everyone there! @ellieevolves @annaliisalaine @StuAuld @GokhaleCS]]></document>
		<document><![CDATA[Ecoevolutionary feedback promotes Red Queen dynamics and selects for se.... https://t.co/7iDyInxQ20 https://t.co/koQwZ5sxA7]]></document>
		<document><![CDATA[Our paper!! Ecoevolutionary feedback promotes Red Queen dynamics and selects for se.... https://t.co/7iDyInxQ20 https://t.co/koQwZ5sxA7]]></document>
		<document><![CDATA[@aindap it is a church. In a place called ehden, lebanon]]></document>
		<document><![CDATA[My dad is the Architect of this magnificent beauty. . https://t.co/XgXfJwIhHC]]></document>
		<document><![CDATA[@WHaerty thank u :)]]></document>
		<document><![CDATA[Our paper is out !!!!!!!
https://t.co/tH0prPIAPG]]></document>
		<document><![CDATA[It was a nice talk https://t.co/PzXNZAslN4]]></document>
		<document><![CDATA[@gamesevolving thanks i fixed it]]></document>
		<document><![CDATA[@gamesevolving thanks]]></document>
		<document><![CDATA[@duffy_ma @annaliisalaine  you are welcome to join us :)]]></document>
		<document><![CDATA[Let's talk and work together! Workshop: Bridging theory &amp; experiments.  Max Planck in Plön April 18-22. https://t.co/WjxUY3dXaI #brite2016]]></document>
		<document><![CDATA[Although I experience this yearly..I am still disappointed  that a parcel costs me $50 from gemany but $200 from canada @canadapostcorp]]></document>
		<document><![CDATA[@duffy_ma affects: look at the nouns. neither nor does not act like an and. Both of your nouns are singular so your verb should be as well]]></document>
	</documents>
</author>