<author lang="en">
	<documents>
		<document><![CDATA[@EoinKeane101 It's just comedy.]]></document>
		<document><![CDATA[Bill Burr on Conan last night, always good value https://t.co/A45CLivdI7]]></document>
		<document><![CDATA[@AlanLoughnane1 Cutting down from 4 spoons will be tough. I'll be there for support.]]></document>
		<document><![CDATA[@limerickcitybiz Hey, I work for JOE.ie. When and where was this photo taken? Do you mind if I use it for an article? Full credit to you.]]></document>
		<document><![CDATA[Mexicans crossing the US border, compassionate and kind people https://t.co/7ZOuUnaiE0]]></document>
		<document><![CDATA[The Data That Turned the World Upside Down https://t.co/91uRr75Vav via @motherboard]]></document>
		<document><![CDATA[My old school is in the news, this is very funny tbf https://t.co/p962JYwG0h]]></document>
		<document><![CDATA[A comedy genius https://t.co/uWieJI5GX4]]></document>
		<document><![CDATA[#NowPlaying Agnes by Glass Animals ♫ https://t.co/EaEv0cmAxX]]></document>
		<document><![CDATA[#Help What's a good site to stream Game of Thrones? Asking for a friend 👀]]></document>
		<document><![CDATA[Always liked Casey Affleck but this https://t.co/IQLjDPUUFv]]></document>
		<document><![CDATA[Can you name every player to score 50 goals or more in Premier League history? I got 55/93 https://t.co/ltxWgZ17xf via @po_st]]></document>
		<document><![CDATA[Oh no he didn't... https://t.co/Ylrz5NxUVL]]></document>
		<document><![CDATA[@incogellen 'Lost In the Light' by Bahamas]]></document>
		<document><![CDATA[The perfect Facebook post. Read the bottom line first, then the top https://t.co/OHIIHEVybQ]]></document>
		<document><![CDATA[@unakavanagh You're clearly a social butterfly, Una.]]></document>
		<document><![CDATA[@Annacurtin2010 Same. It's so great.]]></document>
		<document><![CDATA[I'm late to the party, but how good is Sing Street 👏🏻🇮🇪🎥]]></document>
		<document><![CDATA[Student: "I'm looking for a guy called Childers, the 4th president of Ireland, y'know him?

Historian: "That depends, who's Erskine?"

🤜🏼🤛🏼🤗]]></document>
		<document><![CDATA[@ThisisiRadio Yeah, no problem. Just make sure to embed the tweet in the piece 👌🏻]]></document>
		<document><![CDATA[A real #OnlyInIreland in this week's Kerry's Eye https://t.co/vvgD1mboT6]]></document>
		<document><![CDATA[@J_ontherocks I already want to watch it again and I've just finished it. Watch it tomorrow.]]></document>
		<document><![CDATA[@kathymckenna it's brilliant. You'll laugh loudly a lot.]]></document>
		<document><![CDATA[@Evanis Where was the photo taken from?]]></document>
		<document><![CDATA[Hunt for the Wilderpeople on #Netflix is one of the funniest films I've seen in ages. Those Kiwis know how to do comedy 👏🏻📺]]></document>
		<document><![CDATA[Ruth Negga on Jimmy Kimmel, she seems sound https://t.co/zxGziMziux]]></document>
		<document><![CDATA[@edsongsofpraise I actually laughed out loud at that #lol]]></document>
		<document><![CDATA[Can somebody tell me if this enough to finish him? #DonaldTrump]]></document>
		<document><![CDATA["What is my crime, having meallll, a succulent Chinese meallllll???" https://t.co/QVziqQHYp6]]></document>
		<document><![CDATA[Bill Burr's Solution To Environmental Problems  - CONAN on TBS 😂😂 https://t.co/12q3kkJsGl]]></document>
		<document><![CDATA[Where in Ireland is this? 🤔 https://t.co/jcaVa6gSXo]]></document>
		<document><![CDATA[@Choccus80 Cheers Shane, happy new year. I'll see you above during the year.]]></document>
		<document><![CDATA[Well done to the journalist here, totally uncalled behaviour from Guardiola https://t.co/J6R22v4gkt]]></document>
		<document><![CDATA[@unakavanagh Same. It's impossible to fight it.]]></document>
		<document><![CDATA[Just finished #StrangerThings 👏🏻👏🏻👏🏻]]></document>
		<document><![CDATA[@magicgoeshere Huge praise, Cat. I'm absolutely loving it. That means interaction with the real world will be delayed another day. Oh well.]]></document>
		<document><![CDATA[@Zizzyob That was their famous slogan, very specific, but hey, look where we are now.]]></document>
		<document><![CDATA[@Zizzyob Orrrrrr, the MilkTray man is real and his GPS isn't working properly.]]></document>
		<document><![CDATA[Five episodes into #StrangerThings, I am scared of the walls in my house now. Correction, the walls in everyone's houses.]]></document>
		<document><![CDATA[The #WildAtlanticWay @ Causeway, Kerry, Ireland https://t.co/AFVwPQRxiJ]]></document>
		<document><![CDATA[@tokeeffe9 I went the opposite direction, the best part was driving from the mountains to Medellin so maybe fly 🤔]]></document>
		<document><![CDATA[@tokeeffe9 what's the trip?]]></document>
		<document><![CDATA[@Haganator underside of the bar makes it how many % better? https://t.co/FkOWxYC0Dz]]></document>
		<document><![CDATA[@tokeeffe9 Bus, you'll see more of the country. Especially enjoyed the buses in Colombia.]]></document>
		<document><![CDATA[@aoifeisainmdom_ No way. Random. Their communication is the woods cracked me up. Quality.]]></document>
		<document><![CDATA[Sunset in Ballybunion ♥🇮🇪 @ Ballybunion Beach https://t.co/RuA3MOBX1Z]]></document>
		<document><![CDATA[The Lobster is so weird but I loved it. It's on Netflix if you haven't seen it yet 🦐📽🎞]]></document>
		<document><![CDATA[@katedemolder From fear of falling to a violent death or because of its majestic beauty?]]></document>
		<document><![CDATA[@katedemolder Yeah I did stuff for JOE during summer but looking at compiling that and more on my own bloggeroo. Come to Kerry btw, it's 😮]]></document>
		<document><![CDATA[@robwallace9 Not far off either, Rob. I met Sean the other night, he says you're flying it over. Great to hear!]]></document>
		<document><![CDATA[@Diarmuid_G Cheers Diarmuid, good to be back. I hope you're well sir.]]></document>
		<document><![CDATA[Kerry though ⛰💚💛🌍 https://t.co/KgkQAeVYcU]]></document>
		<document><![CDATA[Clashmealcon, Causeway this morning https://t.co/FKMIzuJvyt]]></document>
		<document><![CDATA[Wow. The oasis town of Huacachina in the middle of the desert in central Peru 🇵🇪🌎🏜 @ Oasis… https://t.co/lyiMvPWS2o]]></document>
		<document><![CDATA[@stephenf1987 Afraid not as I was tight on time. Next visit 😀]]></document>
		<document><![CDATA[PIC: Machu Picchu. The perfect way to end the trip of a lifetime 🇵🇪⛰♥️🌎 @ Machu Pichu, Cuzco, Perú https://t.co/1Oiuj5wu7W]]></document>
		<document><![CDATA[My most listened to song in 2016 ➡️ The Sun II by Snakadaktal ♫ https://t.co/yM7TIkrfmn]]></document>
		<document><![CDATA[On track for Machu Picchu 🇵🇪👣⛰🚂 @ Inca Trail https://t.co/AHB4iRgq1Q]]></document>
		<document><![CDATA[PICS: What I've been up to in Bolivia 🇧🇴 in the last few weeks #Travel https://t.co/RsPurYdHWR]]></document>
		<document><![CDATA[PIC: Sunrise on Cactus Island in the middle of the Uyuni Salt Flats in Bolivia, an unforgettable… https://t.co/llPOULtF7k]]></document>
		<document><![CDATA[Incredible McGregor. Silently screaming in a Bolivian hostel right now #ufc205 https://t.co/LI2VvKuqvR]]></document>
		<document><![CDATA[@EoinKeane101 I think you have, but thanks anyway]]></document>
		<document><![CDATA[Before the Flood - Full Movie | National Geographic https://t.co/Lspg9Nk9Xf]]></document>
		<document><![CDATA[12,000 kilometres from Ireland on Chiloe island, but it's like being on the Wild Atlantic Way #Travel 🇨🇱🇮🇪 https://t.co/2Ewtk4jXyi]]></document>
		<document><![CDATA[@gavinjames I went hitch hiking in Chile today and the girl that picked us up was playing the @MarkMcCabeIE remix of Nervous. Gas 🇮🇪🇨🇱]]></document>
		<document><![CDATA[Great times in Pucón, Chile 🇨🇱 #Travel https://t.co/QpTlnzyEGp]]></document>
		<document><![CDATA[@Embrz In a hostel in Chile right now and your music just came on in the bar, Chileans loving it 🇨🇱👌🏻]]></document>
		<document><![CDATA[Wine, football, biking, meat and good people in Mendoza 🇦🇷 over the last few days #Travel https://t.co/yhpBqS1n4Q]]></document>
		<document><![CDATA[#NowPlaying Brazil by Declan McKenna ♫ https://t.co/wCJd5cfiDE]]></document>
		<document><![CDATA[The most German town in the middle of Argentina, Villa General Belgrano ♥️🇦🇷🇩🇪#Travel https://t.co/KgOMq6nYaL]]></document>
		<document><![CDATA[Standing outside Che Guevara's childhood home in Alta Gracia in Argentina today https://t.co/IE65F18b2k]]></document>
		<document><![CDATA[Finding it hard to leave Buenos Aires, amazing city ♥️🇦🇷 #Travel https://t.co/YVQtEFhiJG]]></document>
		<document><![CDATA[@Eve3185 I was there on Monday, Eve. It's so cool.]]></document>
		<document><![CDATA[Steak, wine, football, architecture, tango, friendly people, great parties and much more. Buenos Aires is absolutel… https://t.co/JQPY1CgfqP]]></document>
		<document><![CDATA[@DavesAdvocate @EoinLanders1 I read back over the @Friendofhouse timeline last night. Halcyon days.]]></document>
		<document><![CDATA[A cover of Torn by @JamesTWmusic 🙇🏻 https://t.co/Ku3PSKgcC6]]></document>
		<document><![CDATA[A beaut of a day in Buenos Aires ♥️🇦🇷 #Travel https://t.co/PXtxQQYFEG]]></document>
		<document><![CDATA[Amazing to see two sides of Iguazu Falls in the last 24 hours 🇧🇷🇦🇷 #Travel https://t.co/vXIWrlfRXT]]></document>
		<document><![CDATA[@Diarmuid_G It's a beaut of a spot. We should have recreated it when you were here. You're more of a Pharrell I'd say.]]></document>
		<document><![CDATA[@CameraLensLand iPhone 6. Yeah it's been great, Ilha Grande is a nice break from the city though.]]></document>
		<document><![CDATA[The mansion in Parque Lage where Snoop Dogg and @Pharrell shot the video for Beautiful. You can see Christ way up t… https://t.co/yDijBClYMC]]></document>
		<document><![CDATA[Mary Mack Stand-Up 09/14/16  - CONAN on TBS 👏🏻👏🏻😂😂 https://t.co/V6Ula7uhwN]]></document>
		<document><![CDATA[@KateFloMurphy Ah no way, she's such a star. And from Cork like.]]></document>
		<document><![CDATA[@FacesPics Chairface https://t.co/unlBJFHATy]]></document>
		<document><![CDATA[Ireland's #SILVER medalist Niamh McCarthy is the most positive person you'll met #Paralympics #Rio2016 https://t.co/wztJFj16bG]]></document>
		<document><![CDATA[Look at this man hand-cycling with one arm in the 1500m final. Incredible #Paralympics https://t.co/6BrxcCWszw]]></document>
		<document><![CDATA[@FionaRedFM @WeldonKieran @Emma_Brosnan Best of luck Brozzie!]]></document>
		<document><![CDATA[A link to my video piece with @PJEaglesham who competes for #TeamIreland in the #Paralympics today #PhilsBeard https://t.co/eziPDvW9TU]]></document>
		<document><![CDATA[The Brazilian winner of the 100m in floods of tears as the national anthem plays in the stadium. A lovely moment ❤️ https://t.co/nU3TX9OrZJ]]></document>
		<document><![CDATA[#PatHickey  https://t.co/h7cOJi1HBm]]></document>
		<document><![CDATA[A really nice quote from Jason Smyth after he won Gold in Rio today #Paralympics  #Rio2016  @smyth_jason https://t.co/cAmnvEophB]]></document>
		<document><![CDATA[AUDIO: Listen to Jason Smyth speaking in Rio after that impressive display tonight #Paralympics #TeamIreland https://t.co/s2vqIKMsn2]]></document>
		<document><![CDATA[This is where Jason Smyth runs in less than an hour #Paralympics #Rio2016 https://t.co/2FNxbXZLQc]]></document>
		<document><![CDATA[@me_stafford Cheers Mikey. A great low ball into The Rock in that video btw.]]></document>
		<document><![CDATA[I shot and edited this on an iPhone 6, I'm really happy with the way it turned out #Mojo  https://t.co/jq9S99w6Oe]]></document>
		<document><![CDATA[The velodrome in Rio is looking well ahead of the start of the #Paralympics tomorrow https://t.co/5DSRXkonXY]]></document>
		<document><![CDATA[Weird story https://t.co/qaTOOYOtAy]]></document>
		<document><![CDATA[#NowPlaying Half Asleep by School Of Seven Bells ♫ https://t.co/LDdfleyNfX]]></document>
		<document><![CDATA[#NowPlaying Floating Vibes by Surfer Blood ♫ https://t.co/NJFr9Qf9i7]]></document>
		<document><![CDATA[#NowPlaying Generator - Second Floor by Freelance Whales ♫ https://t.co/1Hn0MymSOj]]></document>
	</documents>
</author>